YEAR,LEGAL_NAME,ICAO,ICAO_COUNTRY_NAME,TRAFFIC,OUT_OF_BUSINESS
2025,MIL UKRAINE,39*,UKRAINE,1,NO
2019,ABELAG AVIATION NV,AAB,BELGIUM,3086,NO
2023,ABELAG AVIATION NV,AAB,BELGIUM,3052,NO
2025,ABELAG AVIATION NV,AAB,BELGIUM,3046,NO
2024,ABELAG AVIATION NV,AAB,BELGIUM,2885,NO
2025,MIL UK ARMY,AAC,UNITED KINGDOM,21,NO
2023,MIL UK ARMY,AAC,UNITED KINGDOM,6,NO
2024,MIL UK ARMY,AAC,UNITED KINGDOM,6,NO
2019,FLY AMBASSADOR LTD,AAD,UNITED KINGDOM,49,NO
2025,AIR ATLANTA  (AAE).,AAE,MALTA,1154,NO
2024,AIR ATLANTA  (AAE).,AAE,MALTA,70,NO
2023,AIR ATLANTA  (AAE).,AAE,MALTA,12,NO
2019,AIGLE AZUR,AAF,FRANCE,10523,NO
2024,ARMENIAN AIRLINES,AAG,ARMENIA,1593,NO
2023,ARMENIAN AIRLINES,AAG,ARMENIA,1457,NO
2025,ARMENIAN AIRLINES,AAG,ARMENIA,537,NO
2024,AMERICAN AIRLINES,AAL,USA,78083,NO
2025,AMERICAN AIRLINES,AAL,USA,77923,NO
2023,AMERICAN AIRLINES,AAL,USA,69640,NO
2019,AMERICAN AIRLINES,AAL,USA,50575,NO
2019,AIM AIR S.R.L.,AAM,MOLDOVA,2,NO
2023,AIM AIR S.R.L.,AAM,MOLDOVA,2,NO
2025,CTR ATMOSPHERICA AVIATION A.S.,AAN,CZECH REPUBLIC,941,NO
2024,CTR ATMOSPHERICA AVIATION A.S.,AAN,CZECH REPUBLIC,27,NO
2023,CTR ATMOSPHERICA AVIATION A.S.,AAN,CZECH REPUBLIC,7,NO
2025,ALPHA AVIATION LK,AAO,CZECH REPUBLIC,2724,NO
2024,ALPHA AVIATION LK,AAO,CZECH REPUBLIC,1296,NO
2023,ALPHA AVIATION LK,AAO,CZECH REPUBLIC,75,NO
2024,ASIANA AIRLINES,AAR,KOREA,8352,NO
2023,ASIANA AIRLINES,AAR,KOREA,7808,NO
2025,ASIANA AIRLINES,AAR,KOREA,6696,NO
2019,ASIANA AIRLINES,AAR,KOREA,6210,NO
2019,AFRIQIYAH AIRWAYS,AAW,LIBYA,1729,NO
2023,AFRIQIYAH AIRWAYS,AAW,LIBYA,1224,NO
2024,AFRIQIYAH AIRWAYS,AAW,LIBYA,986,NO
2025,AFRIQIYAH AIRWAYS,AAW,LIBYA,406,NO
2019,AERO-BETA GMBH,ABA,GERMANY,1345,NO
2025,AERO-BETA GMBH,ABA,GERMANY,661,NO
2024,AERO-BETA GMBH,ABA,GERMANY,541,NO
2023,AERO-BETA GMBH,ABA,GERMANY,471,NO
2023,AIR BELGIUM SA,ABB,BELGIUM,1380,YES
2024,AIR BELGIUM S.A.,ABB,BELGIUM,1128,YES
2025,AIR BELGIUM  S.A.,ABB,BELGIUM,691,NO
2019,AIR BELGIUM SA,ABB,BELGIUM,142,YES
2024,AIR ATLANTA ICELANDIC,ABD,ICELAND,3701,NO
2025,AIR ATLANTA ICELANDIC,ABD,ICELAND,3697,NO
2023,AIR ATLANTA ICELANDIC,ABD,ICELAND,2931,NO
2019,AIR ATLANTA ICELANDIC,ABD,ICELAND,1332,NO
2025,SCANWINGS OY,ABF,FINLAND,2115,NO
2024,SCANWINGS OY,ABF,FINLAND,1986,NO
2023,SCANWINGS OY,ABF,FINLAND,1685,NO
2019,SCANWINGS OY,ABF,FINLAND,1332,NO
2019,ROYAL FLIGHT,ABG,RUSSIAN FEDERATION,6703,NO
2025,AIRBUS CANADA LIMITED PARTNERSHIP,ABK,CANADA,27,NO
2023,AIR BUSAN,ABL,KOREA,343,NO
2025,AIR BUSAN,ABL,KOREA,209,NO
2024,AIR BUSAN,ABL,KOREA,42,NO
2019,MIL MOLDOVA,ABM,MOLDOVA,1,NO
2023,AIR ALBANIA,ABN,ALBANIA,4782,YES
2024,AIR ALBANIA,ABN,ALBANIA,3209,YES
2025,AIR ALBANIA,ABN,ALBANIA,3143,YES
2019,AIR ALBANIA,ABN,ALBANIA,1325,YES
2025,ABS JETS INC.,ABP,CZECH REPUBLIC,3004,NO
2024,ABS JETS INC.,ABP,CZECH REPUBLIC,2956,NO
2023,ABS JETS INC.,ABP,CZECH REPUBLIC,2408,NO
2019,ABS JETS INC.,ABP,CZECH REPUBLIC,1997,NO
2023,AIRBLUE LTD,ABQ,PAKISTAN,44,NO
2019,AIRBLUE LTD,ABQ,PAKISTAN,42,NO
2024,AIRBLUE LTD,ABQ,PAKISTAN,36,NO
2025,AIRBLUE LTD,ABQ,PAKISTAN,18,NO
2019,ASL AIRLINES (IRELAND) LIMITED,ABR,IRELAND,13077,NO
2023,ASL AIRLINES (IRELAND) LIMITED,ABR,IRELAND,11187,NO
2024,ASL AIRLINES (IRELAND) LIMITED,ABR,IRELAND,9172,NO
2025,ASL AIRLINES (IRELAND) LIMITED,ABR,IRELAND,8326,NO
2024,AFRIJET BUSINESS SERVICE,ABS,GABON,22,NO
2025,AFRIJET BUSINESS SERVICE,ABS,GABON,17,NO
2023,AFRIJET BUSINESS SERVICE,ABS,GABON,6,NO
2024,ASL AIRLINES UK LTD,ABV,UNITED KINGDOM,1625,NO
2025,ASL AIRLINES UK LTD,ABV,UNITED KINGDOM,1507,NO
2023,ASL AIRLINES UK LTD,ABV,UNITED KINGDOM,1279,NO
2019,AIRBRIDGECARGO AIRLINES LLC,ABW,RUSSIAN FEDERATION,6365,NO
2023,AIRBORNE EXPRESS,ABX,USA,446,NO
2019,AIRBORNE EXPRESS,ABX,USA,90,NO
2024,AIRBORNE EXPRESS,ABX,USA,21,NO
2025,AIRBORNE EXPRESS,ABX,USA,6,NO
2025,AIR ARABIA,ABY,UNITED ARAB EMIRATES,9786,NO
2019,AIR ARABIA,ABY,UNITED ARAB EMIRATES,7227,NO
2024,AIR ARABIA,ABY,UNITED ARAB EMIRATES,6397,NO
2023,AIR ARABIA,ABY,UNITED ARAB EMIRATES,5756,NO
2025,AIR CANADA,ACA,CANADA,34194,NO
2023,AIR CANADA,ACA,CANADA,33980,NO
2024,AIR CANADA,ACA,CANADA,32983,NO
2019,AIR CANADA,ACA,CANADA,25576,NO
2025,AIRCALIN,ACI,FRANCE,874,NO
2024,AIRCALIN,ACI,FRANCE,620,NO
2023,AIRCALIN,ACI,FRANCE,514,NO
2019,AIRCALIN,ACI,FRANCE,9,NO
2023,AIR CORPORATE FRANCE,ACJ,FRANCE,2,NO
2019,ASTRAL AVIATION LTD,ACP,KENYA,987,NO
2023,ASTRAL AVIATION LTD,ACP,KENYA,773,NO
2025,ASTRAL AVIATION LTD,ACP,KENYA,44,NO
2024,ASTRAL AVIATION LTD,ACP,KENYA,43,NO
2024,AEROCENTER ESCUELA,ACR,SPAIN,56,NO
2019,AEROCENTER ESCUELA,ACR,SPAIN,55,NO
2025,AEROCENTER ESCUELA,ACR,SPAIN,40,NO
2023,AEROCENTER ESCUELA,ACR,SPAIN,37,NO
2023,FLY ARNA,ACY,ARMENIA,2629,NO
2024,FLY ARNA,ACY,ARMENIA,46,NO
2019,STATE ENTERPRISE ANTONOV DESIGN BUREAU,ADB,UKRAINE,1247,NO
2023,STATE ENTERPRISE ANTONOV DESIGN BUREAU,ADB,UKRAINE,1204,NO
2024,STATE ENTERPRISE ANTONOV DESIGN BUREAU,ADB,UKRAINE,1041,NO
2025,STATE ENTERPRISE ANTONOV DESIGN BUREAU,ADB,UKRAINE,1020,NO
2025,AERODYNAMICS,ADL,UNITED KINGDOM,9,NO
2019,AERODYNAMICS,ADL,UNITED KINGDOM,4,NO
2023,AIR DREAM COLLEGE,ADM,PORTUGAL,2,NO
2024,AIR DREAM COLLEGE,ADM,PORTUGAL,2,NO
2025,AIR DREAM COLLEGE,ADM,PORTUGAL,2,NO
2019,AERODIENST,ADN,GERMANY,3324,NO
2023,AERODIENST,ADN,GERMANY,2584,NO
2024,AERODIENST,ADN,GERMANY,2511,NO
2025,AERODIENST,ADN,GERMANY,2104,NO
2019,ADRIA AIRWAYS,ADR,SLOVENIA,13871,YES
2025,ANDERSON AIR LTD.,ADS,CANADA,679,NO
2023,ANDERSON AIR LTD.,ADS,CANADA,489,NO
2024,ANDERSON AIR LTD.,ADS,CANADA,347,NO
2025,ADVANCED FLIGHT TRG,ADV,UNITED KINGDOM,18,NO
2023,ADVANCED FLIGHT TRG,ADV,UNITED KINGDOM,6,NO
2024,ADVANCED FLIGHT TRG,ADV,UNITED KINGDOM,4,NO
2019,ADVANCED FLIGHT TRG,ADV,UNITED KINGDOM,2,NO
2025,AIR ARABIA ABU DHABI,ADY,UNITED ARAB EMIRATES,2144,NO
2024,AIR ARABIA ABU DHABI,ADY,UNITED ARAB EMIRATES,1397,NO
2023,AIR ARABIA ABU DHABI,ADY,UNITED ARAB EMIRATES,1353,NO
2024,COMPASS CARGO AIRLINES LTD,ADZ,BULGARIA,548,NO
2019,COMPASS CARGO AIRLINES LTD,ADZ,BULGARIA,317,NO
2025,COMPASS CARGO AIRLINES LTD,ADZ,BULGARIA,183,NO
2023,COMPASS CARGO AIRLINES LTD,ADZ,BULGARIA,132,NO
2019,AIR EUROPA,AEA,SPAIN,104953,NO
2025,AIR EUROPA,AEA,SPAIN,69254,NO
2024,AIR EUROPA,AEA,SPAIN,68355,NO
2023,AIR EUROPA,AEA,SPAIN,67822,NO
2023,AIRBUS DEFENCE-SPACE,AED,SPAIN,97,NO
2019,AIRBUS DEFENCE-SPACE,AED,SPAIN,67,NO
2025,AIRBUS DEFENCE-SPACE,AED,SPAIN,63,NO
2024,AIRBUS DEFENCE-SPACE,AED,SPAIN,47,NO
2025,AEGEAN AIRLINES,AEE,GREECE,118946,NO
2024,AEGEAN AIRLINES,AEE,GREECE,112715,NO
2023,AEGEAN AIRLINES,AEE,GREECE,95223,NO
2019,AEGEAN AIRLINES,AEE,GREECE,54357,NO
2019,AIREST,AEG,ESTONIA,2703,NO
2024,AIREST,AEG,ESTONIA,2392,NO
2023,AIREST,AEG,ESTONIA,1877,NO
2025,AIREST,AEG,ESTONIA,1810,NO
2025,AERO 4 M D.O.O.,AEH,SLOVENIA,1464,NO
2019,AERO 4 M D.O.O.,AEH,SLOVENIA,1312,NO
2023,AERO 4 M D.O.O.,AEH,SLOVENIA,1263,NO
2024,AERO 4 M D.O.O.,AEH,SLOVENIA,1004,NO
2023,AEROTEC ESCUELA,AEP,SPAIN,602,NO
2024,AEROTEC ESCUELA,AEP,SPAIN,472,NO
2019,AEROTEC ESCUELA,AEP,SPAIN,460,NO
2025,AEROTEC ESCUELA,AEP,SPAIN,419,NO
2019,GEMSTONE AVIATION,AER,UNITED KINGDOM,53,NO
2019,ATLANTIS EUROPEAN,AEU,ARMENIA,31,NO
2025,AEGEAN EXECUTIVE S.A.,AEW,GREECE,410,NO
2024,AEGEAN EXECUTIVE S.A.,AEW,GREECE,352,NO
2023,AEGEAN EXECUTIVE S.A.,AEW,GREECE,228,NO
2025,AEROITALIA S.P.A.,AEZ,ITALY,25010,NO
2024,AEROITALIA S.P.A.,AEZ,ITALY,21953,NO
2023,AEROITALIA S.P.A.,AEZ,ITALY,12757,NO
2023,PODELENIE 24 900,AFB,BULGARIA,1202,NO
2025,PODELENIE 24 900,AFB,BULGARIA,1017,NO
2019,PODELENIE 24 900,AFB,BULGARIA,1010,NO
2024,PODELENIE 24 900,AFB,BULGARIA,827,NO
2023,AF - AVIATION LTD,AFF,UNITED KINGDOM,15,NO
2024,AF - AVIATION LTD,AFF,UNITED KINGDOM,10,NO
2025,AF - AVIATION LTD,AFF,UNITED KINGDOM,4,NO
2025,ARIANA AFGHAN AL,AFG,AFGHANISTAN,570,NO
2023,ARIANA AFGHAN AL,AFG,AFGHANISTAN,532,NO
2024,ARIANA AFGHAN AL,AFG,AFGHANISTAN,447,NO
2019,ARIANA AFGHAN AL,AFG,AFGHANISTAN,400,NO
2019,AEROFLOT - RUSSIAN AIRLINES,AFL,RUSSIAN FEDERATION,121598,NO
2025,AEROFLOT - RUSSIAN AIRLINES,AFL,RUSSIAN FEDERATION,29574,NO
2023,AEROFLOT - RUSSIAN AIRLINES,AFL,RUSSIAN FEDERATION,29335,NO
2024,AEROFLOT - RUSSIAN AIRLINES,AFL,RUSSIAN FEDERATION,28986,NO
2024,AEROSPEED 2,AFM,FRANCE,404,NO
2025,AEROSPEED 2,AFM,FRANCE,401,NO
2025,MIL PORTUGAL,AFP,PORTUGAL,626,NO
2024,MIL PORTUGAL,AFP,PORTUGAL,613,NO
2019,MIL PORTUGAL,AFP,PORTUGAL,575,NO
2023,MIL PORTUGAL,AFP,PORTUGAL,536,NO
2019,AIR FRANCE,AFR,FRANCE,351779,NO
2025,AIR FRANCE,AFR,FRANCE,288344,NO
2023,AIR FRANCE,AFR,FRANCE,285193,NO
2024,AIR FRANCE,AFR,FRANCE,280773,NO
2025,ATLANTIC FLIGHT TR.,AFZ,IRELAND,451,NO
2024,ATLANTIC FLIGHT TR.,AFZ,IRELAND,104,NO
2023,ATLANTIC FLIGHT TR.,AFZ,IRELAND,52,NO
2019,LEONARDO AIRCRAFT,AFZ,ITALY,31,NO
2025,AERIOS GLOBAL,AGA,SOUTH AFRICA,4,NO
2024,SAS ALTAGNA,AGH,FRANCE,1223,NO
2025,SAS ALTAGNA,AGH,FRANCE,1134,NO
2019,SAS ALTAGNA,AGH,FRANCE,967,NO
2023,SAS ALTAGNA,AGH,FRANCE,945,NO
2023,ASL BV,AGR,NETHERLANDS,1458,NO
2024,ASL BV,AGR,NETHERLANDS,1412,NO
2025,ASL BV,AGR,NETHERLANDS,1378,NO
2025,LEONARDO HELICOPTER,AGU,ITALY,3,NO
2019,AIR GLACIERS,AGV,SWITZERLAND,360,NO
2025,AIRPORT HELICOPTER,AHE,SWITZERLAND,2,NO
2024,AIR HONG KONG,AHK,CHINA (HONG KONG),2039,NO
2023,AIR HONG KONG,AHK,CHINA (HONG KONG),1892,NO
2025,AIR HONG KONG,AHK,CHINA (HONG KONG),1604,NO
2019,AIR HONG KONG,AHK,CHINA (HONG KONG),2,NO
2023,VISTAJET GMBH,AHO,GERMANY,15417,NO
2019,VISTAJET GMBH,AHO,GERMANY,15016,NO
2025,AZERBAIJAN AIRLINES,AHY,AZERBAIJAN,25422,NO
2024,AZERBAIJAN AIRLINES,AHY,AZERBAIJAN,21321,NO
2023,AZERBAIJAN AIRLINES,AHY,AZERBAIJAN,16340,NO
2019,AZERBAIJAN AIRLINES,AHY,AZERBAIJAN,9630,NO
2023,REGOURD AVIATION,AIA,FRANCE,3286,NO
2024,REGOURD AVIATION,AIA,FRANCE,2528,NO
2025,REGOURD AVIATION,AIA,FRANCE,1056,NO
2019,AIRBUS SAS,AIB,FRANCE,3510,NO
2023,AIRBUS SAS,AIB,FRANCE,2758,NO
2024,AIRBUS SAS,AIB,FRANCE,2581,NO
2025,AIRBUS SAS,AIB,FRANCE,2533,NO
2025,AIR INDIA,AIC,INDIA,26549,NO
2024,AIR INDIA,AIC,INDIA,21994,NO
2023,AIR INDIA,AIC,INDIA,18341,NO
2019,AIR INDIA,AIC,INDIA,14762,NO
2024,AIR INUIT LTD,AIE,CANADA,820,NO
2023,AIR INUIT LTD,AIE,CANADA,457,NO
2025,AIRZETA CO.,AIH,KOREA,1133,NO
2019,INTERJET ABC,AIJ,MEXICO,33,NO
2023,THAI AIRASIA LTD,AIQ,THAILAND,7960,NO
2024,THAI AIRASIA LTD,AIQ,THAILAND,5811,NO
2025,THAI AIRASIA LTD,AIQ,THAILAND,4151,NO
2025,ARKIA ISRAEL AL,AIZ,ISRAEL,11474,NO
2024,ARKIA ISRAEL AL,AIZ,ISRAEL,9085,NO
2023,ARKIA ISRAEL AL,AIZ,ISRAEL,5015,NO
2019,ARKIA ISRAEL AL,AIZ,ISRAEL,4933,NO
2025,ASTONJET LIMITED,AJD,MALTA,873,NO
2024,ASTONJET LIMITED,AJD,MALTA,139,NO
2024,ATLANTIC JET FLY,AJF,MOROCCO,1,NO
2025,AMERISTAR JET CHARTR,AJI,USA,5,NO
2019,ALLIED AIR LIMITED,AJK,NIGERIA,234,NO
2023,ALLIED AIR LIMITED,AJK,NIGERIA,16,NO
2025,AV8JET CHARTER LTD.,AJO,MALTA,534,NO
2024,AV8JET CHARTER LTD.,AJO,MALTA,482,NO
2023,AV8JET CHARTER LTD.,AJO,MALTA,257,NO
2023,ANAP BUSINESS JET,AJP,NIGERIA,183,NO
2025,ANAP BUSINESS JET,AJP,NIGERIA,174,NO
2024,ANAP BUSINESS JET,AJP,NIGERIA,67,NO
2025,AMERIJET INTL,AJT,USA,1755,NO
2024,AMERIJET INTL,AJT,USA,1684,NO
2023,AMERIJET INTL,AJT,USA,1341,NO
2019,AMERIJET INTL,AJT,USA,915,NO
2019,AIRJETSUL,AJU,PORTUGAL,579,NO
2023,AIRJETSUL,AJU,PORTUGAL,2,NO
2023,AJWAA AIRLINES,AJY,EGYPT,2,NO
2023,AKASA AIR,AKJ,INDIA,26,NO
2025,AKASA AIR,AKJ,INDIA,16,NO
2024,AKASA AIR,AKJ,INDIA,13,NO
2025,SUNDT AIR MNGT AS,AKK,NORWAY,648,NO
2024,SUNDT AIR MNGT AS,AKK,NORWAY,605,NO
2023,SUNDT AIR MNGT AS,AKK,NORWAY,493,NO
2019,SUNDT AIR MNGT AS,AKK,NORWAY,395,NO
2025,BRADLEY AIR SERVICES LIMITED,AKT,CANADA,12,NO
2025,ALLIANCE EXECUTIVE JETS LTD.,ALE,MALTA,1898,NO
2024,ALLIANCE EXECUTIVE JETS LTD.,ALE,MALTA,1448,NO
2023,ALLIANCE EXECUTIVE JETS LTD.,ALE,MALTA,460,NO
2025,AIRLIFT AS,ALI,NORWAY,549,NO
2023,AIRLIFT AS,ALI,NORWAY,87,NO
2024,AIRLIFT AS,ALI,NORWAY,59,NO
2019,AIRLIFT AS,ALI,NORWAY,17,NO
2025,SRILANKAN AIRLINES,ALK,SRI LANKA,3288,NO
2024,SRILANKAN AIRLINES,ALK,SRI LANKA,2148,NO
2023,SRILANKAN AIRLINES,ALK,SRI LANKA,2122,NO
2019,SRILANKAN AIRLINES,ALK,SRI LANKA,829,NO
2019,ALKAN AIR,ALN,EGYPT,123,NO
2023,ALKAN AIR,ALN,EGYPT,33,NO
2024,ALKAN AIR,ALN,EGYPT,24,NO
2025,ALKAN AIR,ALN,EGYPT,20,NO
2024,ALPI JETS GMBH,ALX,AUSTRIA,546,NO
2023,ALPI JETS GMBH,ALX,AUSTRIA,542,NO
2025,ALPI JETS GMBH,ALX,AUSTRIA,211,NO
2023,MOALEM AVIATION,AMA,KYRGYZSTAN,28,NO
2025,MOALEM AVIATION,AMA,KYRGYZSTAN,7,NO
2025,DRF STIFTUNG,AMB,GERMANY,1257,NO
2024,DRF STIFTUNG,AMB,GERMANY,1004,NO
2023,DRF STIFTUNG,AMB,GERMANY,891,NO
2019,DRF STIFTUNG,AMB,GERMANY,557,NO
2019,AIR MALTA,AMC,MALTA,17381,YES
2023,AIR MALTA,AMC,MALTA,13709,YES
2024,AIR MALTA,AMC,MALTA,2833,YES
2023,SECCION ECONOMICO-ADMIN.,AME,SPAIN,2105,NO
2024,SECCION ECONOMICO-ADMIN.,AME,SPAIN,1910,NO
2019,SECCION ECONOMICO-ADMIN.,AME,SPAIN,1896,NO
2025,SECCION ECONOMICO-ADMIN.,AME,SPAIN,1801,NO
2023,AEROSPEED 2,AMF,FRANCE,2697,NO
2023,AMJET EXECUTIVE AVTN,AMJ,GREECE,43,NO
2019,AMJET EXECUTIVE AVTN,AMJ,GREECE,6,NO
2024,AMAC CORPORATE JET AG,AMK,SWITZERLAND,31,NO
2023,AMAC CORPORATE JET AG,AMK,SWITZERLAND,25,NO
2025,AMAC CORPORATE JET AG,AMK,SWITZERLAND,16,NO
2025,AMC AVIATION SP. Z O.O.,AMQ,POLAND,5770,NO
2024,AMC AVIATION SP. Z O.O.,AMQ,POLAND,3879,NO
2019,AMC AVIATION SP. Z O.O.,AMQ,POLAND,2908,NO
2023,AMC AVIATION SP. Z O.O.,AMQ,POLAND,2344,NO
2025,AIR MOUNTAIN COMPAGNIE D'AVIATION SA,AMT,SWITZERLAND,692,NO
2023,AIR MOUNTAIN COMPAGNIE D'AVIATION SA,AMT,SWITZERLAND,623,NO
2024,AIR MOUNTAIN COMPAGNIE D'AVIATION SA,AMT,SWITZERLAND,597,NO
2025,AIR MACAU CO. LTD.,AMU,CHINA (MACAU),1279,NO
2024,AIR MACAU CO. LTD.,AMU,CHINA (MACAU),1192,NO
2023,AIR MACAU CO. LTD.,AMU,CHINA (MACAU),428,NO
2023,AMC AIRLINES,AMV,EGYPT,688,NO
2019,AMC AIRLINES,AMV,EGYPT,687,NO
2024,AMC AIRLINES,AMV,EGYPT,88,NO
2023,ARMENIA AIRWAYS,AMW,ARMENIA,659,NO
2025,ARMENIA AIRWAYS,AMW,ARMENIA,408,NO
2024,ARMENIA AIRWAYS,AMW,ARMENIA,373,NO
2019,ARMENIA AIRWAYS,AMW,ARMENIA,370,NO
2024,AEROVIAS DE MEXICO,AMX,MEXICO,6318,NO
2025,AEROVIAS DE MEXICO,AMX,MEXICO,6263,NO
2023,AEROVIAS DE MEXICO,AMX,MEXICO,5534,NO
2019,AEROVIAS DE MEXICO,AMX,MEXICO,4123,NO
2025,ALL NIPPON AIRWAYS,ANA,JAPAN,11624,NO
2024,ALL NIPPON AIRWAYS,ANA,JAPAN,10007,NO
2023,ALL NIPPON AIRWAYS,ANA,JAPAN,7500,NO
2019,ALL NIPPON AIRWAYS,ANA,JAPAN,5761,NO
2025,AIR NOSTRUM,ANE,SPAIN,89573,NO
2024,AIR NOSTRUM,ANE,SPAIN,83751,NO
2019,AIR NOSTRUM,ANE,SPAIN,80374,NO
2023,AIR NOSTRUM,ANE,SPAIN,75760,NO
2024,AIR NIUGINI,ANG,PAPUA NEW GUINEA,496,NO
2025,AIR NIUGINI,ANG,PAPUA NEW GUINEA,486,NO
2023,AIR NIUGINI,ANG,PAPUA NEW GUINEA,454,NO
2023,AERO NOMAD,ANK,KYRGYZSTAN,28,NO
2024,AERO NOMAD,ANK,KYRGYZSTAN,26,NO
2023,AIR NORTH REGIONAL,ANO,AUSTRALIA,20,NO
2019,AIR NORTH REGIONAL,ANO,AUSTRALIA,15,NO
2019,YANAIR,ANR,UKRAINE,519,NO
2024,YANAIR,ANR,UKRAINE,4,NO
2025,YANAIR,ANR,UKRAINE,4,NO
2025,AIR NEW ZEALAND,ANZ,NEW ZEALAND,1811,NO
2019,AIR NEW ZEALAND,ANZ,NEW ZEALAND,1491,NO
2024,AIR NEW ZEALAND,ANZ,NEW ZEALAND,1385,NO
2023,AIR NEW ZEALAND,ANZ,NEW ZEALAND,1194,NO
2025,AERO VODOCHODY,AOD,CZECH REPUBLIC,29,NO
2024,AERO VODOCHODY,AOD,CZECH REPUBLIC,19,NO
2023,AERO VODOCHODY,AOD,CZECH REPUBLIC,10,NO
2023,AVCON JET AG,AOJ,AUSTRIA,6199,NO
2019,AVCON JET AG,AOJ,AUSTRIA,5903,NO
2024,AVCON JET AG,AOJ,AUSTRIA,5096,NO
2025,AVCON JET AG,AOJ,AUSTRIA,3756,NO
2025,AIR OCEAN MAROC,AOM,MOROCCO,1298,NO
2024,AIR OCEAN MAROC,AOM,MOROCCO,1048,NO
2023,AIR OCEAN MAROC,AOM,MOROCCO,589,NO
2025,AEROS GLOBAL LTD.,AOS,UNITED KINGDOM,698,NO
2023,SUE AIR,AOS,UNITED KINGDOM,563,NO
2024,SUE AIR,AOS,UNITED KINGDOM,266,NO
2025,AIR ATLANTIQUE,APB,FRANCE,1,NO
2024,AMAPOLA FLYG AB,APF,SWEDEN,10298,NO
2025,AMAPOLA FLYG AB,APF,SWEDEN,10272,NO
2023,AMAPOLA FLYG AB,APF,SWEDEN,7809,NO
2019,AMAPOLA FLYG AB,APF,SWEDEN,6713,NO
2025,PEACH AVIATION,APJ,JAPAN,737,NO
2024,PEACH AVIATION,APJ,JAPAN,59,NO
2023,PEACH AVIATION,APJ,JAPAN,3,NO
2025,AIR PEACE LIMITED,APK,NIGERIA,949,NO
2024,AIR PEACE LIMITED,APK,NIGERIA,554,NO
2023,AIR PEACE LIMITED,APK,NIGERIA,207,NO
2019,AIR PEACE LIMITED,APK,NIGERIA,22,NO
2025,SAS AEROSAVOIE,APN,FRANCE,4,NO
2024,ALPAVIA D.O.O.,APP,SLOVENIA,1123,NO
2023,ALPAVIA D.O.O.,APP,SLOVENIA,528,NO
2025,ALPAVIA D.O.O.,APP,SLOVENIA,214,NO
2024,NEWCASTLE AVIATION LTD,APX,UNITED KINGDOM,975,NO
2025,NEWCASTLE AVIATION LTD,APX,UNITED KINGDOM,729,NO
2023,NEWCASTLE AVIATION LTD,APX,UNITED KINGDOM,539,NO
2019,NEWCASTLE AVIATION LTD,APX,UNITED KINGDOM,193,NO
2023,AIR PREMIA,APZ,KOREA,424,NO
2024,AIR PREMIA,APZ,KOREA,166,NO
2025,AIR PREMIA,APZ,KOREA,43,NO
2023,AIRSTREAM A.S.,AQS,CZECH REPUBLIC,788,NO
2019,AIRSTREAM A.S.,AQS,CZECH REPUBLIC,362,NO
2024,AIRSTREAM A.S.,AQS,CZECH REPUBLIC,38,NO
2025,AIRSTREAM A.S.,AQS,CZECH REPUBLIC,35,NO
2019,ARIK AIR LTD,ARA,NIGERIA,4,NO
2019,AEROLINEAS ARGENTINA,ARG,ARGENTINA,1996,NO
2024,AEROLINEAS ARGENTINA,ARG,ARGENTINA,1706,NO
2025,AEROLINEAS ARGENTINA,ARG,ARGENTINA,1533,NO
2023,AEROLINEAS ARGENTINA,ARG,ARGENTINA,1529,NO
2025,AERO LINK AIR SERV.,ARK,SPAIN,679,NO
2023,AERO LINK AIR SERV.,ARK,SPAIN,660,NO
2024,AERO LINK AIR SERV.,ARK,SPAIN,653,NO
2019,AERO LINK AIR SERV.,ARK,SPAIN,295,NO
2023,AIRLEC AIR ESPACE,ARL,FRANCE,1972,NO
2024,AIRLEC AIR ESPACE,ARL,FRANCE,1845,NO
2025,AIRLEC AIR ESPACE,ARL,FRANCE,1688,NO
2019,AIRLEC AIR ESPACE,ARL,FRANCE,1424,NO
2024,AERONEXUS CORPORATE,ARN,MALTA,105,NO
2025,AERONEXUS CORPORATE,ARN,MALTA,92,NO
2023,AERONEXUS CORPORATE,ARN,MALTA,71,NO
2019,AERONEXUS CORPORATE,ARN,MALTA,70,NO
2025,AIR ARMENIA,ARR,ARMENIA,14,NO
2023,SMARTLYNX AIRLINES,ART,LATVIA,1545,YES
2024,SMARTLYNX AIRLINES,ART,LATVIA,1195,YES
2019,SMARTLYNX AIRLINES,ART,LATVIA,700,YES
2025,SMARTLYNX AIRLINES,ART,LATVIA,201,YES
2019,AVIATION TRAINING UD,ARY,ARMENIA,59,NO
2023,AVIATION TRAINING UD,ARY,ARMENIA,53,NO
2019,ALASKA AIRLINES,ASA,USA,6,NO
2025,ALASKA AIRLINES,ASA,USA,3,NO
2019,AIR SINAI,ASD,EGYPT,772,NO
2023,MIL AUSTRIA,ASF,AUSTRIA,221,NO
2025,MIL AUSTRIA,ASF,AUSTRIA,200,NO
2024,MIL AUSTRIA,ASF,AUSTRIA,192,NO
2019,MIL AUSTRIA,ASF,AUSTRIA,134,NO
2023,ASTONJET,ASJ,FRANCE,2351,NO
2019,ASTONJET,ASJ,FRANCE,2306,NO
2024,ASTONJET,ASJ,FRANCE,1909,NO
2025,ASTONJET,ASJ,FRANCE,1340,NO
2025,AIR SERBIA,ASL,SERBIA,49516,NO
2024,AIR SERBIA,ASL,SERBIA,47504,NO
2023,AIR SERBIA,ASL,SERBIA,45603,NO
2019,AIR SERBIA,ASL,SERBIA,33749,NO
2023,FLYAWESOME (PTY) LTD,ASM,SOUTH AFRICA,197,NO
2024,FLYAWESOME (PTY) LTD,ASM,SOUTH AFRICA,79,NO
2019,FLYAWESOME (PTY) LTD,ASM,SOUTH AFRICA,32,NO
2025,AIRSPRINT INC,ASP,CANADA,5687,NO
2023,AIRSPRINT INC,ASP,CANADA,4979,NO
2024,AIRSPRINT INC,ASP,CANADA,4933,NO
2019,AIRSPRINT INC,ASP,CANADA,526,NO
2024,AERO SOTRAVIA,ASR,FRANCE,404,NO
2023,AERO SOTRAVIA,ASR,FRANCE,348,NO
2025,AERO SOTRAVIA,ASR,FRANCE,301,NO
2019,AERO SOTRAVIA,ASR,FRANCE,226,NO
2024,MIL AUSTRALIA,ASY,AUSTRALIA,389,NO
2023,MIL AUSTRALIA,ASY,AUSTRALIA,294,NO
2025,MIL AUSTRALIA,ASY,AUSTRALIA,234,NO
2019,MIL AUSTRALIA,ASY,AUSTRALIA,152,NO
2024,AIR TANZANIA 2,ATC,TANZANIA,99,NO
2023,AIR TANZANIA 2,ATC,TANZANIA,20,NO
2025,AIR TANZANIA 2,ATC,TANZANIA,18,NO
2019,AIR TANZANIA 2,ATC,TANZANIA,7,NO
2023,AEROTRANSCARGO,ATG,MOLDOVA,1430,NO
2019,AEROTRANSCARGO,ATG,MOLDOVA,1257,NO
2024,AEROTRANSCARGO,ATG,MOLDOVA,691,NO
2025,AEROTRANSCARGO,ATG,MOLDOVA,635,NO
2019,ATLAS AIR SERVICE AKTIENGESELLSCHAFT,ATL,GERMANY,2858,NO
2023,ATLAS AIR SERVICE AKTIENGESELLSCHAFT,ATL,GERMANY,2377,NO
2024,ATLAS AIR SERVICE AKTIENGESELLSCHAFT,ATL,GERMANY,1745,NO
2025,ATLAS AIR SERVICE AKTIENGESELLSCHAFT,ATL,GERMANY,775,NO
2024,AIR TRANSPORT INTL 2,ATN,USA,1070,NO
2025,AIR TRANSPORT INTL 2,ATN,USA,989,NO
2023,AIR TRANSPORT INTL 2,ATN,USA,951,NO
2019,AIR TRANSPORT INTL 2,ATN,USA,175,NO
2019,AIRWAYS FLYGUTBILDN.,ATO,SWEDEN,344,NO
2023,AIRWAYS FLYGUTBILDN.,ATO,SWEDEN,25,NO
2025,ATLAS AIR,ATS,IRAN,2,NO
2019,AEROTOURS GMBH,ATU,GERMANY,258,NO
2023,AEROTOURS GMBH,ATU,GERMANY,237,NO
2024,AEROTOURS GMBH,ATU,GERMANY,199,NO
2025,AEROTOURS GMBH,ATU,GERMANY,95,NO
2024,AVANTI AIR GMBH,ATV,GERMANY,1100,NO
2025,AVANTI AIR GMBH,ATV,GERMANY,1070,NO
2023,AVANTI AIR GMBH,ATV,GERMANY,880,NO
2019,AVANTI AIR GMBH,ATV,GERMANY,648,NO
2019,AIR ANTWERP,ATW,BELGIUM,505,YES
2019,AUSTRIAN AIRLINES,AUA,AUSTRIA,140174,NO
2025,AUSTRIAN AIRLINES,AUA,AUSTRIA,124601,NO
2024,AUSTRIAN AIRLINES,AUA,AUSTRIA,119650,NO
2023,AUSTRIAN AIRLINES,AUA,AUSTRIA,113791,NO
2025,PRESIDENTIAL FLT UAE,AUH,UNITED ARAB EMIRATES,682,NO
2019,PRESIDENTIAL FLT UAE,AUH,UNITED ARAB EMIRATES,656,NO
2024,PRESIDENTIAL FLT UAE,AUH,UNITED ARAB EMIRATES,596,NO
2023,PRESIDENTIAL FLT UAE,AUH,UNITED ARAB EMIRATES,587,NO
2019,UKRAINE INTL AIRLINE,AUI,UKRAINE,47491,NO
2024,SMARTAVIA AIRLINES JSC,AUL,RUSSIAN FEDERATION,2905,NO
2019,SMARTAVIA AIRLINES JSC,AUL,RUSSIAN FEDERATION,2353,NO
2025,SMARTAVIA AIRLINES JSC,AUL,RUSSIAN FEDERATION,2225,NO
2023,SMARTAVIA AIRLINES JSC,AUL,RUSSIAN FEDERATION,2202,NO
2025,AURIGNY AIR,AUR,UNITED KINGDOM,14331,NO
2024,AURIGNY AIR,AUR,UNITED KINGDOM,14180,NO
2023,AURIGNY AIR,AUR,UNITED KINGDOM,12409,NO
2019,AURIGNY AIR,AUR,UNITED KINGDOM,10027,NO
2025,FLYONE ASIA,AUV,UZBEKISTAN,21,NO
2025,AVIANCA,AVA,COLOMBIA,6211,NO
2024,AVIANCA,AVA,COLOMBIA,5253,NO
2019,AVIANCA,AVA,COLOMBIA,5181,NO
2023,AVIANCA,AVA,COLOMBIA,4936,NO
2019,AVIA TRAFFIC COMPANY,AVJ,KYRGYZSTAN,337,NO
2025,AVEMEX SA DE CV,AVM,MEXICO,1,NO
2025,TITAN FIREFIGHTING COMPANY SL,AVS,SPAIN,33,NO
2019,TITAN FIREFIGHTING COMPANY SL,AVS,SPAIN,14,NO
2024,TITAN FIREFIGHTING COMPANY SL,AVS,SPAIN,14,NO
2023,TITAN FIREFIGHTING COMPANY SL,AVS,SPAIN,12,NO
2019,TITAN AIRWAYS LTD,AWC,UNITED KINGDOM,4060,NO
2023,TITAN AIRWAYS LTD,AWC,UNITED KINGDOM,2597,NO
2024,TITAN AIRWAYS LTD,AWC,UNITED KINGDOM,2544,NO
2025,TITAN AIRWAYS LTD,AWC,UNITED KINGDOM,1863,NO
2025,ANIMA WINGS AVIATION S.A.,AWG,ROMANIA,6179,NO
2023,ANIMA WINGS AVIATION S.A.,AWG,ROMANIA,1753,NO
2024,ANIMA WINGS AVIATION S.A.,AWG,ROMANIA,985,NO
2025,AEROWEST GMBH,AWH,GERMANY,6435,NO
2024,AEROWEST GMBH,AWH,GERMANY,338,NO
2023,AIRWORK (2),AWK,NEW ZEALAND,51,NO
2024,AIRWORK (2),AWK,NEW ZEALAND,23,NO
2025,AIRWORK (2),AWK,NEW ZEALAND,6,NO
2024,PT INDONESIA AIRASIA,AWQ,INDONESIA,22187,NO
2023,PT INDONESIA AIRASIA,AWQ,INDONESIA,20805,NO
2025,PT INDONESIA AIRASIA,AWQ,INDONESIA,19321,NO
2024,ARAB WINGS,AWS,JORDAN,289,NO
2025,ARAB WINGS,AWS,JORDAN,189,NO
2023,ARAB WINGS,AWS,JORDAN,184,NO
2019,ARAB WINGS,AWS,JORDAN,69,NO
2023,ALBAWINGS,AWT,ALBANIA,3192,YES
2019,ALBAWINGS,AWT,ALBANIA,2760,YES
2024,ALBAWINGS,AWT,ALBANIA,92,YES
2019,SYLTAIR GMBH,AWU,GERMANY,1345,NO
2023,SYLTAIR GMBH,AWU,GERMANY,919,NO
2024,SYLTAIR GMBH,AWU,GERMANY,359,NO
2025,SYLTAIR GMBH,AWU,GERMANY,91,NO
2019,EXO -2T BELGIQUE,AWY,BELGIUM,8,NO
2023,RP AIRCRAFT MNT,AXA,AUSTRIA,267,NO
2024,RP AIRCRAFT MNT,AXA,AUSTRIA,51,NO
2019,RP AIRCRAFT MNT,AXA,AUSTRIA,13,NO
2024,AIR INDIA EXPRESS,AXB,INDIA,3322,NO
2025,AIR INDIA EXPRESS,AXB,INDIA,1869,NO
2023,AIR INDIA EXPRESS,AXB,INDIA,1737,NO
2025,AIREXPLORE LTD.,AXE,SLOVAK REPUBLIC,1500,NO
2024,AIREXPLORE LTD.,AXE,SLOVAK REPUBLIC,1376,NO
2023,AIREXPLORE LTD.,AXE,SLOVAK REPUBLIC,315,NO
2019,AIREXPLORE LTD.,AXE,SLOVAK REPUBLIC,278,NO
2019,"AIR X CHARTER (GERMANY) GMBH & CO , KG",AXG,GERMANY,1857,NO
2025,ALEXJET AIRCRAFT,AXJ,UNITED ARAB EMIRATES,1,NO
2025,KLM EXEL,AXL,NETHERLANDS,428,NO
2023,KLM EXEL,AXL,NETHERLANDS,241,NO
2024,KLM EXEL,AXL,NETHERLANDS,234,NO
2025,AIR ASIA,AXM,MALAYSIA,105982,NO
2024,AIR ASIA,AXM,MALAYSIA,95613,NO
2023,AIR ASIA,AXM,MALAYSIA,80507,NO
2019,AIR ASIA,AXM,MALAYSIA,19,NO
2025,AXIS AVIATION SAN MARINO S.R.L,AXS,SAN MARINO,321,NO
2024,AXIS AVIATION SAN MARINO S.R.L,AXS,SAN MARINO,50,NO
2025,AVA AIRLINES,AXV,IRAN,672,NO
2024,AVA AIRLINES,AXV,IRAN,212,NO
2025,AIR X CHARTER LTD.,AXY,MALTA,6854,NO
2023,AIR X CHARTER LTD.,AXY,MALTA,6314,NO
2024,AIR X CHARTER LTD.,AXY,MALTA,5891,NO
2019,AIR X CHARTER LTD.,AXY,MALTA,3851,NO
2019,ALADIA AIRLINES,AYD,MEXICO,460,NO
2024,ZEMAN FTL,AYJ,GERMANY,203,NO
2023,ZEMAN FTL,AYJ,GERMANY,187,NO
2025,ZEMAN FTL,AYJ,GERMANY,170,NO
2025,FLYARYSTAN,AYN,KAZAKHSTAN,2057,NO
2024,FLYARYSTAN,AYN,KAZAKHSTAN,16,NO
2024,FLT TRAINING EUROPE,AYR,SPAIN,4286,NO
2025,FLT TRAINING EUROPE,AYR,SPAIN,3806,NO
2023,FLT TRAINING EUROPE,AYR,SPAIN,3687,NO
2019,FLT TRAINING EUROPE,AYR,SPAIN,3451,NO
2023,AYIT AVIATION,AYT,ISRAEL,42,NO
2024,AYIT AVIATION,AYT,ISRAEL,21,NO
2025,AYIT AVIATION,AYT,ISRAEL,4,NO
2019,AIR ALLIANCE EXPRESS AG & CO.KG,AYY,GERMANY,2955,NO
2019,ALITALIA S.A.I. SPA ITALY,AZA,ITALY,189316,YES
2023,ALITALIA S.A.I. SPA ITALY,AZA,ITALY,1,YES
2023,ZIMEX AVIATION AUSTRIA AG,AZD,AUSTRIA,4690,YES
2024,ZIMEX AVIATION AUSTRIA AG,AZD,AUSTRIA,3908,YES
2025,ZIMEX AVIATION AUSTRIA AG,AZD,AUSTRIA,3590,YES
2019,ZIMEX AVIATION AUSTRIA AG,AZD,AUSTRIA,258,YES
2019,ARCUS-AIR GMBH&CO.KG,AZE,GERMANY,3525,NO
2024,ARCUS-AIR GMBH&CO.KG,AZE,GERMANY,3499,NO
2023,ARCUS-AIR GMBH&CO.KG,AZE,GERMANY,3107,NO
2025,ARCUS-AIR GMBH&CO.KG,AZE,GERMANY,2011,NO
2024,SILK WAY WEST,AZG,AZERBAIJAN,6600,NO
2025,SILK WAY WEST,AZG,AZERBAIJAN,6502,NO
2023,SILK WAY WEST,AZG,AZERBAIJAN,5580,NO
2019,SILK WAY WEST,AZG,AZERBAIJAN,2949,NO
2025,SILK WAY HELICOPTERS,AZH,AZERBAIJAN,5,NO
2019,ASTRA AIRLINES,AZI,GREECE,5199,YES
2019,AZEE AIR LLP,AZL,KAZAKHSTAN,49,NO
2023,AZMAN AIR,AZM,NIGERIA,3,NO
2025,"JOINT-STOCK COMPANY ""AZIMUTH AIRLINES""",AZO,RUSSIAN FEDERATION,12030,NO
2024,"JOINT-STOCK COMPANY ""AZIMUTH AIRLINES""",AZO,RUSSIAN FEDERATION,11738,NO
2023,"JOINT-STOCK COMPANY ""AZIMUTH AIRLINES""",AZO,RUSSIAN FEDERATION,11730,NO
2019,"JOINT-STOCK COMPANY ""AZIMUTH AIRLINES""",AZO,RUSSIAN FEDERATION,1453,NO
2019,COMPANIA DE AVIACION PARAGUAYA S.A,AZP,PARAGUAY,2,NO
2024,COMPANIA DE AVIACION PARAGUAYA S.A,AZP,PARAGUAY,1,NO
2023,SILK WAY AIRLINES,AZQ,AZERBAIJAN,1457,NO
2025,SILK WAY AIRLINES,AZQ,AZERBAIJAN,749,NO
2019,SILK WAY AIRLINES,AZQ,AZERBAIJAN,719,NO
2024,SILK WAY AIRLINES,AZQ,AZERBAIJAN,713,NO
2025,AVIACON ZITOTRANS,AZS,RUSSIAN FEDERATION,219,NO
2019,AVIACON ZITOTRANS,AZS,RUSSIAN FEDERATION,212,NO
2024,AVIACON ZITOTRANS,AZS,RUSSIAN FEDERATION,138,NO
2023,AVIACON ZITOTRANS,AZS,RUSSIAN FEDERATION,71,NO
2025,AZUL LINHAS AEREAS,AZU,BRAZIL,4548,NO
2024,AZUL LINHAS AEREAS,AZU,BRAZIL,3602,NO
2023,AZUL LINHAS AEREAS,AZU,BRAZIL,3453,NO
2019,AZUL LINHAS AEREAS,AZU,BRAZIL,1669,NO
2024,AZUR AIR LLC,AZV,RUSSIAN FEDERATION,6956,NO
2025,AZUR AIR LLC,AZV,RUSSIAN FEDERATION,6091,NO
2023,AZUR AIR LLC,AZV,RUSSIAN FEDERATION,4556,NO
2024,AIR ZIMBABWE,AZW,ZIMBABWE,4,NO
2023,BAE SYSTEMS OPS CAT,BAE,UNITED KINGDOM,1346,NO
2019,BAE SYSTEMS OPS CAT,BAE,UNITED KINGDOM,1313,NO
2024,BAE SYSTEMS OPS CAT,BAE,UNITED KINGDOM,1245,NO
2019,MIL BELGIUM,BAF,BELGIUM,1816,NO
2024,MIL BELGIUM,BAF,BELGIUM,1670,NO
2023,MIL BELGIUM,BAF,BELGIUM,1621,NO
2025,MIL BELGIUM,BAF,BELGIUM,1572,NO
2025,BIRDBASE AVIATION GMBH,BAG,AUSTRIA,525,NO
2024,BIRDBASE AVIATION GMBH,BAG,AUSTRIA,79,NO
2024,BAHRAIN ROYAL FLIGHT,BAH,BAHRAIN,1049,NO
2023,BAHRAIN ROYAL FLIGHT,BAH,BAHRAIN,971,NO
2025,BAHRAIN ROYAL FLIGHT,BAH,BAHRAIN,912,NO
2019,BAHRAIN ROYAL FLIGHT,BAH,BAHRAIN,829,NO
2019,BRITISH ANTARCTIC,BAN,UNITED KINGDOM,3,NO
2019,BADEN AIRCRAFT OPERATIONS GMBH,BAO,GERMANY,837,NO
2024,ABU DHABI AVIATION,BAR,UNITED ARAB EMIRATES,424,NO
2025,ABU DHABI AVIATION,BAR,UNITED ARAB EMIRATES,404,NO
2023,ABU DHABI AVIATION,BAR,UNITED ARAB EMIRATES,170,NO
2023,BAMBOO AIRWAYS,BAV,VIETNAM,1664,NO
2019,BAMBOO AIRWAYS,BAV,VIETNAM,34,NO
2019,BRITISH AIRWAYS PLC,BAW,UNITED KINGDOM,257171,NO
2025,BRITISH AIRWAYS PLC,BAW,UNITED KINGDOM,216770,NO
2024,BRITISH AIRWAYS PLC,BAW,UNITED KINGDOM,214699,NO
2023,BRITISH AIRWAYS PLC,BAW,UNITED KINGDOM,210459,NO
2019,BRAVO AIRWAYS,BAY,UKRAINE,540,NO
2023,MIL SAUDI (RSF),BAZ,SAUDI ARABIA,24,NO
2024,MIL SAUDI (RSF),BAZ,SAUDI ARABIA,13,NO
2019,MIL SAUDI (RSF),BAZ,SAUDI ARABIA,10,NO
2019,BOMBARDIER CORPORATE,BBA,CANADA,368,NO
2025,BOMBARDIER CORPORATE,BBA,CANADA,143,NO
2024,BOMBARDIER CORPORATE,BBA,CANADA,128,NO
2023,BOMBARDIER CORPORATE,BBA,CANADA,33,NO
2025,BLACKBIRD AIR A/S,BBB,DENMARK,1771,NO
2024,BLACKBIRD AIR A/S,BBB,DENMARK,1233,NO
2023,BLACKBIRD AIR A/S,BBB,DENMARK,451,NO
2019,BLACKBIRD AIR A/S,BBB,DENMARK,226,NO
2025,BANGLADESH BIMAN,BBC,BANGLADESH,3462,NO
2024,BANGLADESH BIMAN,BBC,BANGLADESH,3263,NO
2023,BANGLADESH BIMAN,BBC,BANGLADESH,2681,NO
2019,BANGLADESH BIMAN,BBC,BANGLADESH,628,NO
2023,BLAFUGL EHF,BBD,ICELAND,2711,NO
2019,BLAFUGL EHF,BBD,ICELAND,735,NO
2024,BLAFUGL EHF,BBD,ICELAND,332,NO
2025,BLUE BIRD AIRWAYS,BBG,GREECE,6266,NO
2024,BLUE BIRD AIRWAYS,BBG,GREECE,4330,NO
2023,BLUE BIRD AIRWAYS,BBG,GREECE,3267,NO
2019,BLUE BIRD AIRWAYS,BBG,GREECE,1993,NO
2019,B K AERO KZ,BBK,KAZAKHSTAN,202,NO
2025,IBM FRANCE,BBL,FRANCE,100,NO
2024,IBM FRANCE,BBL,FRANCE,43,NO
2023,IBM FRANCE,BBL,FRANCE,12,NO
2025,BBN HAVA YOLLARI,BBT,TÜRKIYE,541,NO
2024,BBN HAVA YOLLARI,BBT,TÜRKIYE,488,NO
2023,BBN HAVA YOLLARI,BBT,TÜRKIYE,148,NO
2023,BEL AIR AVIATION,BBX,DENMARK,2672,NO
2024,BEL AIR AVIATION,BBX,DENMARK,2526,NO
2025,BEL AIR AVIATION,BBX,DENMARK,2064,NO
2019,BEL AIR AVIATION,BBX,DENMARK,129,NO
2019,B.A.C.H.,BCF,AUSTRIA,6,NO
2024,INST ROYAL SCIENCES,BCG,BELGIUM,9,NO
2019,INST ROYAL SCIENCES,BCG,BELGIUM,8,NO
2025,INST ROYAL SCIENCES,BCG,BELGIUM,7,NO
2023,INST ROYAL SCIENCES,BCG,BELGIUM,6,NO
2023,BLUE ISLANDS LTD,BCI,UNITED KINGDOM,9135,NO
2024,BLUE ISLANDS LTD,BCI,UNITED KINGDOM,8479,NO
2019,BLUE ISLANDS LTD,BCI,UNITED KINGDOM,7652,NO
2025,BLUE ISLANDS LTD,BCI,UNITED KINGDOM,7323,NO
2024,AIRBUS BELUGA TRANSPORT (AIBT),BCO,FRANCE,83,NO
2023,AIRBUS BELUGA TRANSPORT (AIBT),BCO,FRANCE,7,NO
2025,AIRBUS BELUGA TRANSPORT (AIBT),BCO,FRANCE,2,NO
2025,SYBAJET SAN MARINO SRL,BCP,SAN MARINO,245,NO
2024,SYBAJET SAN MARINO SRL,BCP,SAN MARINO,102,NO
2023,EAT LEIPZIG GMBH,BCS,GERMANY,75708,NO
2024,EAT LEIPZIG GMBH,BCS,GERMANY,72255,NO
2025,EAT LEIPZIG GMBH,BCS,GERMANY,66697,NO
2019,EAT LEIPZIG GMBH,BCS,GERMANY,66504,NO
2024,TRANSPORTES INTERILHAS DE CABO VERDE,BCV,CABO VERDE,11,NO
2023,TRANSPORTES INTERILHAS DE CABO VERDE,BCV,CABO VERDE,8,NO
2019,CITYJET,BCY,IRELAND,324,NO
2023,CITYJET LTD,BCY,IRELAND,321,NO
2024,CITYJET LTD,BCY,IRELAND,292,NO
2025,CITYJET DAC,BCY,IRELAND,132,NO
2019,BENAIR A/S,BDI,DENMARK,81,NO
2024,ISRAEL AEROSPACE INDUSTRIES,BDK,ISRAEL,100,NO
2023,ISRAEL AEROSPACE INDUSTRIES,BDK,ISRAEL,45,NO
2019,ISRAEL AEROSPACE INDUSTRIES,BDK,ISRAEL,12,NO
2025,ISRAEL AEROSPACE INDUSTRIES,BDK,ISRAEL,2,NO
2019,BADR AIRLINE,BDR,SUDAN,310,NO
2023,BADR AIRLINE,BDR,SUDAN,188,NO
2025,BADR AIRLINE,BDR,SUDAN,83,NO
2024,BADR AIRLINE,BDR,SUDAN,59,NO
2024,STATE AIR BERKUT,BEC,KAZAKHSTAN,372,NO
2019,STATE AIR BERKUT,BEC,KAZAKHSTAN,370,NO
2023,STATE AIR BERKUT,BEC,KAZAKHSTAN,272,NO
2025,STATE AIR BERKUT,BEC,KAZAKHSTAN,161,NO
2019,FLYBE LTD,BEE,UNITED KINGDOM,134169,NO
2023,FLYBE LTD,BEE,UNITED KINGDOM,1105,NO
2025,SDAVIATION,BEJ,FRANCE,553,NO
2019,BEK AIR,BEK,KAZAKHSTAN,18,NO
2019,BRUSSELS AIRLINES,BEL,BELGIUM,85114,NO
2025,BRUSSELS AIRLINES,BEL,BELGIUM,71399,NO
2023,BRUSSELS AIRLINES,BEL,BELGIUM,65847,NO
2024,BRUSSELS AIRLINES,BEL,BELGIUM,64474,NO
2024,SECURITE CIVILE LF,BEN,FRANCE,1,NO
2025,FLY AIR41 AIRWAYS D.O.O.,BER,CROATIA,20,NO
2024,FLY AIR41 AIRWAYS D.O.O.,BER,CROATIA,9,NO
2023,FLY AIR41 AIRWAYS D.O.O.,BER,CROATIA,4,NO
2024,BEES AIRLINES SRL,BES,ROMANIA,1488,NO
2019,BESTFLY,BEY,SPAIN,1,NO
2025,KINGFISHER AIR SERVICES,BEZ,USA,3557,NO
2024,KINGFISHER AIR SERVICES,BEZ,USA,2442,NO
2023,KINGFISHER AIR SERVICES,BEZ,USA,1464,NO
2019,VOL PRESIDENTIEL,BFA,BURKINA FASO,12,NO
2019,BERTELSMANN AG,BFD,GERMANY,548,NO
2023,BERTELSMANN AG,BFD,GERMANY,501,NO
2024,BERTELSMANN AG,BFD,GERMANY,411,NO
2025,BERTELSMANN AG,BFD,GERMANY,340,NO
2023,AIR NUNAVUT LTD,BFF,CANADA,997,NO
2024,AIR NUNAVUT LTD,BFF,CANADA,992,NO
2025,AIR NUNAVUT LTD,BFF,CANADA,901,NO
2019,AIR NUNAVUT LTD,BFF,CANADA,461,NO
2019,BRIGHT FLIGHT LTD,BFG,BULGARIA,18,NO
2025,OTHER USER APPLIED TO FLIGHTS BELOW 2 TONNES,BFS,BELGIUM,1378,NO
2025,FLY AWAY GMBH,BFX,GERMANY,803,NO
2024,FLY AWAY GMBH,BFX,GERMANY,730,NO
2023,FLY AWAY GMBH,BFX,GERMANY,463,NO
2019,AIB CONSULT GMBH,BFX,GERMANY,346,NO
2025,BEST FLY WORLDWIDE,BFY,NETHERLANDS,750,NO
2024,BEST FLY WORLDWIDE,BFY,NETHERLANDS,702,NO
2023,BEST FLY WORLDWIDE,BFY,NETHERLANDS,483,NO
2019,BEST FLY WORLDWIDE,BFY,NETHERLANDS,445,NO
2019,AIRBUS TRANSPORT,BGA,FRANCE,4196,NO
2025,AIRBUS TRANSPORT,BGA,FRANCE,3339,NO
2024,AIRBUS TRANSPORT,BGA,FRANCE,3220,NO
2023,AIRBUS TRANSPORT,BGA,FRANCE,3209,NO
2019,SPECIAL PURPOSE AVIATION OPERATOR - SAO,BGF,BULGARIA,278,NO
2023,SPECIAL PURPOSE AVIATION OPERATOR - SAO,BGF,BULGARIA,244,NO
2024,SPECIAL PURPOSE AVIATION OPERATOR - SAO,BGF,BULGARIA,237,NO
2025,SPECIAL PURPOSE AVIATION OPERATOR - SAO,BGF,BULGARIA,182,NO
2019,BH AIR,BGH,BULGARIA,2038,NO
2023,BH AIR,BGH,BULGARIA,1826,NO
2024,BH AIR,BGH,BULGARIA,1587,NO
2025,BH AIR,BGH,BULGARIA,981,NO
2024,SUN AIR BULGARIA AD,BGS,BULGARIA,10,NO
2025,SUN AIR BULGARIA AD,BGS,BULGARIA,8,NO
2023,SUN AIR BULGARIA AD,BGS,BULGARIA,1,NO
2019,BLU HALIKN LTD.,BHK,UNITED KINGDOM,78,NO
2019,BRISTOW HELICOPTERS LTD,BHL,UNITED KINGDOM,1781,NO
2023,BRISTOW HELICOPTERS LTD,BHL,UNITED KINGDOM,834,NO
2024,BRISTOW HELICOPTERS LTD,BHL,UNITED KINGDOM,195,NO
2025,BRISTOW HELICOPTERS LTD,BHL,UNITED KINGDOM,2,NO
2025,BULGARIA HELI MED SERVICE EAD,BHM,BULGARIA,3,NO
2024,BAHAMASAIR,BHS,BAHAMAS,13,NO
2023,DC AVIATION,BHZ,SWITZERLAND,341,NO
2024,DC AVIATION,BHZ,SWITZERLAND,292,NO
2025,DC AVIATION,BHZ,SWITZERLAND,88,NO
2019,DC AVIATION,BHZ,SWITZERLAND,9,NO
2019,M&N AVIATION,BIA,PUERTO RICO,3,NO
2025,BINAIR AEROSERVICE GMBH,BID,GERMANY,705,NO
2024,BINAIR AEROSERVICE GMBH,BID,GERMANY,607,NO
2023,BINAIR AEROSERVICE GMBH,BID,GERMANY,521,NO
2025,AVIO BRAVO LTD,BIK,BULGARIA,20,NO
2024,AVIO BRAVO LTD,BIK,BULGARIA,1,NO
2025,BIOFLIGHT AS,BIO,DENMARK,419,NO
2023,BIOFLIGHT AS,BIO,DENMARK,296,NO
2024,BIOFLIGHT AS,BIO,DENMARK,263,NO
2019,BIOFLIGHT AS,BIO,DENMARK,199,NO
2024,IRBIS,BIS,KAZAKHSTAN,2,NO
2025,IAM AIR LIMITED,BIS,CHINA,1,NO
2024,BRAATHENS INTERNATIONAL AIRWAYS AB,BIX,SWEDEN,3891,YES
2025,BRAATHENS INTERNATIONAL AIRWAYS AB,BIX,SWEDEN,2791,YES
2023,BRAATHENS INTERNATIONAL AIRWAYS AB,BIX,SWEDEN,2394,YES
2019,BEIJING AIRLINES CO,BJN,CHINA,276,NO
2023,BEIJING AIRLINES CO,BJN,CHINA,216,NO
2025,BEIJING AIRLINES CO,BJN,CHINA,133,NO
2024,BEIJING AIRLINES CO,BJN,CHINA,85,NO
2019,AEROJET AIRCOMPANY,BJU,UKRAINE,19,NO
2025,BANGKOK AIRWAYS,BKP,THAILAND,1774,NO
2024,BANGKOK AIRWAYS,BKP,THAILAND,1488,NO
2023,BANGKOK AIRWAYS,BKP,THAILAND,1460,NO
2019,BANGKOK AIRWAYS,BKP,THAILAND,17,NO
2019,BUKOVYNA,BKV,UKRAINE,2926,NO
2019,BLUELINK JETS AB,BLJ,SWEDEN,278,NO
2025,ASTONFLY,BLT,FRANCE,3305,NO
2023,ASTONFLY,BLT,FRANCE,2707,NO
2024,ASTONFLY,BLT,FRANCE,2622,NO
2019,EXO -2T N&S AMERICA,BLT,USA,1,NO
2019,WERMLANDSFLYG AB,BLW,SWEDEN,310,NO
2023,WERMLANDSFLYG AB,BLW,SWEDEN,122,NO
2024,TUIFLY NORDIC AB,BLX,SWEDEN,4712,NO
2019,TUIFLY NORDIC AB,BLX,SWEDEN,3931,NO
2023,TUIFLY NORDIC AB,BLX,SWEDEN,3848,NO
2025,TUIFLY NORDIC AB,BLX,SWEDEN,3668,NO
2019,BMI REGIONAL LTD,BMR,UNITED KINGDOM,2883,NO
2019,BLUE AIR AVIATION S.A.,BMS,ROMANIA,30103,YES
2019,BMW AG,BMW,GERMANY,396,NO
2023,BMW AG,BMW,GERMANY,360,NO
2024,BMW AG,BMW,GERMANY,308,NO
2025,BMW AG,BMW,GERMANY,259,NO
2019,BOND OFFSHORE HELICOPTERS LTD,BND,UNITED KINGDOM,523,NO
2023,OFFSHORE HELICOPTER SERVICES UK LTD,BND,UNITED KINGDOM,56,NO
2024,BARTOLINI AIR REGIONAL SP. Z.O.O.,BNI,POLAND,2495,NO
2025,BARTOLINI AIR REGIONAL SP. Z.O.O.,BNI,POLAND,2387,NO
2023,BARTOLINI AIR REGIONAL SP. Z.O.O.,BNI,POLAND,2106,NO
2019,BARTOLINI AIR,BNI,POLAND,570,NO
2025,AIR SERVICE LIEGE ASL NV,BNJ,BELGIUM,290,NO
2023,AIR SERVICE LIEGE ASL NV,BNJ,BELGIUM,5,NO
2025,BERNIQ AIRWAYS,BNL,LIBYA,2631,NO
2024,BERNIQ AIRWAYS,BNL,LIBYA,2096,NO
2023,BERNIQ AIRWAYS,BNL,LIBYA,2031,NO
2023,AVINCIS AVIATION NORWAY AS,BNO,NORWAY,14138,NO
2024,AVINCIS AVIATION NORWAY AS,BNO,NORWAY,14074,NO
2025,AVINCIS AVIATION NORWAY AS,BNO,NORWAY,13752,NO
2019,AVINCIS AVIATION NORWAY AS,BNO,NORWAY,6864,NO
2023,THE BOEING COMPANY,BOE,USA,199,NO
2024,MIL QATAR,BOE,QATAR,3,NO
2023,LIVE OAK BANKING CO,BOG,USA,2,NO
2024,"AIR BOHEMIA, S.R,O.",BOH,CZECH REPUBLIC,1498,NO
2019,"AIR BOHEMIA, S.R,O.",BOH,CZECH REPUBLIC,1098,NO
2023,"AIR BOHEMIA, S.R,O.",BOH,CZECH REPUBLIC,1033,NO
2025,"AIR BOHEMIA, S.R,O.",BOH,CZECH REPUBLIC,931,NO
2025,HAUTE AVIATION GMBH,BOM,AUSTRIA,734,NO
2024,HAUTE AVIATION GMBH,BOM,AUSTRIA,454,NO
2025,BOOKAJET LTD,BOO,UNITED KINGDOM,500,NO
2024,BOOKAJET LTD,BOO,UNITED KINGDOM,236,NO
2019,BOOKAJET LTD,BOO,UNITED KINGDOM,114,NO
2023,BOOKAJET LTD,BOO,UNITED KINGDOM,37,NO
2019,OPENSKIES,BOS,FRANCE,1467,YES
2019,BOLIVIANA AVIACION,BOV,BOLIVIA,521,NO
2025,BOLIVIANA AVIACION,BOV,BOLIVIA,467,NO
2024,BOLIVIANA AVIACION,BOV,BOLIVIA,439,NO
2023,BOLIVIANA AVIACION,BOV,BOLIVIA,393,NO
2025,AEROLOGIC GMBH,BOX,GERMANY,17006,NO
2024,AEROLOGIC GMBH,BOX,GERMANY,15648,NO
2023,AEROLOGIC GMBH,BOX,GERMANY,15255,NO
2019,AEROLOGIC GMBH,BOX,GERMANY,8534,NO
2019,BLUE PANORAMA (3) LI,BPA,ITALY,11221,YES
2019,BUNDESPOLIZEI-FLIEGERGRUPPE,BPO,GERMANY,1290,NO
2023,BUNDESPOLIZEI-FLIEGERGRUPPE,BPO,GERMANY,1104,NO
2025,BUNDESPOLIZEI-FLIEGERGRUPPE,BPO,GERMANY,969,NO
2024,BUNDESPOLIZEI-FLIEGERGRUPPE,BPO,GERMANY,715,NO
2024,BUDAPEST AIRCRAFT,BPS,HUNGARY,1907,NO
2025,BUDAPEST AIRCRAFT,BPS,HUNGARY,1645,NO
2023,BUDAPEST AIRCRAFT,BPS,HUNGARY,1396,NO
2019,BUDAPEST AIRCRAFT,BPS,HUNGARY,792,NO
2023,AXIS AVIATION,BQA,SWITZERLAND,920,NO
2024,AXIS AVIATION,BQA,SWITZERLAND,429,NO
2025,AXIS AVIATION AUSTRIA GMBH,BQB,AUSTRIA,402,NO
2024,AXIS AVIATION AUSTRIA GMBH,BQB,AUSTRIA,59,NO
2023,AXIS AVIATION AUSTRIA GMBH,BQB,AUSTRIA,26,NO
2019,BELRESCUEAVIA,BRA,BELARUS,8,NO
2025,BRIDGES AIR CARGO,BRD,MALTA,684,NO
2024,BRIDGES AIR CARGO,BRD,MALTA,538,NO
2023,BRIDGES AIR CARGO,BRD,MALTA,86,NO
2023,STAR AIR CARGO,BRH,SOUTH AFRICA,20,NO
2024,STAR AIR CARGO,BRH,SOUTH AFRICA,10,NO
2024,BAIRLINE,BRJ,AUSTRIA,533,NO
2023,BAIRLINE,BRJ,AUSTRIA,433,NO
2025,BAIRLINE,BRJ,AUSTRIA,381,NO
2023,MIL HUNGARY NAMA,BRK,HUNGARY,797,NO
2024,MIL HUNGARY NAMA,BRK,HUNGARY,737,NO
2019,MIL HUNGARY NAMA,BRK,HUNGARY,648,NO
2025,MIL HUNGARY NAMA,BRK,HUNGARY,593,NO
2019,2 EXCEL AVIATION LTD,BRO,UNITED KINGDOM,1522,NO
2024,2 EXCEL AVIATION LTD,BRO,UNITED KINGDOM,1198,NO
2023,2 EXCEL AVIATION LTD,BRO,UNITED KINGDOM,1190,NO
2025,2 EXCEL AVIATION LTD,BRO,UNITED KINGDOM,1094,NO
2019,BURAQ AIR,BRQ,LIBYA,675,NO
2025,BURAQ AIR,BRQ,LIBYA,389,NO
2023,BURAQ AIR,BRQ,LIBYA,137,NO
2024,BURAQ AIR,BRQ,LIBYA,21,NO
2023,MIL BRAZIL,BRS,BRAZIL,462,NO
2025,MIL BRAZIL,BRS,BRAZIL,243,NO
2019,MIL BRAZIL,BRS,BRAZIL,232,NO
2024,MIL BRAZIL,BRS,BRAZIL,204,NO
2019,BELAVIA AIRLINES,BRU,BELARUS,21828,NO
2025,BELAVIA AIRLINES,BRU,BELARUS,6862,NO
2024,BELAVIA AIRLINES,BRU,BELARUS,6315,NO
2023,BELAVIA AIRLINES,BRU,BELARUS,6042,NO
2019,BRAATHENS REGIONAL AIRWAYS AB,BRX,SWEDEN,23898,NO
2023,BRAATHENS REGIONAL AIRWAYS AB,BRX,SWEDEN,22826,NO
2024,BRAATHENS REGIONAL AIRWAYS AB,BRX,SWEDEN,21152,NO
2025,BRAATHENS REGIONAL AIRWAYS AB,BRX,SWEDEN,200,NO
2019,BURUNDAIAVIA,BRY,KAZAKHSTAN,3,NO
2023,AEROSTAN,BSC,KYRGYZSTAN,446,NO
2024,AEROSTAN,BSC,KYRGYZSTAN,254,NO
2025,AEROSTAN,BSC,KYRGYZSTAN,53,NO
2025,BLUESKY AIR JSC,BSF,VIETNAM,332,NO
2024,BLUESKY AIR JSC,BSF,VIETNAM,144,NO
2023,BLUESKY AIR JSC,BSF,VIETNAM,59,NO
2019,MIAMI AIR INTL,BSK,USA,345,NO
2025,ACL BARCELONASABADEL,BSO,SPAIN,506,NO
2023,ACL BARCELONASABADEL,BSO,SPAIN,300,NO
2024,ACL BARCELONASABADEL,BSO,SPAIN,289,NO
2023,CONTINENTAL EXPRESS,BTA,USA,1,NO
2019,AIR BALTIC CORPORATION,BTI,LATVIA,62196,NO
2025,AIR BALTIC CORPORATION,BTI,LATVIA,48096,NO
2024,AIR BALTIC CORPORATION,BTI,LATVIA,46891,NO
2023,AIR BALTIC CORPORATION,BTI,LATVIA,43935,NO
2023,BATIK AIR,BTK,INDONESIA,15171,NO
2024,BATIK AIR,BTK,INDONESIA,12223,NO
2025,BATIK AIR,BTK,INDONESIA,10273,NO
2025,BHUTAN AIRLINES,BTN,BHUTAN,32,NO
2025,BATOT AIR,BTO,BURKINA FASO,1,NO
2023,VOLKSWAGEN AIRSERV.,BTX,GERMANY,1816,NO
2025,VOLKSWAGEN AIRSERV.,BTX,GERMANY,1536,NO
2024,VOLKSWAGEN AIRSERV.,BTX,GERMANY,1394,NO
2019,EUROPEAN AIR CHARTER,BUC,BULGARIA,6709,NO
2023,EUROPEAN AIR CHARTER,BUC,BULGARIA,4311,NO
2024,EUROPEAN AIR CHARTER,BUC,BULGARIA,2066,NO
2025,EUROPEAN AIR CHARTER,BUC,BULGARIA,1520,NO
2019,AIR BUCHAREST,BUR,ROMANIA,864,NO
2025,FREEDOM II LLC,BUY,USA,109,NO
2024,FREEDOM II LLC,BUY,USA,96,NO
2023,FREEDOM II LLC,BUY,USA,33,NO
2025,BUL AIR LTD.,BVL,BULGARIA,486,NO
2024,BUL AIR LTD.,BVL,BULGARIA,429,NO
2023,BUL AIR LTD.,BVL,BULGARIA,351,NO
2019,BUL AIR LTD.,BVL,BULGARIA,16,NO
2019,ACM AIR CHARTER GMBH,BVR,GERMANY,956,NO
2024,ACM AIR CHARTER GMBH,BVR,GERMANY,813,NO
2023,ACM AIR CHARTER GMBH,BVR,GERMANY,744,NO
2025,ACM AIR CHARTER GMBH,BVR,GERMANY,665,NO
2025,CARIBBEAN AIRLINES,BWA,TRINIDAD AND TOBAGO,8762,NO
2023,CARIBBEAN AIRLINES,BWA,TRINIDAD AND TOBAGO,6347,NO
2024,CARIBBEAN AIRLINES,BWA,TRINIDAD AND TOBAGO,5232,NO
2019,HK BELLAWINGS JET,BWJ,CHINA,838,NO
2023,"BERRY AVIATION, INC.",BYA,USA,95,NO
2024,"BERRY AVIATION, INC.",BYA,USA,36,NO
2025,BEOND SIMDI,BYD,MALDIVES,727,NO
2024,BEOND SIMDI,BYD,MALDIVES,544,NO
2023,BEOND SIMDI,BYD,MALDIVES,79,NO
2019,BYSKY JSC,BYS,BELARUS,107,NO
2023,BYSKY JSC,BYS,BELARUS,18,NO
2025,BYSKY JSC,BYS,BELARUS,14,NO
2024,BYSKY JSC,BYS,BELARUS,10,NO
2019,ZENITH AVIATION LTD,BZE,UNITED KINGDOM,1493,NO
2023,ZENITH AVIATION LTD,BZE,UNITED KINGDOM,1360,NO
2024,ZENITH AVIATION LTD,BZE,UNITED KINGDOM,1007,NO
2025,ZENITH AVIATION LTD,BZE,UNITED KINGDOM,653,NO
2023,CAA CZECH REPUBLIC,CAA,CZECH REPUBLIC,57,NO
2024,CAA CZECH REPUBLIC,CAA,CZECH REPUBLIC,38,NO
2019,CAA CZECH REPUBLIC,CAA,CZECH REPUBLIC,34,NO
2025,CAA CZECH REPUBLIC,CAA,CZECH REPUBLIC,15,NO
2023,CYPRUS AIR FORCE,CAF,CYPRUS,12,NO
2019,MIL CHINA,CAF,CHINA,8,NO
2025,CYPRUS AIR FORCE,CAF,CYPRUS,7,NO
2024,CYPRUS AIR FORCE,CAF,CYPRUS,5,NO
2023,CORENDON AIRLINES,CAI,TÜRKIYE,19996,NO
2024,CORENDON AIRLINES,CAI,TÜRKIYE,18879,NO
2025,CORENDON AIRLINES,CAI,TÜRKIYE,18642,NO
2019,CORENDON AIRLINES,CAI,TÜRKIYE,15007,NO
2023,AIR CARAIBES ATLANT.,CAJ,FRANCE,129,NO
2019,AIR CARAIBES ATLANT.,CAJ,FRANCE,101,NO
2025,AIR CARAIBES ATLANT.,CAJ,FRANCE,63,NO
2024,AIR CARAIBES ATLANT.,CAJ,FRANCE,36,NO
2025,CHINA AIRLINES,CAL,TAIWAN,10779,NO
2024,CHINA AIRLINES,CAL,TAIWAN,10449,NO
2023,CHINA AIRLINES,CAL,TAIWAN,9488,NO
2019,CHINA AIRLINES,CAL,TAIWAN,3626,NO
2019,AVINCIS AVIATION ITALIA S.P.A.,CAN,ITALY,22,NO
2024,AVINCIS AVIATION ITALIA S.P.A.,CAN,ITALY,12,NO
2025,AVINCIS AVIATION ITALIA S.P.A.,CAN,ITALY,12,NO
2023,AVINCIS AVIATION ITALIA S.P.A.,CAN,ITALY,10,NO
2025,"AIR CHINA CARGO CO., LTD",CAO,CHINA,7002,NO
2024,"AIR CHINA CARGO CO., LTD",CAO,CHINA,4216,NO
2023,"AIR CHINA CARGO CO., LTD",CAO,CHINA,3082,NO
2019,"AIR CHINA CARGO CO., LTD",CAO,CHINA,1685,NO
2025,COPENHAGEN AIRTAXI,CAT,DENMARK,2834,NO
2024,COPENHAGEN AIRTAXI,CAT,DENMARK,2147,NO
2023,COPENHAGEN AIRTAXI,CAT,DENMARK,1873,NO
2019,COPENHAGEN AIRTAXI,CAT,DENMARK,83,NO
2023,CALM AIR,CAV,CANADA,6,NO
2019,COMAIR (KULULA),CAW,SOUTH AFRICA,217,NO
2024,CAYMAN AIRWAYS,CAY,CAYMAN ISLANDS,54,NO
2023,CAYMAN AIRWAYS,CAY,CAYMAN ISLANDS,18,NO
2024,CAT AVIATION AG,CAZ,SWITZERLAND,1453,NO
2019,CAT AVIATION AG,CAZ,SWITZERLAND,1309,NO
2023,CAT AVIATION AG,CAZ,SWITZERLAND,1223,NO
2025,CAT AVIATION AG,CAZ,SWITZERLAND,1125,NO
2023,AIR NAVIGATION LK,CBA,CZECH REPUBLIC,335,NO
2025,AIR NAVIGATION LK,CBA,CZECH REPUBLIC,325,NO
2024,AIR NAVIGATION LK,CBA,CZECH REPUBLIC,291,NO
2019,AIR NAVIGATION LK,CBA,CZECH REPUBLIC,212,NO
2025,"JH TRANSPORTATION, LLC",CBE,USA,6,NO
2024,GUANGXI BEIBU,CBG,CHINA,371,NO
2025,GUANGXI BEIBU,CBG,CHINA,254,NO
2023,GUANGXI BEIBU,CBG,CHINA,51,NO
2019,GUANGXI BEIBU,CBG,CHINA,5,NO
2025,BEIJING CAPITAL AIR.,CBJ,CHINA,1778,NO
2024,BEIJING CAPITAL AIR.,CBJ,CHINA,1438,NO
2019,BEIJING CAPITAL AIR.,CBJ,CHINA,737,NO
2023,BEIJING CAPITAL AIR.,CBJ,CHINA,497,NO
2019,DRAGONFLY AVTN SVCS,CBM,UNITED KINGDOM,885,NO
2025,DRAGONFLY AVTN SVCS,CBM,UNITED KINGDOM,837,NO
2024,DRAGONFLY AVTN SVCS,CBM,UNITED KINGDOM,702,NO
2023,DRAGONFLY AVTN SVCS,CBM,UNITED KINGDOM,673,NO
2025,AIR CHINA LIMITED,CCA,CHINA,26893,NO
2024,AIR CHINA LIMITED,CCA,CHINA,24311,NO
2019,AIR CHINA LIMITED,CCA,CHINA,15827,NO
2023,AIR CHINA LIMITED,CCA,CHINA,13033,NO
2019,AIR CARGO GLOBAL,CCC,SLOVAK REPUBLIC,278,NO
2025,AIR CORSICA,CCM,FRANCE,23707,NO
2024,AIR CORSICA,CCM,FRANCE,23622,NO
2023,AIR CORSICA,CCM,FRANCE,22796,NO
2019,AIR CORSICA,CCM,FRANCE,8395,NO
2025,ZHEJIANG AIRLINES,CDC,CHINA,608,NO
2024,ZHEJIANG AIRLINES,CDC,CHINA,99,NO
2023,"SOUTHERN JET CO.,LTD",CDC,CHINA,4,NO
2024,US AVIATION CORP,CDE,USA,5,NO
2025,RSM LINING SUPPLIES GLOBAL LTD,CDE,UNITED KINGDOM,2,NO
2023,SHANDONG AIRLINES,CDG,CHINA,195,NO
2025,SHANDONG AIRLINES,CDG,CHINA,107,NO
2024,SHANDONG AIRLINES,CDG,CHINA,101,NO
2025,AEROCLUB DE REUS,CDT,SPAIN,94,NO
2024,AEROCLUB DE REUS,CDT,SPAIN,3,NO
2019,SKOL AIRLINE LLC,CDV,RUSSIAN FEDERATION,6,NO
2024,CEBU PACIFIC AIR,CEB,PHILIPPINES,4958,NO
2025,CEBU PACIFIC AIR,CEB,PHILIPPINES,4168,NO
2023,CEBU PACIFIC AIR,CEB,PHILIPPINES,4092,NO
2024,MIL CZECH REPUBLIC,CEF,CZECH REPUBLIC,1368,NO
2023,MIL CZECH REPUBLIC,CEF,CZECH REPUBLIC,1228,NO
2025,MIL CZECH REPUBLIC,CEF,CZECH REPUBLIC,1198,NO
2019,MIL CZECH REPUBLIC,CEF,CZECH REPUBLIC,1071,NO
2019,CEIBA,CEL,EQUATORIAL GUINEA,400,NO
2023,CEIBA,CEL,EQUATORIAL GUINEA,30,NO
2023,ET EKSEKUTIF TRAVYA,CEO,INDONESIA,628,NO
2024,ET EKSEKUTIF TRAVYA,CEO,INDONESIA,608,NO
2025,CHINA EASTERN,CES,CHINA,27016,NO
2024,CHINA EASTERN,CES,CHINA,20543,NO
2023,CHINA EASTERN,CES,CHINA,8605,NO
2019,CHINA EASTERN,CES,CHINA,7792,NO
2023,AIR CENTURY,CEY,DOMINICAN REPUBLIC,617,NO
2025,AIR CENTURY,CEY,DOMINICAN REPUBLIC,267,NO
2024,AIR CENTURY,CEY,DOMINICAN REPUBLIC,232,NO
2019,AIR CENTURY,CEY,DOMINICAN REPUBLIC,24,NO
2024,MIL CANADA,CFC,CANADA,2616,NO
2023,MIL CANADA,CFC,CANADA,2468,NO
2025,MIL CANADA,CFC,CANADA,2388,NO
2019,MIL CANADA,CFC,CANADA,1644,NO
2025,CRANFIELD INSTITUTE,CFD,UNITED KINGDOM,45,NO
2023,CRANFIELD INSTITUTE,CFD,UNITED KINGDOM,43,NO
2024,CRANFIELD INSTITUTE,CFD,UNITED KINGDOM,30,NO
2019,CRANFIELD INSTITUTE,CFD,UNITED KINGDOM,17,NO
2019,BA CITYFLYER LTD,CFE,UNITED KINGDOM,43123,NO
2023,BA CITYFLYER LTD,CFE,UNITED KINGDOM,33687,NO
2025,BA CITYFLYER LTD,CFE,UNITED KINGDOM,31300,NO
2024,BA CITYFLYER LTD,CFE,UNITED KINGDOM,30897,NO
2019,FORMACION AEROFAN SL,CFF,SPAIN,53,NO
2023,FORMACION AEROFAN SL,CFF,SPAIN,30,NO
2024,FORMACION AEROFAN SL,CFF,SPAIN,4,NO
2025,CONDOR FLUGDIENST GMBH,CFG,GERMANY,55706,NO
2024,CONDOR FLUGDIENST GMBH,CFG,GERMANY,45058,NO
2023,CONDOR FLUGDIENST GMBH,CFG,GERMANY,42186,NO
2019,CONDOR FLUGDIENST GMBH,CFG,GERMANY,37803,NO
2025,BROMMA AIR MAINT,CFL,SWEDEN,1127,NO
2023,BROMMA AIR MAINT,CFL,SWEDEN,780,NO
2019,BROMMA AIR MAINT,CFL,SWEDEN,264,NO
2024,BROMMA AIR MAINT,CFL,SWEDEN,195,NO
2019,CARGO AIR LTD.,CGF,BULGARIA,2261,NO
2025,CARGO AIR LTD.,CGF,BULGARIA,1904,NO
2023,CARGO AIR LTD.,CGF,BULGARIA,1583,NO
2024,CARGO AIR LTD.,CGF,BULGARIA,1528,NO
2025,BRISTOW IRELAND LIMITED,CGI,IRELAND,40,NO
2025,SOLITAIR AVIATION SERVICES DWC-LLC,CGS,UNITED ARAB EMIRATES,51,NO
2025,COLORFUL GUIZHOU,CGZ,CHINA,2,NO
2025,CHINA WEST AIR,CHB,CHINA,1339,NO
2024,CHINA WEST AIR,CHB,CHINA,12,NO
2019,CHC SCOTIA LTD,CHC,UNITED KINGDOM,41,NO
2023,CHC SCOTIA LTD,CHC,UNITED KINGDOM,4,NO
2019,223RD FLIGHT UNIT,CHD,RUSSIAN FEDERATION,15,NO
2025,CHALLENGE AIRLINES (BE) S.A.,CHG,BELGIUM,1514,NO
2023,CHALLENGE AIRLINES (BE) S.A.,CHG,BELGIUM,1245,NO
2024,CHALLENGE AIRLINES (BE) S.A.,CHG,BELGIUM,1073,NO
2025,HAINAN AIRLINES (2),CHH,CHINA,11007,NO
2019,HAINAN AIRLINES (2),CHH,CHINA,7841,NO
2024,HAINAN AIRLINES (2),CHH,CHINA,6634,NO
2023,HAINAN AIRLINES (2),CHH,CHINA,3461,NO
2024,ADAC LUFTRETTUNG,CHX,GERMANY,18,NO
2019,ADAC LUFTRETTUNG,CHX,GERMANY,13,NO
2023,ADAC LUFTRETTUNG,CHX,GERMANY,12,NO
2025,ADAC LUFTRETTUNG,CHX,GERMANY,8,NO
2024,CHALLENGE AIR CARGO LIMITED,CHZ,MALTA,940,NO
2025,CHALLENGE AIR CARGO LIMITED,CHZ,MALTA,610,NO
2023,CHALLENGE AIR CARGO LIMITED,CHZ,MALTA,199,NO
2024,"LETOVE PREVADZKOVE SLUZBY SLOVENSKEJ REPUBLIKY, STATNY PODNIK",CIA,SLOVAK REPUBLIC,50,NO
2025,"LETOVE PREVADZKOVE SLUZBY SLOVENSKEJ REPUBLIKY, STATNY PODNIK",CIA,SLOVAK REPUBLIC,48,NO
2023,"LETOVE PREVADZKOVE SLUZBY SLOVENSKEJ REPUBLIKY, STATNY PODNIK",CIA,SLOVAK REPUBLIC,45,NO
2019,SLOVAK TRANSP. AUTH.,CIA,SLOVAK REPUBLIC,33,NO
2019,SIRIUS AERO,CIG,RUSSIAN FEDERATION,875,NO
2019,CIAF LEASING,CIL,EGYPT,2,NO
2024,CANADA JETLINES OPERATIONS LTD.,CJL,CANADA,12,NO
2023,CANADA JETLINES OPERATIONS LTD.,CJL,CANADA,2,NO
2023,CARGOJET AIRWAYS LTD,CJT,CANADA,871,NO
2024,CARGOJET AIRWAYS LTD,CJT,CANADA,613,NO
2019,CARGOJET AIRWAYS LTD,CJT,CANADA,283,NO
2025,CARGOJET AIRWAYS LTD,CJT,CANADA,242,NO
2025,CHINA CARGO AIRLINES,CKK,CHINA,3740,NO
2023,CHINA CARGO AIRLINES,CKK,CHINA,2875,NO
2024,CHINA CARGO AIRLINES,CKK,CHINA,2800,NO
2019,CHINA CARGO AIRLINES,CKK,CHINA,1155,NO
2023,KALITTA AIR,CKS,USA,5026,NO
2019,KALITTA AIR,CKS,USA,3806,NO
2024,KALITTA AIR,CKS,USA,2857,NO
2025,KALITTA AIR,CKS,USA,2775,NO
2019,THALES UK LIMITED,CLB,UNITED KINGDOM,76,NO
2024,THALES UK LIMITED,CLB,UNITED KINGDOM,73,NO
2023,THALES UK LIMITED,CLB,UNITED KINGDOM,52,NO
2025,THALES UK LIMITED,CLB,UNITED KINGDOM,38,NO
2019,CENTRELINE AV LTD,CLF,UNITED KINGDOM,2682,NO
2023,CENTRELINE AV LTD,CLF,UNITED KINGDOM,1542,NO
2024,CENTRELINE AV LTD,CLF,UNITED KINGDOM,1504,NO
2025,CENTRELINE AV LTD,CLF,UNITED KINGDOM,1283,NO
2019,CHALAIR AVIATION,CLG,FRANCE,8098,NO
2023,CHALAIR AVIATION,CLG,FRANCE,5864,NO
2024,CHALAIR AVIATION,CLG,FRANCE,4938,NO
2025,CHALAIR AVIATION,CLG,FRANCE,4509,NO
2023,CLEOPATRA AVIATION,CLN,EGYPT,5,NO
2019,CLEOPATRA AVIATION,CLN,EGYPT,3,NO
2025,CLEOPATRA AVIATION,CLN,EGYPT,3,NO
2024,CLEOPATRA AVIATION,CLN,EGYPT,1,NO
2019,CARGOLOGICAIR LTD,CLU,UNITED KINGDOM,1990,NO
2019,CARGOLUX,CLX,LUXEMBOURG,17123,NO
2024,CARGOLUX,CLX,LUXEMBOURG,15929,NO
2023,CARGOLUX,CLX,LUXEMBOURG,15733,NO
2025,CARGOLUX,CLX,LUXEMBOURG,15289,NO
2025,"CLAY LACY AVIATION, INC.",CLY,USA,835,NO
2023,"CLAY LACY AVIATION, INC.",CLY,USA,604,NO
2024,"CLAY LACY AVIATION, INC.",CLY,USA,584,NO
2025,CMA CGM AIR CARGO,CMA,FRANCE,2119,NO
2024,CMA CGM AIR CARGO,CMA,FRANCE,1540,NO
2023,CMA CGM AIR CARGO,CMA,FRANCE,1320,NO
2024,OMNI AIR INTERNATIONAL,CMB,USA,1626,NO
2023,OMNI AIR INTERNATIONAL,CMB,USA,1618,NO
2025,OMNI AIR INTERNATIONAL,CMB,USA,1310,NO
2019,PRESCOTT SUPPORT,CMB,USA,277,NO
2019,J&G AVIATION,CMH,UNITED KINGDOM,4,NO
2023,J&G AVIATION,CMH,UNITED KINGDOM,3,NO
2024,COPA,CMP,PANAMA,197,NO
2019,S CAMEROON,CMR,CAMEROUN,24,YES
2025,ALHOKAIR AVIATION,CMR,SWITZERLAND,4,NO
2023,MIL CAMEROUN,CMR,CAMEROUN,1,NO
2025,CAMEX AIR,CMS,GEORGIA,1989,NO
2024,CAMEX AIR,CMS,GEORGIA,541,NO
2023,CAMEX AIR,CMS,GEORGIA,335,NO
2024,CANAVIA,CNA,SPAIN,369,NO
2023,CANAVIA,CNA,SPAIN,284,NO
2025,CANAVIA,CNA,SPAIN,255,NO
2019,CANAVIA,CNA,SPAIN,119,NO
2024,CORENDON DUTCH AIRLINE B.V.,CND,NETHERLANDS,4353,NO
2019,CORENDON DUTCH AIRLINE B.V.,CND,NETHERLANDS,4222,NO
2025,CORENDON DUTCH AIRLINE B.V.,CND,NETHERLANDS,3595,NO
2023,CORENDON DUTCH AIRLINE B.V.,CND,NETHERLANDS,3572,NO
2024,CANARY FLY S.L.,CNF,SPAIN,14867,NO
2023,CANARY FLY S.L.,CNF,SPAIN,14392,NO
2025,CANARY FLY S.L.,CNF,SPAIN,13579,NO
2019,CANARY FLY S.L.,CNF,SPAIN,13574,NO
2024,SUNWEST AVIATION,CNK,CANADA,974,NO
2023,SUNWEST AVIATION,CNK,CANADA,923,NO
2025,SUNWEST AVIATION,CNK,CANADA,669,NO
2019,SUNWEST AVIATION,CNK,CANADA,532,NO
2019,SEV AEREO POLICIA,COA,SPAIN,1,NO
2023,CONGO AIRWAYS,COG,D. R. OF THE CONGO,2,NO
2024,CONGO AIRWAYS,COG,D. R. OF THE CONGO,2,NO
2024,SC AVIATION,COL,USA,857,NO
2023,SC AVIATION,COL,USA,677,NO
2019,SC AVIATION,COL,USA,467,NO
2025,AVPLAN TRIP SUPPORT,COL,USA,427,NO
2025,COVE AVIATION,COO,USA,119,NO
2024,COVE AVIATION,COO,USA,86,NO
2019,COVE AVIATION,COO,USA,81,NO
2023,COVE AVIATION,COO,USA,5,NO
2019,COYOTAIR S.A.,COS,SPAIN,30,NO
2024,CAPAJET PTE LTD,COS,SINGAPORE,23,NO
2019,COWI A/S,COW,DENMARK,302,NO
2025,CATHAY PACIFIC,CPA,CHINA,30729,NO
2024,CATHAY PACIFIC,CPA,CHINA,27187,NO
2023,CATHAY PACIFIC,CPA,CHINA,21647,NO
2019,CATHAY PACIFIC,CPA,CHINA,18288,NO
2024,CAI,CPI,ITALY,768,YES
2023,CAI,CPI,ITALY,722,YES
2025,CAI,CPI,ITALY,698,YES
2019,CAI,CPI,ITALY,537,YES
2024,PHENIX JET INTL,CPJ,USA,173,NO
2025,PHENIX JET CAYMAN SEZC,CPJ,CAYMAN ISLANDS,149,NO
2023,COSMONAUT CENTER,CPK,RUSSIAN FEDERATION,108,NO
2024,COSMONAUT CENTER,CPK,RUSSIAN FEDERATION,106,NO
2025,COSMONAUT CENTER,CPK,RUSSIAN FEDERATION,46,NO
2025,CASPIAN AIRLINES,CPN,IRAN,1505,NO
2024,CASPIAN AIRLINES,CPN,IRAN,647,NO
2023,CASPIAN AIRLINES,CPN,IRAN,365,NO
2023,"METREA SPECIAL AEROSPACE, ISR, INC",CPS,USA,1,NO
2025,AIR CORPORATE S.R.L.,CPV,ITALY,1664,NO
2023,AIR CORPORATE S.R.L.,CPV,ITALY,1046,NO
2024,AIR CORPORATE S.R.L.,CPV,ITALY,983,NO
2024,SPRING AIRLINES,CQH,CHINA,846,NO
2025,AIRLINK AVIATION,CQH,CHINA,769,NO
2023,SPRING AIRLINES,CQH,CHINA,348,NO
2019,SPRING AIRLINES,CQH,CHINA,1,NO
2024,CHONGQING AIRLINES,CQN,CHINA,714,NO
2025,CHONGQING AIRLINES,CQN,CHINA,650,NO
2023,CHONGQING AIRLINES,CQN,CHINA,474,NO
2025,CAMEROON AIRLINES CO,CRC,CAMEROUN,6,NO
2025,HONG KONG AIRLINES,CRK,CHINA,903,NO
2024,HONG KONG AIRLINES,CRK,CHINA,761,NO
2023,HONG KONG AIRLINES,CRK,CHINA,193,NO
2019,HONG KONG AIRLINES,CRK,CHINA,2,NO
2024,CORSAIR FRANCE,CRL,FRANCE,6356,NO
2023,CORSAIR FRANCE,CRL,FRANCE,6036,NO
2025,CORSAIR FRANCE,CRL,FRANCE,6021,NO
2019,CORSAIR FRANCE,CRL,FRANCE,4293,NO
2024,ACROPOLIS AVNT LTD,CRV,UNITED KINGDOM,234,NO
2025,ACROPOLIS AVNT LTD,CRV,UNITED KINGDOM,201,NO
2023,ACROPOLIS AVNT LTD,CRV,UNITED KINGDOM,196,NO
2019,ACROPOLIS AVNT LTD,CRV,UNITED KINGDOM,192,NO
2025,CROSS AVTN,CRX,UNITED KINGDOM,425,NO
2023,CROSS AVTN,CRX,UNITED KINGDOM,414,NO
2024,CROSS AVTN,CRX,UNITED KINGDOM,398,NO
2019,CROSS AVTN,CRX,UNITED KINGDOM,381,NO
2019,CZECH AIRLINES,CSA,CZECH REPUBLIC,21633,NO
2024,CZECH AIRLINES,CSA,CZECH REPUBLIC,1062,NO
2023,CZECH AIRLINES,CSA,CZECH REPUBLIC,891,NO
2025,SICHUAN AIRLINES (3),CSC,CHINA,8703,NO
2024,SICHUAN AIRLINES (3),CSC,CHINA,6096,NO
2023,SICHUAN AIRLINES (3),CSC,CHINA,3251,NO
2019,SICHUAN AIRLINES (3),CSC,CHINA,1484,NO
2025,CHINA SOUTHERN CARGO,CSG,CHINA,2302,NO
2024,CHINA SOUTHERN CARGO,CSG,CHINA,1844,NO
2023,CHINA SOUTHERN CARGO,CSG,CHINA,1380,NO
2025,SHANGHAI AIRLINES,CSH,CHINA,6292,NO
2024,SHANGHAI AIRLINES,CSH,CHINA,4499,NO
2023,SHANGHAI AIRLINES,CSH,CHINA,1962,NO
2019,SHANGHAI AIRLINES,CSH,CHINA,184,NO
2024,CSI AVIATION SVCS,CSI,USA,210,NO
2023,CSI AVIATION SVCS,CSI,USA,7,NO
2019,CASTLE AIR LTD,CSJ,UNITED KINGDOM,46,NO
2023,CASTLE AIR LTD,CSJ,UNITED KINGDOM,10,NO
2024,CASTLE AIR LTD,CSJ,UNITED KINGDOM,9,NO
2025,CASTLE AIR LTD,CSJ,UNITED KINGDOM,7,NO
2025,CHINA SOUTHERN,CSN,CHINA,28461,NO
2024,CHINA SOUTHERN,CSN,CHINA,23224,NO
2023,CHINA SOUTHERN,CSN,CHINA,12540,NO
2019,CHINA SOUTHERN,CSN,CHINA,10196,NO
2025,IBC AIRWAYS,CSQ,USA,7,NO
2023,IBC AIRWAYS,CSQ,USA,2,NO
2025,CAE GMBH,CSR,GERMANY,2206,NO
2024,CAE GMBH,CSR,GERMANY,751,NO
2025,"SF AIRLINES CO., LTD",CSS,CHINA,3991,NO
2024,"SF AIRLINES CO., LTD",CSS,CHINA,3638,NO
2023,"SF AIRLINES CO., LTD",CSS,CHINA,2106,NO
2019,"SF AIRLINES CO., LTD",CSS,CHINA,126,NO
2025,CHAIR AIRLINES AG,CSW,SWITZERLAND,3508,NO
2023,LEONARDO HELICOPTER,CSX,ITALY,4,NO
2025,SHENZHEN AIRLINES,CSZ,CHINA,5350,NO
2024,SHENZHEN AIRLINES,CSZ,CHINA,3862,NO
2023,SHENZHEN AIRLINES,CSZ,CHINA,1573,NO
2019,SHENZHEN AIRLINES,CSZ,CHINA,318,NO
2019,EAST MIDLANDS HELIS,CTK,UNITED KINGDOM,1,NO
2019,MIL FRANCE,CTM,FRANCE,14889,NO
2024,MIL FRANCE,CTM,FRANCE,14251,NO
2025,MIL FRANCE,CTM,FRANCE,13730,NO
2023,MIL FRANCE,CTM,FRANCE,13401,NO
2019,CROATIA AIRLINES HRVATSKA ZRAKOPLOVNA TVRTKA D.D.,CTN,CROATIA,28583,NO
2025,CROATIA AIRLINES HRVATSKA ZRAKOPLOVNA TVRTKA D.D.,CTN,CROATIA,27442,NO
2024,CROATIA AIRLINES HRVATSKA ZRAKOPLOVNA TVRTKA D.D.,CTN,CROATIA,26589,NO
2023,CROATIA AIRLINES HRVATSKA ZRAKOPLOVNA TVRTKA D.D.,CTN,CROATIA,26179,NO
2025,CTP AVIATION,CTP,USA,342,NO
2024,CITILINK AIRLINES,CTV,INDONESIA,11920,NO
2023,CITILINK AIRLINES,CTV,INDONESIA,10727,NO
2025,CITILINK AIRLINES,CTV,INDONESIA,9715,NO
2019,CUBANA,CUB,CUBA,295,NO
2023,CUBANA,CUB,CUBA,242,NO
2025,CUBANA,CUB,CUBA,162,NO
2024,CUBANA,CUB,CUBA,159,NO
2019,CAVOK AIR,CVK,UKRAINE,1259,NO
2024,CAVOK AIR,CVK,UKRAINE,855,NO
2025,CAVOK AIR,CVK,UKRAINE,792,NO
2023,CAVOK AIR,CVK,UKRAINE,726,NO
2025,CARGO WINGS EXPRESS,CWE,TUNISIA,2,NO
2023,WING AVIATION CHARTER SERVICES LLC,CWG,USA,819,NO
2019,WING AVIATION CHARTER SERVICES LLC,CWG,USA,772,NO
2024,WING AVIATION CHARTER SERVICES LLC,CWG,USA,380,NO
2025,WING AVIATION CHARTER SERVICES LLC,CWG,USA,327,NO
2024,CROWN AIRLINES,CWN,LIBYA,443,NO
2025,CROWN AIRLINES,CWN,LIBYA,398,NO
2023,CROWN AIRLINES,CWN,LIBYA,332,NO
2019,WOODGATE EXECUTIVE AIR CHARTER (UK) LTD,CWY,UNITED KINGDOM,1306,NO
2024,WOODGATE EXECUTIVE AIR CHARTER (UK) LTD,CWY,UNITED KINGDOM,660,NO
2023,WOODGATE EXECUTIVE AIR CHARTER (UK) LTD,CWY,UNITED KINGDOM,607,NO
2025,WOODGATE EXECUTIVE AIR CHARTER (UK) LTD,CWY,UNITED KINGDOM,577,NO
2025,XIAMEN AIRLINES,CXA,CHINA,12151,NO
2024,XIAMEN AIRLINES,CXA,CHINA,10010,NO
2023,XIAMEN AIRLINES,CXA,CHINA,6319,NO
2019,XIAMEN AIRLINES,CXA,CHINA,758,NO
2019,COMLUX ARUBA,CXB,NETHERLANDS,179,NO
2024,COMLUX ARUBA,CXB,NETHERLANDS,108,NO
2025,COMLUX ARUBA,CXB,NETHERLANDS,106,NO
2023,COMLUX ARUBA,CXB,NETHERLANDS,97,NO
2024,CORENDON AIR. EUROPE,CXI,MALTA,9179,NO
2023,CORENDON AIR. EUROPE,CXI,MALTA,8726,NO
2025,CORENDON AIR. EUROPE,CXI,MALTA,8640,NO
2019,CORENDON AIR. EUROPE,CXI,MALTA,6833,NO
2025,TUS AIRWAYS LTD,CYF,CYPRUS,2916,NO
2023,TUS AIRWAYS LTD,CYF,CYPRUS,2876,NO
2024,TUS AIRWAYS LTD,CYF,CYPRUS,2272,NO
2019,TUS AIRWAYS LTD,CYF,CYPRUS,1537,NO
2023,CHARLIE AIRLINES LTD,CYP,CYPRUS,4486,NO
2025,CHARLIE AIRLINES LTD,CYP,CYPRUS,4291,NO
2024,CHARLIE AIRLINES LTD,CYP,CYPRUS,3609,NO
2019,CHARLIE AIRLINES LTD,CYP,CYPRUS,3417,NO
2025,"CHINA POSTAL AIRLINES CO., LTD.",CYZ,CHINA,357,NO
2024,"CHINA POSTAL AIRLINES CO., LTD.",CYZ,CHINA,17,NO
2025,DHL AERO EXPRESO S.A.,DAE,PANAMA,328,NO
2024,DHL AERO EXPRESO S.A.,DAE,PANAMA,7,NO
2025,MIL DENMARK,DAF,DENMARK,1019,NO
2023,MIL DENMARK,DAF,DENMARK,915,NO
2024,MIL DENMARK,DAF,DENMARK,812,NO
2019,MIL DENMARK,DAF,DENMARK,796,NO
2025,AIR ALGERIE,DAH,ALGERIA,44226,NO
2024,AIR ALGERIE,DAH,ALGERIA,40797,NO
2019,AIR ALGERIE,DAH,ALGERIA,39689,NO
2023,AIR ALGERIE,DAH,ALGERIA,37518,NO
2025,4 AIRWAYS LIMITED,DAK,MALTA,36,NO
2024,4 AIRWAYS LIMITED,DAK,MALTA,30,NO
2025,"DELTA AIR LINES, INC.",DAL,USA,66884,NO
2024,"DELTA AIR LINES, INC.",DAL,USA,63206,NO
2023,"DELTA AIR LINES, INC.",DAL,USA,62806,NO
2019,"DELTA AIR LINES, INC.",DAL,USA,60115,NO
2025,DBT-TRANSPORTES,DBT,PORTUGAL,905,NO
2024,DBT-TRANSPORTES,DBT,PORTUGAL,687,NO
2023,DBT-TRANSPORTES,DBT,PORTUGAL,423,NO
2025,DC AVIATION AL FUT,DCF,UNITED ARAB EMIRATES,133,NO
2023,FLTPLAN LLC,DCM,USA,956,NO
2024,FLTPLAN LLC,DCM,USA,856,NO
2025,FLTPLAN LLC,DCM,USA,706,NO
2019,GLOBAL OIL 604 LLC,DCM,USA,149,NO
2024,DC AVIATION GMBH,DCS,GERMANY,3283,NO
2025,DC AVIATION GMBH,DCS,GERMANY,3074,NO
2019,DC AVIATION GMBH,DCS,GERMANY,2927,NO
2023,DC AVIATION GMBH,DCS,GERMANY,2879,NO
2019,DIRECTFLIGHT LTD,DCT,UNITED KINGDOM,121,NO
2025,DIRECTFLIGHT LTD,DCT,UNITED KINGDOM,87,NO
2024,DIRECTFLIGHT LTD,DCT,UNITED KINGDOM,79,NO
2023,DIRECTFLIGHT LTD,DCT,UNITED KINGDOM,52,NO
2024,DC AVIATION AL FUT,DCU,UNITED ARAB EMIRATES,104,NO
2025,DC AVIATION LTD,DCW,MALTA,422,NO
2024,DC AVIATION LTD,DCW,MALTA,357,NO
2023,DC AVIATION LTD,DCW,MALTA,253,NO
2019,DC AVIATION LTD,DCW,MALTA,165,NO
2023,AVDEF,DEF,FRANCE,145,NO
2025,AVDEF,DEF,FRANCE,142,NO
2019,AVDEF,DEF,FRANCE,117,NO
2024,AVDEF,DEF,FRANCE,114,NO
2024,AEROPARTNER A.S.,DFC,CZECH REPUBLIC,2538,NO
2025,AEROPARTNER A.S.,DFC,CZECH REPUBLIC,2524,NO
2023,AEROPARTNER A.S.,DFC,CZECH REPUBLIC,2165,NO
2019,AEROPARTNER A.S.,DFC,CZECH REPUBLIC,1721,NO
2019,AVINCIS AVIATION SWEDEN AB,DFL,SWEDEN,7868,NO
2023,AVINCIS AVIATION SWEDEN AB,DFL,SWEDEN,2170,NO
2025,AVINCIS AVIATION SWEDEN AB,DFL,SWEDEN,1726,NO
2024,AVINCIS AVIATION SWEDEN AB,DFL,SWEDEN,1586,NO
2025,DIGAJET AVIATION GMBH,DGJ,GERMANY,740,NO
2023,SECURITE CIVILE LF,DGN,FRANCE,1,NO
2023,SMART AIRLINES,DGV,ARMENIA,1,NO
2019,DASNAIR,DGX,SWITZERLAND,238,NO
2025,DASNAIR,DGX,SWITZERLAND,157,NO
2024,DASNAIR,DGX,SWITZERLAND,105,NO
2023,DASNAIR,DGX,SWITZERLAND,100,NO
2023,DHL AIR (AUSTRIA) GMBH,DHA,AUSTRIA,106,NO
2025,DHL AIR (AUSTRIA) GMBH,DHA,AUSTRIA,85,NO
2024,DHL AIR (AUSTRIA) GMBH,DHA,AUSTRIA,36,NO
2025,DE HAVILLAND CANADA,DHC,CANADA,29,NO
2024,DE HAVILLAND CANADA,DHC,CANADA,17,NO
2023,DE HAVILLAND CANADA,DHC,CANADA,14,NO
2024,DHL AIR LTD.,DHK,UNITED KINGDOM,14462,NO
2025,DHL AIR LTD.,DHK,UNITED KINGDOM,13032,NO
2023,DHL AIR LTD.,DHK,UNITED KINGDOM,12862,NO
2019,DHL AIR LTD.,DHK,UNITED KINGDOM,2057,NO
2025,DHL AIR (BAHRAIN) BSC,DHX,BAHRAIN,1982,NO
2023,DHL AIR (BAHRAIN) BSC,DHX,BAHRAIN,1852,NO
2024,DHL AIR (BAHRAIN) BSC,DHX,BAHRAIN,1791,NO
2019,DHL AIR (BAHRAIN) BSC,DHX,BAHRAIN,552,NO
2019,PASSION AIR,DIA,GHANA,1,NO
2025,FLYYO S.R.L.,DIR,ROMANIA,733,NO
2024,FLYYO S.R.L.,DIR,ROMANIA,61,NO
2023,FLYYO S.R.L.,DIR,ROMANIA,5,NO
2024,LA COMPAGNIE,DJT,FRANCE,1474,NO
2019,LA COMPAGNIE,DJT,FRANCE,1424,NO
2023,LA COMPAGNIE,DJT,FRANCE,1416,NO
2025,LA COMPAGNIE,DJT,FRANCE,1402,NO
2025,DOKIA AIR S.R.L.,DKA,ROMANIA,218,NO
2024,DOKIA AIR S.R.L.,DKA,ROMANIA,33,NO
2019,JUBILEE AIRWAYS,DKE,UNITED KINGDOM,29,NO
2025,JUNEYAO AIRLINES,DKH,CHINA,5327,NO
2024,JUNEYAO AIRLINES,DKH,CHINA,3861,NO
2023,JUNEYAO AIRLINES,DKH,CHINA,1588,NO
2019,JUNEYAO AIRLINES,DKH,CHINA,290,NO
2024,DALA AIR,DKZ,KAZAKHSTAN,9,NO
2025,AIR DOLOMITI,DLA,ITALY,52150,NO
2024,AIR DOLOMITI,DLA,ITALY,44302,NO
2023,AIR DOLOMITI,DLA,ITALY,32135,NO
2019,AIR DOLOMITI,DLA,ITALY,23457,NO
2019,DEUTSCHE LUFTHANSA AG,DLH,GERMANY,540256,NO
2024,DEUTSCHE LUFTHANSA AG,DLH,GERMANY,410584,NO
2023,DEUTSCHE LUFTHANSA AG,DLH,GERMANY,409071,NO
2025,DEUTSCHE LUFTHANSA AG,DLH,GERMANY,388921,NO
2024,DREAMLINE AVIATION LLC,DLX,USA,195,NO
2025,DREAMLINE AVIATION LLC,DLX,USA,171,NO
2023,DREAMLINE AVIATION LLC,DLX,USA,105,NO
2025,AIR INDEPENDENCE,DLY,GERMANY,4,NO
2024,AIR INDEPENDENCE,DLY,GERMANY,3,NO
2023,AIRHUB TRAINING SIA,DML,LATVIA,359,NO
2025,AIRHUB TRAINING SIA,DML,LATVIA,352,NO
2024,AIRHUB TRAINING SIA,DML,LATVIA,326,NO
2019,DIAMOND FLIGHT ACAD.,DMN,SWEDEN,481,NO
2025,DIAMOND FLIGHT ACAD.,DMN,SWEDEN,295,NO
2024,DIAMOND FLIGHT ACAD.,DMN,SWEDEN,294,NO
2023,DIAMOND FLIGHT ACAD.,DMN,SWEDEN,268,NO
2023,DIAMOND SKY OU,DMS,ESTONIA,4925,NO
2024,DIAMOND SKY OU,DMS,ESTONIA,1349,NO
2025,DIAMOND SKY OU,DMS,ESTONIA,1326,NO
2025,DAN AIR S.R.L.,DNA,ROMANIA,1902,NO
2024,DAN AIR S.R.L.,DNA,ROMANIA,1317,NO
2019,AERO DYNAMICS MALAGA,DNC,SPAIN,572,NO
2024,AERO DYNAMICS MALAGA,DNC,SPAIN,422,NO
2023,AERO DYNAMICS MALAGA,DNC,SPAIN,418,NO
2025,AERO DYNAMICS MALAGA,DNC,SPAIN,5,NO
2025,DAT LT UAB,DNU,LITHUANIA,5264,NO
2023,DAT LT UAB,DNU,LITHUANIA,5099,NO
2024,DAT LT UAB,DNU,LITHUANIA,3603,NO
2019,DAT LT UAB,DNU,LITHUANIA,8,NO
2025,NORSK LUFTAMBULANSE,DOC,NORWAY,770,NO
2023,NORSK LUFTAMBULANSE,DOC,NORWAY,724,NO
2019,NORSK LUFTAMBULANSE,DOC,NORWAY,710,NO
2024,NORSK LUFTAMBULANSE,DOC,NORWAY,686,NO
2019,DONINGTON AVIATION,DON,UNITED KINGDOM,1,NO
2025,DONINGTON AVIATION,DON,UNITED KINGDOM,1,NO
2019,NHV A/S,DOP,DENMARK,1620,NO
2023,GENERAL ATOMICS AEROTEC SYSTEMS GMBH,DOR,GERMANY,147,NO
2024,GENERAL ATOMICS AEROTEC SYSTEMS GMBH,DOR,GERMANY,142,NO
2025,GENERAL ATOMICS AEROTEC SYSTEMS GMBH,DOR,GERMANY,117,NO
2023,WHEELS UP PRIVATE JETS LLC,DPJ,USA,215,NO
2019,WHEELS UP PRIVATE JETS LLC,DPJ,USA,183,NO
2025,MALDIVIAN AIRLINE,DQA,MALDIVES,9,NO
2023,MALDIVIAN AIRLINE,DQA,MALDIVES,7,NO
2024,MALDIVIAN AIRLINE,DQA,MALDIVES,4,NO
2025,SECURITE CIVILE LF,DRA,FRANCE,3,NO
2023,AIRBUS HELICOPTER,DRA,FRANCE,2,NO
2023,S CONGO D.R. (KIN),DRC,D. R. OF THE CONGO,11,NO
2019,SECURITE CIVILE LF,DRG,FRANCE,7,NO
2023,DRUK AIR (2),DRK,BHUTAN,503,NO
2024,DRUK AIR (2),DRK,BHUTAN,501,NO
2025,DRUK AIR (2),DRK,BHUTAN,488,NO
2019,DRUK AIR (2),DRK,BHUTAN,4,NO
2025,AVIATION SOUTH WEST LTD,DRM,UNITED KINGDOM,43,NO
2019,DIAMONDS OF RUSSIA,DRU,RUSSIAN FEDERATION,161,NO
2024,DIAMONDS OF RUSSIA,DRU,RUSSIAN FEDERATION,44,NO
2019,DREAM WIND AIRLINES LLC,DRW,UKRAINE,9,NO
2019,LAN ARGENTINA S.A.,DSM,ARGENTINA,5,NO
2024,DASSAULT FALCON SERV,DSO,FRANCE,797,NO
2023,DASSAULT FALCON SERV,DSO,FRANCE,730,NO
2025,DASSAULT FALCON SERV,DSO,FRANCE,711,NO
2019,DASSAULT FALCON SERV,DSO,FRANCE,586,NO
2019,TAAG - LINHAS AÉREAS DE ANGOLA - ANGOLA AIRLINES,DTA,ANGOLA,1849,NO
2023,TAAG - LINHAS AÉREAS DE ANGOLA - ANGOLA AIRLINES,DTA,ANGOLA,1805,NO
2024,TAAG - LINHAS AÉREAS DE ANGOLA - ANGOLA AIRLINES,DTA,ANGOLA,1494,NO
2025,TAAG - LINHAS AÉREAS DE ANGOLA - ANGOLA AIRLINES,DTA,ANGOLA,1386,NO
2024,AIRZENA LLC,DTG,GEORGIA,335,NO
2023,AIRZENA LLC,DTG,GEORGIA,71,NO
2025,TASSILI AIRLINES SA,DTH,ALGERIA,1423,NO
2024,TASSILI AIRLINES SA,DTH,ALGERIA,1354,NO
2019,TASSILI AIRLINES SA,DTH,ALGERIA,885,NO
2023,TASSILI AIRLINES SA,DTH,ALGERIA,723,NO
2019,DANISH AIR TRANSPORT A/S,DTR,DENMARK,20337,NO
2024,DANISH AIR TRANSPORT A/S,DTR,DENMARK,12959,NO
2025,DANISH AIR TRANSPORT A/S,DTR,DENMARK,11970,NO
2023,DANISH AIR TRANSPORT A/S,DTR,DENMARK,10627,NO
2019,DUBAI AIR WING,DUB,UNITED ARAB EMIRATES,1673,NO
2025,DUBAI AIR WING,DUB,UNITED ARAB EMIRATES,1091,NO
2024,DUBAI AIR WING,DUB,UNITED ARAB EMIRATES,969,NO
2023,DUBAI AIR WING,DUB,UNITED ARAB EMIRATES,759,NO
2023,CLASS AVIATION,DUC,MAURITANIA,31,NO
2025,CLASS AVIATION,DUC,MAURITANIA,13,NO
2024,CLASS AVIATION,DUC,MAURITANIA,2,NO
2019,ADVENTIA,DVN,SPAIN,1428,NO
2024,ADVENTIA,DVN,SPAIN,1417,NO
2023,ADVENTIA,DVN,SPAIN,1341,NO
2025,ADVENTIA,DVN,SPAIN,1146,NO
2023,BRAVO FLIGHT,DVV,PAKISTAN,2,NO
2025,EMPIRE AVIATION SM,DWC,SAN MARINO,2203,NO
2024,EMPIRE AVIATION SM,DWC,SAN MARINO,41,NO
2024,DAS PRIVATE JETS,DWW,GERMANY,2890,NO
2023,DAS PRIVATE JETS,DWW,GERMANY,2659,NO
2025,DAS PRIVATE JETS,DWW,GERMANY,2527,NO
2024,AIR MANAGEMENT JSC,DXT,RUSSIAN FEDERATION,2003,NO
2023,AIR MANAGEMENT JSC,DXT,RUSSIAN FEDERATION,1519,NO
2025,AIR MANAGEMENT JSC,DXT,RUSSIAN FEDERATION,1113,NO
2024,YAZD AIRWAYS,DZD,IRAN,335,NO
2025,YAZD AIRWAYS,DZD,IRAN,319,NO
2023,YAZD AIRWAYS,DZD,IRAN,28,NO
2025,ELIT'AVIA INTERNATIONAL SM S.R.L.,EAA,SAN MARINO,178,NO
2024,ELIT'AVIA INTERNATIONAL SM S.R.L.,EAA,SAN MARINO,36,NO
2019,EXO -2T PORTUGAL+AC,EAD,PORTUGAL,387,NO
2025,ELECTRA AIRWAYS LTD,EAF,BULGARIA,2342,NO
2024,ELECTRA AIRWAYS LTD,EAF,BULGARIA,537,NO
2023,ELECTRA AIRWAYS LTD,EAF,BULGARIA,506,NO
2019,ELECTRA AIRWAYS LTD,EAF,BULGARIA,494,NO
2024,EMERALD AIRLINES UK LIMITED,EAG,UNITED KINGDOM,15351,NO
2025,EMERALD AIRLINES UK LIMITED,EAG,UNITED KINGDOM,14248,NO
2023,EMERALD AIRLINES UK LIMITED,EAG,UNITED KINGDOM,12258,NO
2025,EMERALD AIRLINES,EAI,IRELAND,26390,NO
2024,EMERALD AIRLINES,EAI,IRELAND,22966,NO
2023,EMERALD AIRLINES,EAI,IRELAND,22739,NO
2025,AIRENKA HAVA,EAJ,TÜRKIYE,204,NO
2024,AIRENKA HAVA,EAJ,TÜRKIYE,190,NO
2023,AIRENKA HAVA,EAJ,TÜRKIYE,183,NO
2025,AIR TENGRI JSC,EAK,KAZAKHSTAN,865,NO
2024,AIR TENGRI JSC,EAK,KAZAKHSTAN,825,NO
2023,AIR TENGRI JSC,EAK,KAZAKHSTAN,484,NO
2019,AIR TENGRI JSC,EAK,KAZAKHSTAN,160,NO
2023,EASTERN AIRLINES LLC,EAL,USA,270,NO
2024,EASTERN AIRLINES LLC,EAL,USA,140,NO
2025,EASTERN AIRLINES LLC,EAL,USA,130,NO
2019,EASTERN AIRLINES LLC,EAL,USA,68,NO
2019,EXPRESS AIRWAYS (DN),EAN,NIGERIA,4,NO
2024,AERO PYRENEES,EAP,FRANCE,4178,NO
2025,AERO PYRENEES,EAP,FRANCE,3876,NO
2023,AERO PYRENEES,EAP,FRANCE,2763,NO
2019,AERO PYRENEES,EAP,FRANCE,1396,NO
2024,AIR TRANSPORT EUROPE,EAT,SLOVAK REPUBLIC,350,NO
2019,AIR TRANSPORT EUROPE,EAT,SLOVAK REPUBLIC,267,NO
2025,AIR TRANSPORT EUROPE,EAT,SLOVAK REPUBLIC,262,NO
2023,AIR TRANSPORT EUROPE,EAT,SLOVAK REPUBLIC,134,NO
2019,ELITAVIA MALTA,EAU,MALTA,1645,NO
2024,ELITAVIA MALTA,EAU,MALTA,1480,NO
2023,ELITAVIA MALTA,EAU,MALTA,1188,NO
2025,ELITAVIA MALTA,EAU,MALTA,1109,NO
2019,ELITAVIA D.O.O.,EAV,SLOVENIA,444,NO
2025,"EUROPEAN AVIATION SCHOOL OF BARCELONA, S.L",EAX,SPAIN,1164,NO
2024,"EUROPEAN AVIATION SCHOOL OF BARCELONA, S.L",EAX,SPAIN,848,NO
2023,"EUROPEAN AVIATION SCHOOL OF BARCELONA, S.L",EAX,SPAIN,689,NO
2019,EXO -2T SPAIN+CAN,EAX,BELGIUM,329,NO
2025,AERBRAVA SCP,EBV,SPAIN,22,NO
2024,AERBRAVA SCP,EBV,SPAIN,2,NO
2023,AERBRAVA SCP,EBV,SPAIN,1,NO
2019,AIRBUS HELICOPTER,EC*,FRANCE,14,NO
2025,AIRBUS HELICOPTER,EC*,FRANCE,3,NO
2019,OHLAIR,ECA,GERMANY,614,NO
2025,OHLAIR,ECA,GERMANY,48,NO
2024,OHLAIR,ECA,GERMANY,20,NO
2023,ECLAIR S.R.O.,ECC,CZECH REPUBLIC,1126,NO
2025,ECLAIR S.R.O.,ECC,CZECH REPUBLIC,802,NO
2024,ECLAIR S.R.O.,ECC,CZECH REPUBLIC,780,NO
2019,ECLAIR S.R.O.,ECC,CZECH REPUBLIC,778,NO
2025,EAST COAST JETS INC,ECJ,USA,330,NO
2019,AIR CHARTER SCOTLAND LTD,EDC,UNITED KINGDOM,2373,NO
2023,AIR CHARTER SCOTLAND LTD,EDC,UNITED KINGDOM,2129,NO
2024,AIR CHARTER SCOTLAND LTD,EDC,UNITED KINGDOM,1672,NO
2025,AIR CHARTER SCOTLAND LTD,EDC,UNITED KINGDOM,1361,NO
2023,WESTERN AIR CHTR KX,EDG,USA,6995,NO
2019,WESTERN AIR CHTR KX,EDG,USA,3475,NO
2024,WESTERN AIR CHTR KX,EDG,USA,1915,NO
2025,WESTERN AIR CHTR KX,EDG,USA,658,NO
2025,PHUSTBY,EDL,GERMANY,554,NO
2019,PHUSTBY,EDL,GERMANY,300,NO
2024,PHUSTBY,EDL,GERMANY,259,NO
2023,PHUSTBY,EDL,GERMANY,186,NO
2025,EDELWEISS SUISSE,EDW,SWITZERLAND,22145,NO
2024,EDELWEISS SUISSE,EDW,SWITZERLAND,20460,NO
2023,EDELWEISS SUISSE,EDW,SWITZERLAND,18884,NO
2019,EDELWEISS SUISSE,EDW,SWITZERLAND,16302,NO
2025,APOLLO AIR SERVICES,EDY,UNITED KINGDOM,11,NO
2023,APOLLO AIR SERVICES,EDY,UNITED KINGDOM,6,NO
2019,MIL ESTONIA,EEF,ESTONIA,24,NO
2023,MIL ESTONIA,EEF,ESTONIA,10,NO
2024,MIL ESTONIA,EEF,ESTONIA,4,NO
2025,MIL ESTONIA,EEF,ESTONIA,3,NO
2019,SOVEREIGN BUSINESS,EEL,UNITED KINGDOM,23,NO
2019,EAGLE EXPRESS,EES,SERBIA,609,NO
2019,EUROFLY SERVICE,EEU,ITALY,1,YES
2019,EISELE FLUGDIENST,EFD,GERMANY,3536,NO
2023,EISELE FLUGDIENST,EFD,GERMANY,3391,NO
2024,EISELE FLUGDIENST,EFD,GERMANY,3389,NO
2025,EISELE FLUGDIENST,EFD,GERMANY,2284,NO
2025,WESTAIR AVIATION LTD,EFF,IRELAND,101,NO
2019,WESTAIR AVIATION LTD,EFF,IRELAND,94,NO
2023,WESTAIR AVIATION LTD,EFF,IRELAND,88,NO
2024,WESTAIR AVIATION LTD,EFF,IRELAND,42,NO
2025,BRITISH AIRWAYS EUROFLYER,EFW,UNITED KINGDOM,26004,NO
2024,BRITISH AIRWAYS EUROFLYER,EFW,UNITED KINGDOM,23475,NO
2023,BRITISH AIRWAYS EUROFLYER,EFW,UNITED KINGDOM,16965,NO
2019,CAPITAL TRADING,EGL,UNITED KINGDOM,2714,NO
2019,NATIONAL JETS,EGS,USA,12,NO
2024,NATIONAL JETS,EGS,USA,12,NO
2025,NATIONAL JETS,EGS,USA,2,NO
2024,EGT JET LTD,EGT,BULGARIA,1051,NO
2023,EGT JET LTD,EGT,BULGARIA,959,NO
2025,EGT JET LTD,EGT,BULGARIA,918,NO
2023,MIL EGYPT (3),EGY,EGYPT,556,NO
2019,MIL EGYPT (3),EGY,EGYPT,424,NO
2025,MIL EGYPT (3),EGY,EGYPT,412,NO
2024,MIL EGYPT (3),EGY,EGYPT,385,NO
2025,HELICENTRE INVEST,EHC,NETHERLANDS,129,NO
2019,AER LINGUS,EIN,IRELAND,81536,NO
2025,AER LINGUS,EIN,IRELAND,70452,NO
2024,AER LINGUS,EIN,IRELAND,68819,NO
2023,AER LINGUS,EIN,IRELAND,68323,NO
2024,EIS HOLDING GMBH,EIS,GERMANY,1337,NO
2025,EIS HOLDING GMBH,EIS,GERMANY,1163,NO
2023,EIS HOLDING GMBH,EIS,GERMANY,1097,NO
2019,EIS HOLDING GMBH,EIS,GERMANY,536,NO
2025,STELLAER 212,EIX,IRELAND,772,NO
2024,STELLAER 212,EIX,IRELAND,3,NO
2023,EXECUTIVE JET MANAGEMENT,EJM,USA,19077,NO
2024,EXECUTIVE JET MANAGEMENT,EJM,USA,17335,NO
2025,EXECUTIVE JET MANAGEMENT,EJM,USA,14390,NO
2019,EXECUTIVE JET MANAGEMENT,EJM,USA,13675,NO
2025,EXECUJET MIDDLE EAST,EJO,UNITED ARAB EMIRATES,208,NO
2024,EXECUJET MIDDLE EAST,EJO,UNITED ARAB EMIRATES,111,NO
2023,EXECUJET MIDDLE EAST,EJO,UNITED ARAB EMIRATES,88,NO
2025,EASYJET EUROPE AIRLINE GMBH,EJU,AUSTRIA,243762,NO
2024,EASYJET EUROPE AIRLINE GMBH,EJU,AUSTRIA,229400,NO
2023,EASYJET EUROPE AIRLINE GMBH,EJU,AUSTRIA,217416,NO
2019,EASYJET EUROPE AIRLINE GMBH,EJU,AUSTRIA,210960,NO
2025,EUROPEAN SPECIALISED,EKT,MALTA,197,NO
2019,ELLINAIR S.A.,ELB,GREECE,6678,NO
2023,EUROAIRLINES S.L.,ELE,SPAIN,79,NO
2024,EUROAIRLINES S.L.,ELE,SPAIN,25,NO
2025,EUROAIRLINES S.L.,ELE,SPAIN,10,NO
2024,FLYGR8 S.A.,ELF,GREECE,47,NO
2023,FLYGR8 S.A.,ELF,GREECE,25,NO
2025,ELANGENI GMBH,ELG,AUSTRIA,1727,NO
2024,ELANGENI GMBH,ELG,AUSTRIA,1432,NO
2023,ELANGENI GMBH,ELG,AUSTRIA,1166,NO
2024,ELITE JET S.R.O.,ELJ,SLOVAK REPUBLIC,1408,NO
2019,ELITE JET S.R.O.,ELJ,SLOVAK REPUBLIC,1359,NO
2023,ELITE JET S.R.O.,ELJ,SLOVAK REPUBLIC,1207,NO
2025,ELITE JET S.R.O.,ELJ,SLOVAK REPUBLIC,1064,NO
2025,ELIN GROUP,ELN,NIGERIA,204,NO
2024,ELIN GROUP,ELN,NIGERIA,196,NO
2019,ELAN EXPRESS INC,ELX,USA,62,NO
2025,ELAN EXPRESS INC,ELX,USA,46,NO
2023,ELAN EXPRESS INC,ELX,USA,23,NO
2024,ELAN EXPRESS INC,ELX,USA,10,NO
2025,ELAL,ELY,ISRAEL,36205,NO
2024,ELAL,ELY,ISRAEL,36102,NO
2019,ELAL,ELY,ISRAEL,33388,NO
2023,ELAL,ELY,ISRAEL,29790,NO
2024,"ELITE AIR, INC.",ELZ,USA,802,NO
2025,"ELITE AIR, INC.",ELZ,USA,342,NO
2023,"ELITE AIR, INC.",ELZ,USA,92,NO
2023,EMBRAER SA-COMMERC.,EMB,BRAZIL,2,NO
2025,247 AVIATION LTD,EMC,UNITED KINGDOM,3222,NO
2024,247 AVIATION LTD,EMC,UNITED KINGDOM,1918,NO
2023,247 AVIATION LTD,EMC,UNITED KINGDOM,611,NO
2019,EMPEROR AVIATION,EMM,MALTA,785,NO
2024,SKYEMOTION GMBH,EMO,AUSTRIA,288,NO
2025,SKYEMOTION GMBH,EMO,AUSTRIA,268,NO
2023,SKYEMOTION GMBH,EMO,AUSTRIA,152,NO
2019,ENAV ITALIA,ENF,ITALY,671,NO
2024,ENAV ITALIA,ENF,ITALY,605,NO
2023,ENAV ITALIA,ENF,ITALY,554,NO
2025,ENAV ITALIA,ENF,ITALY,508,NO
2025,ENTER AIR,ENT,POLAND,30668,NO
2024,ENTER AIR,ENT,POLAND,29411,NO
2023,ENTER AIR,ENT,POLAND,26788,NO
2019,ENTER AIR,ENT,POLAND,20201,NO
2025,ENVOY AIR,ENY,USA,1920,NO
2024,ENVOY AIR,ENY,USA,1444,NO
2023,ENVOY AIR,ENY,USA,649,NO
2019,JOTA AVIATION,ENZ,UNITED KINGDOM,1485,NO
2025,ELILOMBARDA,EOA,ITALY,330,NO
2019,ELILOMBARDA,EOA,ITALY,282,NO
2024,ELILOMBARDA,EOA,ITALY,268,NO
2023,ELILOMBARDA,EOA,ITALY,181,NO
2024,COLT INTERNATIONAL LLC,EOK,USA,2,NO
2019,AIRAILES SARL,EOL,FRANCE,125,NO
2024,AIRAILES SARL,EOL,FRANCE,121,NO
2023,AIRAILES SARL,EOL,FRANCE,103,NO
2025,AIRAILES SARL,EOL,FRANCE,79,NO
2023,EUROPILOT CENTER,EPC,BELGIUM,83,NO
2025,EUROPILOT CENTER,EPC,BELGIUM,82,NO
2024,EUROPILOT CENTER,EPC,BELGIUM,63,NO
2025,QE EUROPE LTD,EQE,MALTA,2,NO
2023,AIR EMERALDS DOO,ERD,SERBIA,7,NO
2019,EROFEY LLC,ERF,RUSSIAN FEDERATION,197,NO
2019,ERNEST SPA,ERN,ITALY,7917,YES
2024,ESPERIA AVIATION SVC,ESP,ITALY,28,NO
2025,ESPERIA AVIATION SVC,ESP,ITALY,20,NO
2019,EASTAR JET,ESR,KOREA,5,NO
2023,EASTAR JET 2,ESR,KOREA,4,NO
2024,EASTAR JET 2,ESR,KOREA,4,NO
2023,REGIONAL JET,EST,ESTONIA,735,YES
2019,REGIONAL JET,EST,ESTONIA,427,YES
2024,REGIONAL JET,EST,ESTONIA,243,YES
2023,ASG BUSINESS AV.,ESW,AZERBAIJAN,933,NO
2024,ASG BUSINESS AV.,ESW,AZERBAIJAN,880,NO
2025,ASG BUSINESS AV.,ESW,AZERBAIJAN,817,NO
2019,ASG BUSINESS AV.,ESW,AZERBAIJAN,662,NO
2025,ETIHAD AIRWAYS,ETD,UNITED ARAB EMIRATES,36417,NO
2024,ETIHAD AIRWAYS,ETD,UNITED ARAB EMIRATES,28713,NO
2019,ETIHAD AIRWAYS,ETD,UNITED ARAB EMIRATES,27273,NO
2023,ETIHAD AIRWAYS,ETD,UNITED ARAB EMIRATES,22896,NO
2025,ETHIOPIAN AIRLINES,ETH,ETHIOPIA,31705,NO
2024,ETHIOPIAN AIRLINES,ETH,ETHIOPIA,29271,NO
2023,ETHIOPIAN AIRLINES,ETH,ETHIOPIA,25554,NO
2019,ETHIOPIAN AIRLINES,ETH,ETHIOPIA,19956,NO
2019,H-BIRD AVTN SVCS AB,ETI,SWEDEN,2094,NO
2024,H-BIRD AVTN SVCS AB,ETI,SWEDEN,1179,NO
2023,H-BIRD AVTN SVCS AB,ETI,SWEDEN,986,NO
2025,H-BIRD AVTN SVCS AB,ETI,SWEDEN,617,NO
2024,QINETIQ 2,ETP,UNITED KINGDOM,30,NO
2025,QINETIQ 2,ETP,UNITED KINGDOM,30,NO
2023,QINETIQ 2,ETP,UNITED KINGDOM,20,NO
2019,QINETIQ 2,ETP,UNITED KINGDOM,5,NO
2019,AEROLINEAS ESTELAR  LATINOAMERICA C.A.,ETR,VENEZUELA,315,NO
2023,AER LINGUS (UK) LTD,EUK,UNITED KINGDOM,1692,NO
2024,AER LINGUS (UK) LTD,EUK,UNITED KINGDOM,1370,NO
2025,AER LINGUS (UK) LTD,EUK,UNITED KINGDOM,1324,NO
2024,EURO LINK GMBH,EUL,GERMANY,1120,NO
2023,EURO LINK GMBH,EUL,GERMANY,1059,NO
2025,EURO LINK GMBH,EUL,GERMANY,981,NO
2023,PAN EUROPEENNE,EUP,FRANCE,628,NO
2019,PAN EUROPEENNE,EUP,FRANCE,575,NO
2024,PAN EUROPEENNE,EUP,FRANCE,503,NO
2025,PAN EUROPEENNE,EUP,FRANCE,484,NO
2023,EFS EUROPEAN FLIGHT SERVICE AB,EUW,SWEDEN,1688,NO
2024,EFS EUROPEAN FLIGHT SERVICE AB,EUW,SWEDEN,1333,NO
2025,EFS EUROPEAN FLIGHT SERVICE AB,EUW,SWEDEN,1301,NO
2019,EFS EUROPEAN FLIGHT SERVICE AB,EUW,SWEDEN,1160,NO
2025,EVA AIR,EVA,TAIWAN,9118,NO
2023,EVA AIR,EVA,TAIWAN,9023,NO
2024,EVA AIR,EVA,TAIWAN,8998,NO
2019,EVA AIR,EVA,TAIWAN,3466,NO
2024,EVELOP AIRLINES S.L.,EVE,SPAIN,2719,NO
2025,EVELOP AIRLINES S.L.,EVE,SPAIN,2593,NO
2019,EVELOP AIRLINES S.L.,EVE,SPAIN,2201,NO
2023,EVELOP AIRLINES S.L.,EVE,SPAIN,2152,NO
2019,EVERJETS AVIACAO EX,EVJ,PORTUGAL,292,NO
2023,EVERETT AVIATION 2,EVK,KENYA,60,NO
2024,EVERETT AVIATION 2,EVK,KENYA,38,NO
2025,EVERETT AVIATION 2,EVK,KENYA,32,NO
2019,EVOLEM AVIATION SAS,EVL,FRANCE,433,NO
2019,EUROPE AIR UKRAINE,EVP,UKRAINE,23,NO
2025,ATR (AVIONS DE TR),EVX,FRANCE,387,NO
2023,ATR (AVIONS DE TR),EVX,FRANCE,352,NO
2024,ATR (AVIONS DE TR),EVX,FRANCE,288,NO
2019,EAST WEST AIRLINES,EWA,AUSTRALIA,1,NO
2023,EAST WEST AIRLINES,EWA,AUSTRALIA,1,NO
2019,EUROWINGS GMBH,EWG,GERMANY,237674,NO
2025,EUROWINGS GMBH,EWG,GERMANY,171049,NO
2023,EUROWINGS GMBH,EWG,GERMANY,149919,NO
2024,EUROWINGS GMBH,EWG,GERMANY,149179,NO
2023,EWA AIR,EWR,FRANCE,2419,NO
2024,EWA AIR,EWR,FRANCE,1508,NO
2019,EWA AIR,EWR,FRANCE,1346,NO
2025,EWA AIR,EWR,FRANCE,978,NO
2019,EAST WING KAZAKHSTAN,EWZ,KAZAKHSTAN,4,NO
2019,EXECUJET FBO SA,EXD,SOUTH AFRICA,173,NO
2025,EXECUJET FBO SA,EXD,SOUTH AFRICA,106,NO
2023,EXECUJET FBO SA,EXD,SOUTH AFRICA,50,NO
2024,EXECUJET FBO SA,EXD,SOUTH AFRICA,1,NO
2019,EXECUTIVE JET CHARTER LTD,EXJ,UNITED KINGDOM,183,NO
2023,EXECUTIVE JET CHARTER LTD,EXJ,UNITED KINGDOM,108,NO
2024,EXECUTIVE JET CHARTER LTD,EXJ,UNITED KINGDOM,57,NO
2019,EXO -2T UNITED KING,EXM,BELGIUM,721,NO
2025,SKYBORNE AVIATION TRAINING LTD,EXM,UNITED KINGDOM,73,NO
2023,SKYBORNE AVIATION TRAINING LTD,EXM,UNITED KINGDOM,60,NO
2024,SKYBORNE AVIATION TRAINING LTD,EXM,UNITED KINGDOM,60,NO
2025,JET2.COM LTD,EXS,UNITED KINGDOM,125365,NO
2024,JET2.COM LTD,EXS,UNITED KINGDOM,116464,NO
2023,JET2.COM LTD,EXS,UNITED KINGDOM,102583,NO
2019,JET2.COM LTD,EXS,UNITED KINGDOM,84984,NO
2019,EXECUTIVE AIRLINES,EXU,SPAIN,28,NO
2024,FITS AVIATION,EXV,SRI LANKA,71,NO
2023,FITS AVIATION,EXV,SRI LANKA,31,NO
2024,BRAVO FLIGHT,EYE,PAKISTAN,8,NO
2019,BRAVO FLIGHT,EYE,PAKISTAN,1,NO
2024,EZNIS AIRWAYS,EZA,MONGOLIA,63,NO
2023,EZNIS AIRWAYS,EZA,MONGOLIA,13,NO
2025,EZNIS AIRWAYS,EZA,MONGOLIA,2,NO
2019,AIR KILROE LTD T/A EASTERN AIRWAYS,EZE,UNITED KINGDOM,16659,NO
2023,AIR KILROE LTD T/A EASTERN AIRWAYS,EZE,UNITED KINGDOM,9414,NO
2024,AIR KILROE LTD T/A EASTERN AIRWAYS,EZE,UNITED KINGDOM,7838,NO
2025,AIR KILROE LTD T/A EASTERN AIRWAYS,EZE,UNITED KINGDOM,5066,NO
2024,EASYJET SWITZERLAND,EZS,SWITZERLAND,57531,NO
2019,EASYJET SWITZERLAND,EZS,SWITZERLAND,55349,NO
2025,EASYJET SWITZERLAND,EZS,SWITZERLAND,52820,NO
2023,EASYJET SWITZERLAND,EZS,SWITZERLAND,51899,NO
2019,EASYJET UK LIMITED,EZY,UNITED KINGDOM,345911,NO
2025,EASYJET UK LIMITED,EZY,UNITED KINGDOM,292346,NO
2024,EASYJET UK LIMITED,EZY,UNITED KINGDOM,282128,NO
2023,EASYJET UK LIMITED,EZY,UNITED KINGDOM,270075,NO
2023,ETF AIRWAYS,EZZ,CROATIA,159,NO
2025,ETF AIRWAYS,EZZ,CROATIA,44,NO
2024,ETF AIRWAYS,EZZ,CROATIA,38,NO
2019,BRADLEY AIR SERVICES,FAB,CANADA,16,NO
2023,MIL BOLIVIA,FAB,BOLIVIA,1,NO
2023,MIL COLOMBIA,FAC,COLOMBIA,11,NO
2024,MIL COLOMBIA,FAC,COLOMBIA,1,NO
2025,FLYADEAL,FAD,SAUDI ARABIA,3067,NO
2024,FLYADEAL,FAD,SAUDI ARABIA,2895,NO
2023,FLYADEAL,FAD,SAUDI ARABIA,2023,NO
2019,FLYADEAL,FAD,SAUDI ARABIA,26,NO
2024,GRUPO DE TRANSPORTE AEREO ESPECIAL,FAE,ECUADOR,260,NO
2023,GRUPO DE TRANSPORTE AEREO ESPECIAL,FAE,ECUADOR,155,NO
2019,GRUPO DE TRANSPORTE AEREO ESPECIAL,FAE,ECUADOR,125,NO
2025,GRUPO DE TRANSPORTE AEREO ESPECIAL,FAE,ECUADOR,71,NO
2024,EESTI KAITSEVAGI,FAF,ESTONIA,11,NO
2023,MIL ARGENTINA,FAG,ARGENTINA,78,NO
2024,MIL ARGENTINA,FAG,ARGENTINA,58,NO
2025,MIL ARGENTINA,FAG,ARGENTINA,58,NO
2019,ASL AIRLINES HUNGARY,FAH,HUNGARY,171,NO
2023,PRESIDENCIA DE LA REPUBLICA,FAM,MEXICO,1107,NO
2024,PRESIDENCIA DE LA REPUBLICA,FAM,MEXICO,186,NO
2019,PRESIDENCIA DE LA REPUBLICA,FAM,MEXICO,4,NO
2025,MIL PARAGUAY,FAP,PARAGUAY,59,NO
2023,MIL PERU,FAP,PERU,7,NO
2019,MIL PERU,FAP,PERU,3,NO
2019,AG-RAUM GMBH,FAR,GERMANY,84,NO
2023,FLY BAGHDAD AIRLINES,FBA,IRAQ,2182,NO
2019,FLY BAGHDAD AIRLINES,FBA,IRAQ,1699,NO
2024,FLY BAGHDAD AIRLINES,FBA,IRAQ,647,NO
2025,FLY BAGHDAD AIRLINES,FBA,IRAQ,243,NO
2019,FLEET AIR BG,FBG,BULGARIA,172,NO
2019,FLYBOSNIA D.O.O.,FBS,BOSNIA-HERZEGOVINA,716,NO
2025,FRENCH BEE,FBU,FRANCE,3211,NO
2024,FRENCH BEE,FBU,FRANCE,2905,NO
2023,FRENCH BEE,FBU,FRANCE,2887,NO
2019,FRENCH BEE,FBU,FRANCE,1447,NO
2025,FLYBAI SL,FBY,SPAIN,940,NO
2024,FLYBAI SL,FBY,SPAIN,724,NO
2023,FLYBAI SL,FBY,SPAIN,576,NO
2024,FLY-COOP KFT,FCA,HUNGARY,2100,NO
2025,FLY-COOP KFT,FCA,HUNGARY,2056,NO
2023,FLY-COOP KFT,FCA,HUNGARY,1239,NO
2024,MIL CHILE,FCH,CHILE,2,NO
2025,FLIGHT CALIBRATION,FCK,GERMANY,590,NO
2023,FLIGHT CALIBRATION,FCK,GERMANY,580,NO
2024,FLIGHT CALIBRATION,FCK,GERMANY,571,NO
2019,FLIGHT CALIBRATION,FCK,GERMANY,523,NO
2025,NORDIC REGIONAL AIRLINES OY,FCM,FINLAND,26,NO
2025,FLYDUBAI,FDB,UNITED ARAB EMIRATES,26888,NO
2024,FLYDUBAI,FDB,UNITED ARAB EMIRATES,24240,NO
2023,FLYDUBAI,FDB,UNITED ARAB EMIRATES,19496,NO
2019,FLYDUBAI,FDB,UNITED ARAB EMIRATES,13034,NO
2019,DOUANES FRANCAISES,FDO,FRANCE,805,NO
2025,DOUANES FRANCAISES,FDO,FRANCE,535,NO
2023,DOUANES FRANCAISES,FDO,FRANCE,369,NO
2024,DOUANES FRANCAISES,FDO,FRANCE,314,NO
2024,AMREF FLYING DOCTORS,FDS,KENYA,783,NO
2023,AMREF FLYING DOCTORS,FDS,KENYA,685,NO
2025,AMREF FLYING DOCTORS,FDS,KENYA,482,NO
2019,AMREF FLYING DOCTORS,FDS,KENYA,241,NO
2024,FEDERAL EXPRESS,FDX,USA,28512,NO
2023,FEDERAL EXPRESS,FDX,USA,27290,NO
2025,FEDERAL EXPRESS,FDX,USA,26550,NO
2019,FEDERAL EXPRESS,FDX,USA,24355,NO
2024,FLIGHT DECK SUPPORT SARL,FDZ,LUXEMBOURG,29,NO
2023,FLIGHT DECK SUPPORT SARL,FDZ,LUXEMBOURG,17,NO
2025,FLIGHT DECK SUPPORT SARL,FDZ,LUXEMBOURG,8,NO
2019,FLYEGYPT,FEG,EGYPT,3749,NO
2023,FLYEGYPT,FEG,EGYPT,3423,NO
2024,FLYEGYPT,FEG,EGYPT,1738,NO
2025,FLYEGYPT,FEG,EGYPT,1,NO
2019,ERNIR EHF,FEI,ICELAND,3816,NO
2023,ERNIR EHF,FEI,ICELAND,1690,NO
2024,ERNIR EHF,FEI,ICELAND,858,NO
2025,FLIGHTEXEC,FEX,CANADA,346,NO
2019,FLIGHTEXEC,FEX,CANADA,268,NO
2024,FLIGHTEXEC,FEX,CANADA,224,NO
2023,FLIGHTEXEC,FEX,CANADA,78,NO
2025,FLY4 AIRLINES GREEN LIMITED,FFA,IRELAND,141,NO
2024,FLY4 AIRLINES GREEN LIMITED,FFA,IRELAND,73,NO
2019,STUTTGARTER FLUG,FFD,GERMANY,270,NO
2019,FFL FACHSCHULE FUER,FFE,GERMANY,204,NO
2023,FFL FACHSCHULE FUER,FFE,GERMANY,14,NO
2024,FFL FACHSCHULE FUER,FFE,GERMANY,11,NO
2025,FFL FACHSCHULE FUER,FFE,GERMANY,6,NO
2023,INFINIT AIR,FFI,SPAIN,7,NO
2019,INFINIT AIR,FFI,SPAIN,1,NO
2025,INFINIT AIR,FFI,SPAIN,1,NO
2023,UNKNOWN OPERATOR,FFM,NA,8059,NO
2025,UNKNOWN OPERATOR,FFM,NA,7434,NO
2024,UNKNOWN OPERATOR,FFM,NA,7278,NO
2023,"FLY & FUN, S.L.",FFN,SPAIN,1,NO
2024,"FLY & FUN, S.L.",FFN,SPAIN,1,NO
2025,FRONTIER AIRLINES,FFT,USA,33,NO
2023,AIR65,FGB,FRANCE,127,NO
2024,AIR65,FGB,FRANCE,84,NO
2019,HELITRANS PYRINEE,FGC,SPAIN,10,NO
2023,CONAIR GROUP INC.,FGD,CANADA,36,NO
2025,FTL AIRLINES,FGO,FRANCE,268,NO
2024,FTL AIRLINES,FGO,FRANCE,180,NO
2023,FTL AIRLINES,FGO,FRANCE,42,NO
2025,PRESERVE AIR LLC,FGR,USA,38,NO
2023,SPIRE FLIGHT SOLUTIONS,FGW,IRELAND,1,NO
2025,FLYING HOPE E.V.,FHG,GERMANY,177,NO
2024,FLYING HOPE E.V.,FHG,GERMANY,139,NO
2023,ECENTAIR GMBH,FHG,GERMANY,43,NO
2023,FREEBIRD AIRLINES EUROPE LTD.,FHM,MALTA,2585,NO
2025,FREEBIRD AIRLINES EUROPE LTD.,FHM,MALTA,2305,NO
2024,FREEBIRD AIRLINES EUROPE LTD.,FHM,MALTA,1982,NO
2019,FREEBIRD AIRLINES EUROPE LTD.,FHM,MALTA,833,NO
2024,MINISTRY EXTRM AZERI,FHN,AZERBAIJAN,2,NO
2024,HJEMMEVAERNSKOMMAND.,FHV,DENMARK,173,NO
2023,HJEMMEVAERNSKOMMAND.,FHV,DENMARK,153,NO
2025,HJEMMEVAERNSKOMMAND.,FHV,DENMARK,87,NO
2019,HJEMMEVAERNSKOMMAND.,FHV,DENMARK,36,NO
2024,HURKUS HAVAYOLU TASIMACILIK VE TIC A.S. (D.B.A. FREEBIRD AIRLINES),FHY,TÜRKIYE,12541,NO
2025,HURKUS HAVAYOLU TASIMACILIK VE TIC A.S. (D.B.A. FREEBIRD AIRLINES),FHY,TÜRKIYE,12304,NO
2023,HURKUS HAVAYOLU TASIMACILIK VE TIC A.S. (D.B.A. FREEBIRD AIRLINES),FHY,TÜRKIYE,11902,NO
2019,HURKUS HAVAYOLU TASIMACILIK VE TIC A.S. (D.B.A. FREEBIRD AIRLINES),FHY,TÜRKIYE,7683,NO
2025,FLY ONE S.R.L.,FIA,MOLDOVA,9714,NO
2024,FLY ONE S.R.L.,FIA,MOLDOVA,9114,NO
2023,FLY ONE S.R.L.,FIA,MOLDOVA,7421,NO
2019,FLY ONE S.R.L.,FIA,MOLDOVA,2737,NO
2024,FLY AVIATION,FIB,UNITED ARAB EMIRATES,2,NO
2025,FLYONE ARMENIA,FIE,ARMENIA,7154,NO
2023,FLYONE ARMENIA,FIE,ARMENIA,5188,NO
2024,FLYONE ARMENIA,FIE,ARMENIA,3758,NO
2024,FINNHEMS LENTOPALVELUT OY,FIH,FINLAND,30,NO
2025,FINNHEMS LENTOPALVELUT OY,FIH,FINLAND,25,NO
2023,FINNHEMS LENTOPALVELUT OY,FIH,FINLAND,6,NO
2019,FINNAIR OY,FIN,FINLAND,131827,NO
2025,FINNAIR OY,FIN,FINLAND,114014,NO
2024,FINNAIR OY,FIN,FINLAND,112316,NO
2023,FINNAIR OY,FIN,FINLAND,101560,NO
2019,FUNDACION INFANTE,FIO,SPAIN,8,NO
2023,WINGGLIDER LTD,FIS,UNITED KINGDOM,239,NO
2024,WINGGLIDER LTD,FIS,UNITED KINGDOM,212,NO
2025,WINGGLIDER LTD,FIS,UNITED KINGDOM,5,NO
2025,FOX AVIATION D.O.O.,FIX,SLOVENIA,674,NO
2024,FOX AVIATION D.O.O.,FIX,SLOVENIA,482,NO
2024,LET'S FLY HELICOPTER,FIZ,FRANCE,337,NO
2023,LET'S FLY HELICOPTER,FIZ,FRANCE,335,NO
2025,LET'S FLY HELICOPTER,FIZ,FRANCE,192,NO
2024,FANJET EXPRESS,FJE,KENYA,64,NO
2023,FIJI AIRWAYS,FJI,FIJI,308,NO
2024,FIJI AIRWAYS,FJI,FIJI,232,NO
2025,FIJI AIRWAYS,FJI,FIJI,219,NO
2019,FIJI AIRWAYS,FJI,FIJI,6,NO
2024,FLYJET KAZAKHSTAN,FJK,KAZAKHSTAN,676,NO
2025,FLYJET KAZAKHSTAN,FJK,KAZAKHSTAN,670,NO
2023,FLYJET KAZAKHSTAN,FJK,KAZAKHSTAN,402,NO
2019,FLYJET KAZAKHSTAN,FJK,KAZAKHSTAN,298,NO
2025,FLEXJET OPERATIONS MALTA LIMITED,FJO,MALTA,6621,NO
2024,FLEXJET OPERATIONS MALTA LIMITED,FJO,MALTA,5905,NO
2023,FLEXJET OPERATIONS MALTA LIMITED,FJO,MALTA,4941,NO
2019,SOLITAIRE AIR,FJR,JORDAN,1054,NO
2023,SOLITAIRE AIR,FJR,JORDAN,684,NO
2025,SOLITAIRE AIR,FJR,JORDAN,415,NO
2024,FLY JET,FJT,ITALY,32,NO
2025,FLY JET,FJT,ITALY,2,NO
2025,FLY KHIVA,FKH,UZBEKISTAN,613,NO
2024,FLY KHIVA,FKH,UZBEKISTAN,163,NO
2019,FAA,FLC,USA,334,NO
2023,FAA,FLC,USA,155,NO
2025,FAA,FLC,USA,79,NO
2024,FAA,FLC,USA,67,NO
2025,FLY SOLUTIONS LTD,FLD,MALTA,167,NO
2025,FLAIR AIRLINES,FLE,CANADA,8,NO
2019,FLAIR AIRLINES,FLE,CANADA,4,NO
2024,FLAIR AIRLINES,FLE,CANADA,4,NO
2024,ATLANTIC AIRWAYS,FLI,DENMARK,4198,NO
2023,ATLANTIC AIRWAYS,FLI,DENMARK,4115,NO
2025,ATLANTIC AIRWAYS,FLI,DENMARK,4106,NO
2019,ATLANTIC AIRWAYS,FLI,DENMARK,3771,NO
2019,FLEXJET OPERATIONS LTD,FLJ,UNITED KINGDOM,1711,NO
2025,FLEXJET OPERATIONS LTD,FLJ,UNITED KINGDOM,1637,NO
2024,FLEXJET OPERATIONS LTD,FLJ,UNITED KINGDOM,1541,NO
2023,FLEXJET OPERATIONS LTD,FLJ,UNITED KINGDOM,1298,NO
2025,FLYCOM AVIATION D.O.O.,FLO,SLOVENIA,14,NO
2024,FLYCOM AVIATION D.O.O.,FLO,SLOVENIA,4,NO
2023,FLYCOM AVIATION D.O.O.,FLO,SLOVENIA,1,NO
2025,FLITEWATCH LIMITED,FLW,MALTA,153,NO
2024,FLITEWATCH LIMITED,FLW,MALTA,26,NO
2019,PEGASUS AVIACION SA,FMA,SPAIN,53,NO
2023,PEGASUS AVIACION SA,FMA,SPAIN,53,NO
2025,PEGASUS AVIACION SA,FMA,SPAIN,50,NO
2024,PEGASUS AVIACION SA,FMA,SPAIN,22,NO
2023,FMG-FLUGSCHULE,FMG,GERMANY,891,NO
2025,FMG-FLUGSCHULE,FMG,GERMANY,846,NO
2019,FMG-FLUGSCHULE,FMG,GERMANY,740,NO
2024,FMG-FLUGSCHULE,FMG,GERMANY,734,NO
2025,NORLANDAIR,FNA,ICELAND,5038,NO
2024,NORLANDAIR,FNA,ICELAND,4037,NO
2023,NORLANDAIR,FNA,ICELAND,2339,NO
2019,NORLANDAIR,FNA,ICELAND,1216,NO
2025,MIL FINLAND,FNF,FINLAND,717,NO
2024,MIL FINLAND,FNF,FINLAND,544,NO
2023,MIL FINLAND,FNF,FINLAND,463,NO
2019,MIL FINLAND,FNF,FINLAND,421,NO
2019,RAJAVARTIOLAITOS,FNG,FINLAND,87,NO
2023,RAJAVARTIOLAITOS,FNG,FINLAND,36,NO
2025,RAJAVARTIOLAITOS,FNG,FINLAND,16,NO
2024,RAJAVARTIOLAITOS,FNG,FINLAND,10,NO
2023,AS ITZEHOER AIRSERVICE GMBH,FNK,GERMANY,253,NO
2024,AS ITZEHOER AIRSERVICE GMBH,FNK,GERMANY,72,NO
2019,AS ITZEHOER AIRSERVICE GMBH,FNK,GERMANY,23,NO
2025,AS ITZEHOER AIRSERVICE GMBH,FNK,GERMANY,21,NO
2019,ATLANTIC AIR ACADEMY,FNO,SPAIN,445,NO
2024,ATLANTIC AIR ACADEMY,FNO,SPAIN,255,NO
2025,ATLANTIC AIR ACADEMY,FNO,SPAIN,226,NO
2023,ATLANTIC AIR ACADEMY,FNO,SPAIN,204,NO
2019,FOCA,FOC,SWITZERLAND,22,NO
2024,FOCA,FOC,SWITZERLAND,9,NO
2024,S.C. FLY ONE AIRLINES S.R.L.,FOE,ROMANIA,2532,NO
2025,S.C. FLY ONE AIRLINES S.R.L.,FOE,ROMANIA,1435,NO
2023,S.C. FLY ONE AIRLINES S.R.L.,FOE,ROMANIA,869,NO
2019,ANISEC LUFTFAHRT,FOO,AUSTRIA,7231,NO
2019,FOKKER TECHNIEK BV,FOP,NETHERLANDS,10,NO
2019,FORMULA ONE MNGMT,FOR,UNITED KINGDOM,108,NO
2023,FLYR AS,FOX,NORWAY,241,NO
2025,FLY PLAY EUROPE,FPE,MALTA,3,NO
2019,TAG AVIATION SA,FPG,SWITZERLAND,151,YES
2025,ASL AIRLINES,FPO,FRANCE,11814,NO
2019,ASL AIRLINES,FPO,FRANCE,10634,NO
2024,ASL AIRLINES,FPO,FRANCE,10230,NO
2023,ASL AIRLINES,FPO,FRANCE,8744,NO
2024,FLYPLAY HF,FPY,ICELAND,10382,NO
2023,FLYPLAY HF,FPY,ICELAND,9731,NO
2025,FLYPLAY HF,FPY,ICELAND,6578,NO
2024,F R AVIATION LTD,FRA,UNITED KINGDOM,779,NO
2025,F R AVIATION LTD,FRA,UNITED KINGDOM,739,NO
2023,F R AVIATION LTD,FRA,UNITED KINGDOM,635,NO
2019,F R AVIATION LTD,FRA,UNITED KINGDOM,123,NO
2024,FRANCONIA AIR SERVICE GMBH,FRC,GERMANY,144,NO
2025,FRANCONIA AIR SERVICE GMBH,FRC,GERMANY,55,NO
2023,FRANCONIA AIR SERVICE GMBH,FRC,GERMANY,15,NO
2023,FLEET AIR INTERNATIONAL,FRF,HUNGARY,1959,NO
2024,FLEET AIR INTERNATIONAL,FRF,HUNGARY,1244,NO
2019,FLEET AIR INTERNATIONAL,FRF,HUNGARY,915,NO
2025,FLEET AIR INTERNATIONAL,FRF,HUNGARY,511,NO
2019,CHALLENGE AIRLINES (BE) S.A.,FRH,BELGIUM,200,NO
2025,FROST AIR APS,FRO,DENMARK,1193,NO
2024,FROST AIR APS,FRO,DENMARK,879,NO
2024,MIL MOROCCO (3),FRV,MOROCCO,1457,NO
2019,MIL MOROCCO (3),FRV,MOROCCO,1239,NO
2023,MIL MOROCCO (3),FRV,MOROCCO,1101,NO
2019,FORT AERO AS,FRX,ESTONIA,654,NO
2023,FORT AERO AS,FRX,ESTONIA,247,NO
2024,FORT AERO AS,FRX,ESTONIA,185,NO
2025,FORT AERO AS,FRX,ESTONIA,47,NO
2025,AFS ALPINE FLGHTSVC,FSE,AUSTRIA,861,NO
2023,AFS ALPINE FLGHTSVC,FSE,AUSTRIA,707,NO
2024,AFS ALPINE FLGHTSVC,FSE,AUSTRIA,497,NO
2019,AFS ALPINE FLGHTSVC,FSE,AUSTRIA,351,NO
2023,FLY 7 FINLAND OY,FSF,FINLAND,6632,NO
2024,FLY 7 FINLAND OY,FSF,FINLAND,6315,NO
2025,FLY 7 FINLAND OY,FSF,FINLAND,6252,NO
2025,AFRICA CHARTER AIRLINE,FSK,SOUTH AFRICA,27,NO
2023,AFRICA CHARTER AIRLINE,FSK,SOUTH AFRICA,12,NO
2019,AFRICA CHARTER AIRLINE,FSK,SOUTH AFRICA,4,NO
2023,"AIRPILOT ESCUELA DE VUELO ,S.L.",FSM,SPAIN,826,NO
2024,"AIRPILOT ESCUELA DE VUELO ,S.L.",FSM,SPAIN,704,NO
2019,"AIRPILOT ESCUELA DE VUELO ,S.L.",FSM,SPAIN,459,NO
2025,"AIRPILOT ESCUELA DE VUELO ,S.L.",FSM,SPAIN,168,NO
2025,FLYSKY AIRLINES UC,FSQ,KYRGYZSTAN,408,NO
2024,FLYSKY AIRLINES UC,FSQ,KYRGYZSTAN,138,NO
2023,FLYSKY AIRLINES UC,FSQ,KYRGYZSTAN,55,NO
2019,FLIGHTSTAR CORPORATION,FSR,USA,1,NO
2023,FLY SKY AIRLINES LLC,FSU,UKRAINE,105,NO
2019,PRIVATE AIR INC.,FSY,CANADA,135,NO
2024,PRIVATE AIR INC.,FSY,CANADA,86,NO
2023,PRIVATE AIR INC.,FSY,CANADA,83,NO
2025,PRIVATE AIR INC.,FSY,CANADA,73,NO
2023,FLIGHTLINE SL,FTL,SPAIN,1750,NO
2024,FLIGHTLINE SL,FTL,SPAIN,1344,NO
2025,FLIGHTLINE SL,FTL,SPAIN,1264,NO
2019,FLIGHTLINE SL,FTL,SPAIN,1232,NO
2025,FINIST AIR SA,FTR,FRANCE,1108,NO
2023,FINIST AIR SA,FTR,FRANCE,988,NO
2019,FINIST AIR SA,FTR,FRANCE,947,NO
2024,FINIST AIR SA,FTR,FRANCE,910,NO
2025,FLY2SKY MALTA,FTS,MALTA,2,NO
2023,ABC BEDARFSFLUG GMBH,FTY,AUSTRIA,1050,NO
2019,ABC BEDARFSFLUG GMBH,FTY,AUSTRIA,936,NO
2024,ABC BEDARFSFLUG GMBH,FTY,AUSTRIA,755,NO
2025,ABC BEDARFSFLUG GMBH,FTY,AUSTRIA,701,NO
2025,FLY MY SKY DOO BEOGRAD,FUU,SERBIA,653,NO
2025,VALUEJET,FVJ,NIGERIA,24,NO
2024,VALUEJET,FVJ,NIGERIA,4,NO
2023,VALUEJET,FVJ,NIGERIA,2,NO
2024,AIR CARAIBES,FWI,FRANCE,12237,NO
2019,AIR CARAIBES,FWI,FRANCE,11660,NO
2025,AIR CARAIBES,FWI,FRANCE,11429,NO
2023,AIR CARAIBES,FWI,FRANCE,10725,NO
2023,FLIGHTWORKS,FWK,USA,404,NO
2024,FLIGHTWORKS,FWK,USA,311,NO
2025,FLIGHTWORKS,FWK,USA,296,NO
2019,FLIGHTWORKS,FWK,USA,262,NO
2024,TRIBRIDGE DEVELOPMENTS LLC,FWR,USA,109,NO
2025,TRIBRIDGE DEVELOPMENTS LLC,FWR,USA,84,NO
2023,TRIBRIDGE DEVELOPMENTS LLC,FWR,USA,35,NO
2019,FLUGFELAG ISLANDS,FXI,ICELAND,7318,NO
2025,FLUGFELAG ISLANDS,FXI,ICELAND,1,NO
2025,FLEXJET INTERNATIONAL DAC,FXJ,IRELAND,136,NO
2019,S.C. BUZZ AERO S.R.L.,FXP,ROMANIA,29,NO
2023,FLEXFLIGHT,FXT,DENMARK,1588,NO
2024,FLEXFLIGHT,FXT,DENMARK,1303,NO
2025,FLEXFLIGHT,FXT,DENMARK,959,NO
2019,FLEXFLIGHT,FXT,DENMARK,394,NO
2025,FLYX AIRLINES,FXZ,ZIMBABWE,2,NO
2025,FLY CHAM,FYC,SYRIA,1208,NO
2024,FLYING SERVICE N.V.,FYG,BELGIUM,1783,NO
2025,FLYING SERVICE N.V.,FYG,BELGIUM,1775,NO
2023,FLYING SERVICE N.V.,FYG,BELGIUM,1746,NO
2019,FLYING SERVICE N.V.,FYG,BELGIUM,1601,NO
2025,FLYING GROUP LUX,FYL,LUXEMBOURG,2471,NO
2024,FLYING GROUP LUX,FYL,LUXEMBOURG,2330,NO
2023,FLYING GROUP LUX,FYL,LUXEMBOURG,1912,NO
2019,FLYING GROUP LUX,FYL,LUXEMBOURG,1369,NO
2025,EUROPEAN FLYERS SL U,FYS,SPAIN,1824,NO
2023,EUROPEAN FLYERS SL U,FYS,SPAIN,1667,NO
2024,EUROPEAN FLYERS SL U,FYS,SPAIN,1380,NO
2019,EUROPEAN FLYERS SL U,FYS,SPAIN,1194,NO
2019,GLOBAL AFRICA AVTN,GAA,ZIMBABWE,6,NO
2023,GLOBEAIR AG,GAC,AUSTRIA,10114,NO
2019,GLOBEAIR AG,GAC,AUSTRIA,9264,NO
2024,GLOBEAIR AG,GAC,AUSTRIA,8960,NO
2025,GLOBEAIR AG,GAC,AUSTRIA,8283,NO
2025,FLUGBEREITSCHAFT DES BUNDESMINISTERIUM DER VERTEIDIGUNG (FLBSCHFT BMVG),GAF,GERMANY,10110,NO
2024,FLUGBEREITSCHAFT DES BUNDESMINISTERIUM DER VERTEIDIGUNG (FLBSCHFT BMVG),GAF,GERMANY,8494,NO
2023,FLUGBEREITSCHAFT DES BUNDESMINISTERIUM DER VERTEIDIGUNG (FLBSCHFT BMVG),GAF,GERMANY,7815,NO
2019,FLUGBEREITSCHAFT DES BUNDESMINISTERIUM DER VERTEIDIGUNG (FLBSCHFT BMVG),GAF,GERMANY,2834,NO
2019,AARHUS FLIGHT ACAD.,GAG,DENMARK,1109,NO
2023,AARHUS FLIGHT ACAD.,GAG,DENMARK,686,NO
2025,AARHUS FLIGHT ACAD.,GAG,DENMARK,605,NO
2024,AARHUS FLIGHT ACAD.,GAG,DENMARK,429,NO
2019,GAMA CHARTERS INC ,GAJ,USA,573,NO
2023,GAMA CHARTERS INC ,GAJ,USA,192,NO
2019,GLOBAL AIR TRANSPORT,GAK,LIBYA,177,NO
2023,GLOBAL AIR TRANSPORT,GAK,LIBYA,3,NO
2025,GLOBAL AIR TRANSPORT,GAK,LIBYA,1,NO
2023,AIRPHIL EXPRESS,GAP,PHILIPPINES,10,NO
2025,AIRPHIL EXPRESS,GAP,PHILIPPINES,3,NO
2024,GLOBAL REACH AVIATION,GAV,DENMARK,614,NO
2025,GLOBAL REACH AVIATION,GAV,DENMARK,541,NO
2023,ECHEVARRIA LOPEZ,GAV,SPAIN,2,NO
2019,GLOBAL AIRWAYS (FA),GBB,UNITED KINGDOM,3,NO
2024,GLOBAL AIRWAYS (FA),GBB,UNITED KINGDOM,2,NO
2024,GULLIVAIR LTD,GBG,BULGARIA,602,NO
2023,GULLIVAIR LTD,GBG,BULGARIA,135,NO
2025,GULLIVAIR LTD,GBG,BULGARIA,35,NO
2023,UAB GLOBAL AIRWAYS,GBL,LITHUANIA,7,NO
2024,UAB GLOBAL AIRWAYS,GBL,LITHUANIA,2,NO
2025,GRAND CRU AIRLINES,GCA,LITHUANIA,19,YES
2024,GRAND CRU AIRLINES,GCA,LITHUANIA,13,YES
2023,GRAND CRU AIRLINES,GCA,LITHUANIA,8,YES
2025,GLOCK AVIATION GMBH,GCK,AUSTRIA,1520,NO
2024,GLOCK AVIATION GMBH,GCK,AUSTRIA,983,NO
2023,GLOCK AVIATION GMBH,GCK,AUSTRIA,805,NO
2019,GLOCK AVIATION GMBH,GCK,AUSTRIA,499,NO
2019,CARGOLOGIC GERMANY,GCL,GERMANY,51,YES
2019,COMAIR FLIGHT SERVICES PTY LTD,GCM,SOUTH AFRICA,2,NO
2023,COMAIR FLIGHT SERVICES PTY LTD,GCM,SOUTH AFRICA,2,NO
2025,TIANJIN AIRLINES,GCR,CHINA,938,NO
2019,TIANJIN AIRLINES,GCR,CHINA,794,NO
2024,TIANJIN AIRLINES,GCR,CHINA,624,NO
2023,TIANJIN AIRLINES,GCR,CHINA,487,NO
2019,"G C AVIATION, INC.",GCT,USA,168,NO
2019,FLYGAC A/S,GCW,DENMARK,64,NO
2019,GREAT DANE AIRLINES,GDE,DENMARK,655,YES
2025,SP AVIATION INC,GDG,USA,128,NO
2023,SP AVIATION INC,GDG,USA,72,NO
2019,GOLDECK FLUG,GDK,AUSTRIA,825,NO
2024,GOLDECK FLUG,GDK,AUSTRIA,625,NO
2025,GOLDECK FLUG,GDK,AUSTRIA,570,NO
2023,GOLDECK FLUG,GDK,AUSTRIA,546,NO
2025,SMALL FLY LTD,GDM,MALTA,1169,NO
2025,GLOBAL AVIATION OR,GEA,IRAQ,41,NO
2024,GLOBAL AVIATION OR,GEA,IRAQ,2,NO
2025,LUFTHANSA CARGO AG,GEC,GERMANY,10955,NO
2024,LUFTHANSA CARGO AG,GEC,GERMANY,10624,NO
2019,LUFTHANSA CARGO AG,GEC,GERMANY,10439,NO
2023,LUFTHANSA CARGO AG,GEC,GERMANY,9563,NO
2025,GEO SKY LLC,GEL,GEORGIA,1898,NO
2024,GEO SKY LLC,GEL,GEORGIA,1524,NO
2023,GEO SKY LLC,GEL,GEORGIA,1028,NO
2019,GEO SKY LLC,GEL,GEORGIA,198,NO
2019,AMS AIRLINES L.L.C.,GEO,GEORGIA,20,NO
2024,GERMAN AIRWAYS GMBH & CO. KG,GER,GERMANY,343,NO
2023,GERMAN AIRWAYS GMBH & CO. KG,GER,GERMANY,318,NO
2025,GERMAN AIRWAYS GMBH & CO. KG,GER,GERMANY,196,NO
2023,GESTAIR,GES,SPAIN,4729,NO
2019,GESTAIR,GES,SPAIN,4595,NO
2024,GESTAIR,GES,SPAIN,4167,NO
2025,GESTAIR,GES,SPAIN,4123,NO
2025,GULF AIR,GFA,BAHRAIN,10535,NO
2024,GULF AIR,GFA,BAHRAIN,10248,NO
2023,GULF AIR,GFA,BAHRAIN,8785,NO
2019,GULF AIR,GFA,BAHRAIN,8217,NO
2025,GFD GMBH,GFD,GERMANY,2787,NO
2024,GFD GMBH,GFD,GERMANY,2347,NO
2019,GFD GMBH,GFD,GERMANY,2174,NO
2023,GFD GMBH,GFD,GERMANY,2123,NO
2023,GRAFAIR (S)        2,GFM,SWEDEN,991,NO
2025,GRAFAIR (S)        2,GFM,SWEDEN,904,NO
2024,GRAFAIR (S)        2,GFM,SWEDEN,838,NO
2019,GRAFAIR (S)        2,GFM,SWEDEN,734,NO
2019,TRANS ISLAND AIRWAYS LTD,GGT,BAHAMAS,4,NO
2019,GROUP HOLDINGS,GHA,USA,164,NO
2023,GROUP HOLDINGS,GHA,USA,145,NO
2024,GROUP HOLDINGS,GHA,USA,84,NO
2025,MIL GHANA,GHA,GHANA,15,NO
2025,AIR GHANA,GHN,GHANA,13,NO
2019,AIR GHANA,GHN,GHANA,6,NO
2023,AIR GHANA,GHN,GHANA,4,NO
2025,GARUDA,GIA,INDONESIA,14510,NO
2024,GARUDA,GIA,INDONESIA,11847,NO
2023,GARUDA,GIA,INDONESIA,9922,NO
2019,GARUDA,GIA,INDONESIA,1135,NO
2024,GLOBAL AIR CHRTRS,GJE,USA,1737,NO
2023,GLOBAL AIR CHRTRS,GJE,USA,1377,NO
2025,GLOBAL AIR CHRTRS,GJE,USA,1128,NO
2019,GLOBAL AIR CHRTRS,GJE,USA,195,NO
2023,GAINJET IRELAND LTD,GJI,IRELAND,620,NO
2025,GAINJET IRELAND LTD,GJI,IRELAND,570,NO
2024,GAINJET IRELAND LTD,GJI,IRELAND,561,NO
2019,GAINJET IRELAND LTD,GJI,IRELAND,516,NO
2025,AIRHUB AIRLINES LIMITED,GJM,MALTA,256,NO
2024,AIRHUB AIRLINES LIMITED,GJM,MALTA,199,NO
2023,AIRHUB AIRLINES LIMITED,GJM,MALTA,23,NO
2019,GETJET AIRLINES,GJT,LITHUANIA,3232,NO
2023,GETJET AIRLINES,GJT,LITHUANIA,1558,NO
2024,GETJET AIRLINES,GJT,LITHUANIA,1269,NO
2025,GETJET AIRLINES,GJT,LITHUANIA,1197,NO
2025,GLOBAL JET ARUBA,GJW,NETHERLANDS,385,NO
2024,GLOBAL JET ARUBA,GJW,NETHERLANDS,341,NO
2023,GLOBAL JET ARUBA,GJW,NETHERLANDS,166,NO
2024,GAMA AVIATION FZE,GKY,UNITED ARAB EMIRATES,225,NO
2025,GAMA AVIATION FZE,GKY,UNITED ARAB EMIRATES,123,NO
2023,GAMA AVIATION FZE,GKY,UNITED ARAB EMIRATES,73,NO
2024,GULFSTREAM SAVANNAH,GLF,USA,28,NO
2025,CHEVRON U.S.A.INC.,GLH,USA,180,NO
2023,CHEVRON U.S.A.INC.,GLH,USA,55,NO
2024,CHEVRON U.S.A.INC.,GLH,USA,18,NO
2019,GLOBAL JET AUSTRIA,GLJ,AUSTRIA,981,NO
2025,GLOBAL JET AUSTRIA,GLJ,AUSTRIA,845,NO
2024,GLOBAL JET AUSTRIA,GLJ,AUSTRIA,807,NO
2023,GLOBAL JET AUSTRIA,GLJ,AUSTRIA,751,NO
2023,VRG LINHAS AEREAS S/A,GLO,BRAZIL,1756,NO
2025,VRG LINHAS AEREAS S/A,GLO,BRAZIL,566,NO
2024,VRG LINHAS AEREAS S/A,GLO,BRAZIL,452,NO
2019,VRG LINHAS AEREAS S/A,GLO,BRAZIL,66,NO
2019,GLOBUS LLC,GLP,RUSSIAN FEDERATION,3937,YES
2025,"GELIX AIRLINES, JSC",GLX,RUSSIAN FEDERATION,217,NO
2023,"GELIX AIRLINES, JSC",GLX,RUSSIAN FEDERATION,136,NO
2024,"GELIX AIRLINES, JSC",GLX,RUSSIAN FEDERATION,80,NO
2019,GAMA AVIATION LTD,GMA,UNITED KINGDOM,6047,NO
2024,GAMA AVIATION LTD,GMA,UNITED KINGDOM,5072,NO
2023,GAMA AVIATION LTD,GMA,UNITED KINGDOM,5018,NO
2025,GAMA AVIATION LTD,GMA,UNITED KINGDOM,4794,NO
2025,GULF MED AVIATION,GMD,MALTA,2,NO
2019,GERMANIA FLUGGESELLSCHAFT MBH,GMI,GERMANY,2198,NO
2023,GHADAMES AIR,GMS,LIBYA,498,NO
2024,GHADAMES AIR,GMS,LIBYA,23,NO
2025,GAIN JET AVIATION SA,GNJ,GREECE,731,NO
2023,GAIN JET AVIATION SA,GNJ,GREECE,688,NO
2019,GAIN JET AVIATION SA,GNJ,GREECE,670,NO
2024,GAIN JET AVIATION SA,GNJ,GREECE,658,NO
2019,GENEX LTD.,GNX,BELARUS,458,NO
2019,GENERAL AVIATION SP,GNZ,POLAND,1,NO
2019,GO AIRLINES (INDIA),GOW,INDIA,21,NO
2023,GO AIRLINES (INDIA),GOW,INDIA,2,NO
2024,GRUP AIRMED S.A.,GPM,SPAIN,53,NO
2019,GRUP AIRMED S.A.,GPM,SPAIN,50,NO
2025,GRUP AIRMED S.A.,GPM,SPAIN,33,NO
2023,GRUP AIRMED S.A.,GPM,SPAIN,31,NO
2025,GP AVIATION LTD,GPX,BULGARIA,9054,NO
2024,GP AVIATION LTD,GPX,BULGARIA,6109,NO
2023,GP AVIATION LTD,GPX,BULGARIA,3552,NO
2023,GUARDIAN AIR ASSET MANAGEMENT PTY LTD,GRA,SOUTH AFRICA,384,NO
2024,GUARDIAN AIR ASSET MANAGEMENT PTY LTD,GRA,SOUTH AFRICA,327,NO
2025,GUARDIAN AIR ASSET MANAGEMENT PTY LTD,GRA,SOUTH AFRICA,298,NO
2019,GUARDIAN AIR ASSET MANAGEMENT PTY LTD,GRA,SOUTH AFRICA,6,NO
2025,PHOENIX AIR,GRB,USA,437,NO
2023,PHOENIX AIR,GRB,USA,423,NO
2024,PHOENIX AIR,GRB,USA,301,NO
2024,AIR GREENLAND,GRL,DENMARK,18252,NO
2023,AIR GREENLAND,GRL,DENMARK,13238,NO
2025,AIR GREENLAND,GRL,DENMARK,9776,NO
2019,AIR GREENLAND,GRL,DENMARK,6626,NO
2025,GRYPHON AIR LLC,GRP,USA,582,NO
2024,GRYPHON AIR LLC,GRP,USA,523,NO
2023,GRYPHON AIR LLC,GRP,USA,415,NO
2019,GRYPHON AIR LLC,GRP,USA,9,NO
2023,EPSILON AVIATION,GRV,GREECE,455,NO
2019,EPSILON AVIATION,GRV,GREECE,335,NO
2024,EPSILON AVIATION,GRV,GREECE,292,NO
2025,EPSILON AVIATION,GRV,GREECE,254,NO
2019,AIRCOMPANY GRODNO,GRX,BELARUS,6,NO
2019,GAMA AVIATION FZE,GSH,UNITED ARAB EMIRATES,60,NO
2019,G-JET S.R.O.,GSJ,CZECH REPUBLIC,205,NO
2025,GESTAIR AVIATION MALTA,GSM,MALTA,703,NO
2024,GESTAIR AVIATION MALTA,GSM,MALTA,643,NO
2023,GESTAIR AVIATION MALTA,GSM,MALTA,510,NO
2024,CHAIR AIRLINES AG,GSW,SWITZERLAND,5835,NO
2023,CHAIR AIRLINES AG,GSW,SWITZERLAND,4593,NO
2019,CHAIR AIRLINES AG,GSW,SWITZERLAND,3955,NO
2019,MERIDIAN AIR CHTR,GTH,USA,1721,NO
2025,"ATLAS AIR, INC.",GTI,USA,15478,NO
2024,"ATLAS AIR, INC.",GTI,USA,10168,NO
2019,"ATLAS AIR, INC.",GTI,USA,7220,NO
2023,"ATLAS AIR, INC.",GTI,USA,7082,NO
2025,GALISTAIR TRADING LIMITED,GTR,MALTA,1152,NO
2023,GALISTAIR TRADING LIMITED,GTR,MALTA,627,NO
2024,GALISTAIR TRADING LIMITED,GTR,MALTA,436,NO
2023,GROUPE TRANSAIR,GTS,SENEGAL,2,NO
2023,AIR GUYANE,GUY,FRANCE,11108,YES
2019,AIR GUYANE,GUY,FRANCE,8912,YES
2025,GULF WINGS,GWC,UNITED ARAB EMIRATES,492,NO
2023,GULF WINGS,GWC,UNITED ARAB EMIRATES,482,NO
2024,GULF WINGS,GWC,UNITED ARAB EMIRATES,396,NO
2019,GULF WINGS,GWC,UNITED ARAB EMIRATES,166,NO
2025,GREEN AFRICA,GWG,NIGERIA,4,NO
2024,GERMANWINGS GMBH,GWI,GERMANY,7941,NO
2023,GERMANWINGS GMBH,GWI,GERMANY,3380,NO
2019,GERMANWINGS GMBH,GWI,GERMANY,1652,NO
2025,GERMANWINGS GMBH,GWI,GERMANY,1,NO
2024,GEWAN AIRWAYS,GWN,KYRGYZSTAN,5,NO
2019,"AURA AIRLINES, S.L",GWR,SPAIN,3,NO
2023,GLOBAL CROSSING AIRLINES INC,GXA,USA,583,NO
2025,GLOBAL CROSSING AIRLINES INC,GXA,USA,582,NO
2024,GLOBAL CROSSING AIRLINES INC,GXA,USA,452,NO
2019,GAZPROMAVIA,GZP,RUSSIAN FEDERATION,2721,NO
2023,GAZPROMAVIA,GZP,RUSSIAN FEDERATION,1002,NO
2024,GAZPROMAVIA,GZP,RUSSIAN FEDERATION,712,NO
2025,GAZPROMAVIA,GZP,RUSSIAN FEDERATION,494,NO
2023,AEROMANAGEMENT,GZR,USA,320,NO
2025,AEROMANAGEMENT,GZR,USA,107,NO
2024,AEROMANAGEMENT,GZR,USA,106,NO
2024,HELI SKI,HAC,KYRGYZSTAN,3,NO
2023,HELI SKI,HAC,KYRGYZSTAN,1,NO
2025,MIL GREECE,HAF,GREECE,3420,NO
2024,MIL GREECE,HAF,GREECE,2733,NO
2023,MIL GREECE,HAF,GREECE,2616,NO
2025,HAI AU AVIATION,HAI,VIETNAM,449,NO
2024,HAI AU AVIATION,HAI,VIETNAM,400,NO
2023,HAI AU AVIATION,HAI,VIETNAM,349,NO
2023,HAWAIIAN AIRLINES INC,HAL,USA,56,NO
2024,HAWAIIAN AIRLINES INC,HAL,USA,52,NO
2025,HAWAIIAN AIRLINES INC,HAL,USA,29,NO
2019,HAWAIIAN AIRLINES INC,HAL,USA,4,NO
2025,AIR HORIZONT LTD,HAT,MALTA,2316,NO
2024,AIR HORIZONT LTD,HAT,MALTA,2023,NO
2023,AIR HORIZONT LTD,HAT,MALTA,2011,NO
2019,AIR HORIZONT LTD,HAT,MALTA,517,NO
2019,AL MOUSA COMPANY,HAY,SAUDI ARABIA,19,NO
2023,HEBEI AIRLINES LTD,HBH,CHINA,64,NO
2024,HEBEI AIRLINES LTD,HBH,CHINA,8,NO
2023,HIBERNIAN AIRLINES,HBN,IRELAND,42,NO
2024,HIBERNIAN AIRLINES,HBN,IRELAND,6,NO
2019,HIBERNIAN AIRLINES,HBN,IRELAND,4,NO
2025,HEBRIDEAN AIR SVCS,HBR,UNITED KINGDOM,306,NO
2019,HEBRIDEAN AIR SVCS,HBR,UNITED KINGDOM,136,NO
2024,HEBRIDEAN AIR SVCS,HBR,UNITED KINGDOM,32,NO
2023,HEBRIDEAN AIR SVCS,HBR,UNITED KINGDOM,4,NO
2019,POLIZEIHS THUERINGEN,HBT,GERMANY,9,NO
2023,POLIZEIHS THUERINGEN,HBT,GERMANY,2,NO
2024,POLIZEIHS THUERINGEN,HBT,GERMANY,2,NO
2025,1903 AVIATION AB,HCR,SWEDEN,263,NO
2024,1903 AVIATION AB,HCR,SWEDEN,196,NO
2023,1903 AVIATION AB,HCR,SWEDEN,45,NO
2019,CATHELICOPTERS,HCT,SPAIN,1,NO
2025,AEROCOM AVIATION OY,HCX,FINLAND,308,NO
2024,AEROCOM AVIATION OY,HCX,FINLAND,198,NO
2023,AEROCOM AVIATION OY,HCX,FINLAND,5,NO
2019,HONG KONG DRAGON AIR,HDA,CHINA (HONG KONG),4,NO
2019,HARLEY-DAVIDSON,HDM,USA,187,NO
2023,HELITRANS AS,HDR,NORWAY,27,NO
2024,HELITRANS AS,HDR,NORWAY,21,NO
2025,HELITRANS AS,HDR,NORWAY,4,NO
2019,HELITRANS AS,HDR,NORWAY,1,NO
2023,PEGASUS HELICOPTERS,HEP,NORWAY,43,NO
2024,PEGASUS HELICOPTERS,HEP,NORWAY,36,NO
2019,PEGASUS HELICOPTERS,HEP,NORWAY,34,NO
2025,PEGASUS HELICOPTERS,HEP,NORWAY,7,NO
2024,HERA FLIGHT,HER,USA,1166,NO
2023,HERA FLIGHT,HER,USA,282,NO
2025,HERA FLIGHT,HER,USA,255,NO
2019,HOLIDAY EUROPE OOD,HES,BULGARIA,1637,NO
2024,ELIANCE HELICOPTER GLOBAL SERVICES SL,HET,SPAIN,827,NO
2025,ELIANCE HELICOPTER GLOBAL SERVICES SL,HET,SPAIN,235,NO
2023,ELIANCE HELICOPTER GLOBAL SERVICES SL,HET,SPAIN,224,NO
2019,ELIANCE HELICOPTER GLOBAL SERVICES SL,HET,SPAIN,155,NO
2025,ZONDAJET.COM SP. Z O.O.,HEY,POLAND,937,NO
2024,ZONDAJET.COM SP. Z O.O.,HEY,POLAND,47,NO
2025,ARROW AVIATION LTD,HEZ,ISRAEL,1300,NO
2024,ARROW AVIATION LTD,HEZ,ISRAEL,812,NO
2023,ARROW AVIATION LTD,HEZ,ISRAEL,44,NO
2025,AIR HAIFA LTD.,HFA,ISRAEL,3417,NO
2024,AIR HAIFA LTD.,HFA,ISRAEL,585,NO
2025,LEAF,HFL,MALTA,26,NO
2023,HI FLY LIMITED,HFM,MALTA,714,NO
2024,HI FLY LIMITED,HFM,MALTA,713,NO
2025,HI FLY LIMITED,HFM,MALTA,469,NO
2019,HI FLY LIMITED,HFM,MALTA,362,NO
2019,"SPRINGJET, S.A",HFY,PORTUGAL,689,NO
2023,"SPRINGJET, S.A",HFY,PORTUGAL,81,NO
2024,"SPRINGJET, S.A",HFY,PORTUGAL,52,NO
2025,"SPRINGJET, S.A",HFY,PORTUGAL,44,NO
2025,ONE AIR LTD,HGO,UNITED KINGDOM,1125,NO
2024,ONE AIR LTD,HGO,UNITED KINGDOM,699,NO
2023,ONE AIR LTD,HGO,UNITED KINGDOM,266,NO
2025,HELI HOLLAND,HHE,NETHERLANDS,83,NO
2019,HELI HOLLAND,HHE,NETHERLANDS,77,NO
2024,HELI HOLLAND,HHE,NETHERLANDS,30,NO
2023,HELI HOLLAND,HHE,NETHERLANDS,20,NO
2019,HAHN AIRLINES GMBH,HHN,GERMANY,635,NO
2024,HAHN AIRLINES GMBH,HHN,GERMANY,557,NO
2025,HAHN AIRLINES GMBH,HHN,GERMANY,547,NO
2023,HAHN AIRLINES GMBH,HHN,GERMANY,448,NO
2019,HELI ALPES,HIL,SWITZERLAND,2,NO
2024,HONG KONG AIR CARGO,HKC,CHINA,2350,NO
2025,HONG KONG AIR CARGO,HKC,CHINA,1932,NO
2023,HONG KONG AIR CARGO,HKC,CHINA,1632,NO
2019,HONG KONG AIR CARGO,HKC,CHINA,1174,NO
2025,HONG KONG EXPRESS,HKE,CHINA (HONG KONG),1230,NO
2023,HONG KONG EXPRESS,HKE,CHINA (HONG KONG),362,NO
2024,HONG KONG EXPRESS,HKE,CHINA (HONG KONG),99,NO
2024,AIR-INVEST KFT,HKH,HUNGARY,402,NO
2023,AIR-INVEST KFT,HKH,HUNGARY,364,NO
2025,AIR-INVEST KFT,HKH,HUNGARY,306,NO
2019,AIR-INVEST KFT,HKH,HUNGARY,264,NO
2019,CHC HELIKOPTER,HKS,NORWAY,1744,NO
2023,CHC HELIKOPTER,HKS,NORWAY,758,NO
2024,CHC HELIKOPTER,HKS,NORWAY,749,NO
2025,CHC HELIKOPTER,HKS,NORWAY,632,NO
2019,BABCOCK MISSION CR,HLE,UNITED KINGDOM,29,NO
2023,SLOANE HELICOPTERS,HLE,UNITED KINGDOM,1,NO
2025,BABCOCK MISSION,HLE,UNITED KINGDOM,1,NO
2025,CENTRAL AIRLINES HLF,HLF,CHINA,2621,NO
2024,CENTRAL AIRLINES HLF,HLF,CHINA,1258,NO
2023,CENTRAL AIRLINES HLF,HLF,CHINA,539,NO
2025,HELLO JETS SA,HLJ,ROMANIA,2782,NO
2023,HELLO JETS SA,HLJ,ROMANIA,59,NO
2024,HELLO JETS SA,HLJ,ROMANIA,46,NO
2025,"DEVELOPING ASSETS (UK) LTD,",HLO,UNITED KINGDOM,1,NO
2023,"HELIPISTAS, S.L.",HLP,SPAIN,1,NO
2025,HELI AIR SERVICES,HLR,BULGARIA,539,NO
2024,HELI AIR SERVICES,HLR,BULGARIA,445,NO
2023,HELI AIR SERVICES,HLR,BULGARIA,430,NO
2019,HELI AIR SERVICES,HLR,BULGARIA,50,NO
2025,HELI AIR LTD WARWICK,HLY,UNITED KINGDOM,145,NO
2023,HELI AIR LTD WARWICK,HLY,UNITED KINGDOM,81,NO
2024,HELI AIR LTD WARWICK,HLY,UNITED KINGDOM,72,NO
2019,SMA HELICOPTER RESCU,HMF,SWEDEN,211,NO
2024,SMA HELICOPTER RESCU,HMF,SWEDEN,200,NO
2025,SMA HELICOPTER RESCU,HMF,SWEDEN,199,NO
2023,SMA HELICOPTER RESCU,HMF,SWEDEN,188,NO
2023,HARMONY JETS LIMITED,HMJ,MALTA,1640,NO
2024,HARMONY JETS LIMITED,HMJ,MALTA,1485,NO
2025,HARMONY JETS LIMITED,HMJ,MALTA,1451,NO
2019,HARMONY JETS LIMITED,HMJ,MALTA,634,NO
2023,GLOBAL REACH AVIATION,HMR,DENMARK,314,NO
2025,ZAFER AIR,HMZ,TÜRKIYE,1795,NO
2024,ZAFER AIR,HMZ,TÜRKIYE,1585,NO
2023,ZAFER AIR,HMZ,TÜRKIYE,712,NO
2019,CHC HELICOPTERS (EH),HNL,NETHERLANDS,354,NO
2023,CHC HELICOPTERS (EH),HNL,NETHERLANDS,31,NO
2024,CHC HELICOPTERS (EH),HNL,NETHERLANDS,6,NO
2024,HONEYWELL INTERNATIONAL INC. ,HNW,USA,116,NO
2025,HONEYWELL INTERNATIONAL INC. ,HNW,USA,40,NO
2019,HONEYWELL INTERNATIONAL INC. ,HNW,USA,17,NO
2023,HONEYWELL INTERNATIONAL INC. ,HNW,USA,12,NO
2019,HOP!,HOP,FRANCE,46839,NO
2025,VALLETTA AIRLINES,HOT,MALTA,333,NO
2024,VALLETTA AIRLINES,HOT,MALTA,22,NO
2023,VALLETTA AIRLINES,HOT,MALTA,1,NO
2024,HOVERFLY DIVISIONE,HOV,ITALY,157,NO
2025,HOVERFLY DIVISIONE,HOV,ITALY,100,NO
2024,HOP A JET,HPJ,USA,870,NO
2025,HOP A JET,HPJ,USA,748,NO
2023,HOP A JET,HPJ,USA,54,NO
2025,HARCO AVIATION LLC,HRC,USA,131,NO
2019,"AT&T MANAGEMENT SERVICES, L.P.",HRC,USA,124,NO
2024,HARCO AVIATION LLC,HRC,USA,107,NO
2025,HARTER FLUGSCHULE,HRE,GERMANY,1498,NO
2019,HARTER FLUGSCHULE,HRE,GERMANY,1127,NO
2024,HARTER FLUGSCHULE,HRE,GERMANY,922,NO
2023,HARTER FLUGSCHULE,HRE,GERMANY,529,NO
2019,MIL GREECE,HRK,GREECE,2143,NO
2024,HERON LUFTFAHRT GMBH,HRN,GERMANY,1834,NO
2023,HERON LUFTFAHRT GMBH,HRN,GERMANY,1831,NO
2025,HERON LUFTFAHRT GMBH,HRN,GERMANY,1382,NO
2019,HERON LUFTFAHRT GMBH,HRN,GERMANY,856,NO
2024,CHARTRIGHT AIR INC,HRT,CANADA,2399,NO
2025,CHARTRIGHT AIR INC,HRT,CANADA,2076,NO
2023,CHARTRIGHT AIR INC,HRT,CANADA,1777,NO
2019,CHARTRIGHT AIR INC,HRT,CANADA,1757,NO
2023,MIL CROATIA,HRZ,CROATIA,23,NO
2019,MIL CROATIA,HRZ,CROATIA,14,NO
2024,MIL CROATIA,HRZ,CROATIA,14,NO
2025,MIL CROATIA,HRZ,CROATIA,11,NO
2023,Q-FREE INTERNATIONAL,HSC,NORWAY,1,NO
2023,HELISCAN AS,HSE,NORWAY,7,NO
2019,HELISCAN AS,HSE,NORWAY,4,NO
2019,PEGASUS OFFSHORE S.A.,HSH,SPAIN,2,NO
2019,HELI SERVICE INTERNATIONAL GMBH,HSO,GERMANY,417,NO
2024,HELI SERVICE INTERNATIONAL GMBH,HSO,GERMANY,257,NO
2025,HELI SERVICE INTERNATIONAL GMBH,HSO,GERMANY,246,NO
2023,HELI SERVICE INTERNATIONAL GMBH,HSO,GERMANY,238,NO
2019,HELISTAR AERIAL SERVICES,HSR,GREECE,2,NO
2024,"HESTON AIRLINES, UAB",HST,LITHUANIA,1603,NO
2025,"HESTON AIRLINES, UAB",HST,LITHUANIA,1405,NO
2023,"HESTON AIRLINES, UAB",HST,LITHUANIA,813,NO
2019,"AVINCIS AVIATION PORTUGAL, UNIPESSOAL LDA",HSU,PORTUGAL,6,NO
2023,HELISWISS IBERICA SA,HSW,SPAIN,5,NO
2024,SKY HELICOPTEROS SA,HSY,SPAIN,56,NO
2025,SKY HELICOPTEROS SA,HSY,SPAIN,47,NO
2019,SKY HELICOPTEROS SA,HSY,SPAIN,42,NO
2023,SKY HELICOPTEROS SA,HSY,SPAIN,30,NO
2019,HELI TRANSAIR EUROP.,HTA,GERMANY,19,NO
2019,HTM HELICOPTER TRAVEL,HTM,GERMANY,873,NO
2023,HTM HELICOPTER TRAVEL,HTM,GERMANY,38,NO
2024,HTM HELICOPTER TRAVEL,HTM,GERMANY,6,NO
2023,HALA AIR,HTP,LIBYA,17,NO
2024,HALA AIR,HTP,LIBYA,2,NO
2024,HOLSTENAIR LUFTVERKEHRSSERVICE GMBH & CO.,HTR,GERMANY,1,NO
2023,HELISTAR LTDA,HTS,COLOMBIA,124,NO
2024,HELISTAR LTDA,HTS,COLOMBIA,71,NO
2025,HELISTAR LTDA,HTS,COLOMBIA,52,NO
2025,LATITUDE AIR AMBULANCE,HTT,CANADA,1208,NO
2025,HELITY,HTY,SPAIN,1858,NO
2024,HELITY,HTY,SPAIN,1827,NO
2023,HELITY,HTY,SPAIN,1810,NO
2019,HELITY,HTY,SPAIN,1331,NO
2024,MIL HUNGARY,HU*,HUNGARY,1243,NO
2023,MIL HUNGARY,HU*,HUNGARY,1235,NO
2019,MIL HUNGARY,HU*,HUNGARY,986,NO
2025,HUNGARY AIRLINES LTD,HUA,HUNGARY,426,NO
2025,HAUTE AVIATION AG,HUE,SWITZERLAND,1476,NO
2024,HAUTE AVIATION AG,HUE,SWITZERLAND,1399,NO
2023,HAUTE AVIATION AG,HUE,SWITZERLAND,1370,NO
2025,MIL HUNGARY,HUF,HUNGARY,1171,NO
2025,MIL TURKEY,HVK,TÜRKIYE,123,NO
2024,MIL TURKEY,HVK,TÜRKIYE,44,NO
2025,VIETNAM AIRLINES JSC,HVN,VIETNAM,12248,NO
2024,VIETNAM AIRLINES JSC,HVN,VIETNAM,10395,NO
2023,VIETNAM AIRLINES JSC,HVN,VIETNAM,10111,NO
2019,VIETNAM AIRLINES JSC,HVN,VIETNAM,2873,NO
2019,HILLWOOD AIRWAYS,HWA,USA,90,NO
2025,STORM HELIWORKS AB,HWS,SWEDEN,19,NO
2023,STORM HELIWORKS AB,HWS,SWEDEN,15,NO
2024,STORM HELIWORKS AB,HWS,SWEDEN,10,NO
2025,ALHAYA AVIATION,HYA,IRAQ,28,NO
2024,ALHAYA AVIATION,HYA,IRAQ,2,NO
2024,CA HISKY SRL,HYM,MOLDOVA,2843,NO
2025,CA HISKY SRL,HYM,MOLDOVA,2749,NO
2023,CA HISKY SRL,HYM,MOLDOVA,1562,NO
2023,HYPERION AVIATION LTD,HYP,MALTA,1701,NO
2025,HYPERION AVIATION LTD,HYP,MALTA,1253,NO
2019,HYPERION AVIATION LTD,HYP,MALTA,1014,NO
2024,HYPERION AVIATION LTD,HYP,MALTA,931,NO
2019,AIRLINK AIRWAYS LTD,HYR,IRELAND,360,NO
2024,HISKY EUROPE S.R.L.,HYS,ROMANIA,11719,NO
2025,HISKY EUROPE S.R.L.,HYS,ROMANIA,11405,NO
2023,HISKY EUROPE S.R.L.,HYS,ROMANIA,9928,NO
2025,YTO CARGO AIRLINES,HYT,CHINA,1109,NO
2024,YTO CARGO AIRLINES,HYT,CHINA,190,NO
2025,HAYWAYS LLC,HYY,ARMENIA,762,NO
2024,HAYWAYS LLC,HYY,ARMENIA,345,NO
2019,AVIATION HORIZONS,HZ*,SAUDI ARABIA,13,NO
2023,ALPHA STAR AVTN SVCS,HZA,SAUDI ARABIA,4,NO
2024,ALPHA STAR AVTN SVCS,HZA,SAUDI ARABIA,3,NO
2023,AVIATION HORIZONS,HZS,SAUDI ARABIA,93,NO
2024,AVIATION HORIZONS,HZS,SAUDI ARABIA,78,NO
2025,AVIATION HORIZONS,HZS,SAUDI ARABIA,58,NO
2023,IRAERO,IAE,RUSSIAN FEDERATION,2584,NO
2024,IRAERO,IAE,RUSSIAN FEDERATION,1932,NO
2025,IRAERO,IAE,RUSSIAN FEDERATION,1891,NO
2019,IRAERO,IAE,RUSSIAN FEDERATION,639,NO
2023,MIL ISRAEL,IAF,ISRAEL,319,NO
2025,MIL ISRAEL,IAF,ISRAEL,191,NO
2024,MIL ISRAEL,IAF,ISRAEL,181,NO
2019,MIL ISRAEL,IAF,ISRAEL,166,NO
2025,EPAG-NG,IAG,FRANCE,1921,NO
2019,EPAG-NG,IAG,FRANCE,1230,NO
2024,EPAG-NG,IAG,FRANCE,961,NO
2023,EPAG-NG,IAG,FRANCE,616,NO
2025,ITALIAN AIR FORCE,IAM,ITALY,10772,NO
2024,ITALIAN AIR FORCE,IAM,ITALY,9185,NO
2023,ITALIAN AIR FORCE,IAM,ITALY,8923,NO
2019,ITALIAN AIR FORCE,IAM,ITALY,7857,NO
2023,IBOM AIR,IAN,NIGERIA,20,NO
2024,IBOM AIR,IAN,NIGERIA,6,NO
2019,NATO INTEL SURV RECONNAISSANCE FORCE NISRF,IAV,AGS (MIL NATO),2,NO
2025,IRAQI AIRWAYS (2),IAW,IRAQ,6827,NO
2024,IRAQI AIRWAYS (2),IAW,IRAQ,6406,NO
2019,IRAQI AIRWAYS (2),IAW,IRAQ,6399,NO
2023,IRAQI AIRWAYS (2),IAW,IRAQ,4512,NO
2023,BINTER CANARIAS SA,IBB,SPAIN,42451,NO
2019,BINTER CANARIAS SA,IBB,SPAIN,41454,NO
2025,BINTER CANARIAS SA,IBB,SPAIN,26160,NO
2024,BINTER CANARIAS SA,IBB,SPAIN,24425,NO
2024,IBERIA,IBE,SPAIN,102803,NO
2025,IBERIA,IBE,SPAIN,101614,NO
2023,IBERIA,IBE,SPAIN,99240,NO
2019,IBERIA,IBE,SPAIN,95838,NO
2019,SKYHIGH LLC,IBG,USA,55,NO
2019,AIR TAXI & CHARTER INTERNATIONAL SL,IBJ,SPAIN,818,NO
2019,NORWEGIAN AIR INTL,IBK,IRELAND,78682,YES
2024,COMPANIA OPERADORA DE CORTO Y MEDIO RADIO IBERIA EXPRESS S.A.,IBS,SPAIN,44110,NO
2023,COMPANIA OPERADORA DE CORTO Y MEDIO RADIO IBERIA EXPRESS S.A.,IBS,SPAIN,41264,NO
2019,COMPANIA OPERADORA DE CORTO Y MEDIO RADIO IBERIA EXPRESS S.A.,IBS,SPAIN,39281,NO
2025,COMPANIA OPERADORA DE CORTO Y MEDIO RADIO IBERIA EXPRESS S.A.,IBS,SPAIN,37233,NO
2019,CARTO CATALUNYA,ICC,SPAIN,208,NO
2023,CARTO CATALUNYA,ICC,SPAIN,208,NO
2025,CARTO CATALUNYA,ICC,SPAIN,180,NO
2024,CARTO CATALUNYA,ICC,SPAIN,165,NO
2025,ICELANDAIR,ICE,ICELAND,40338,NO
2024,ICELANDAIR,ICE,ICELAND,38251,NO
2023,ICELANDAIR,ICE,ICELAND,36132,NO
2019,ICELANDAIR,ICE,ICELAND,28752,NO
2019,ICS AERO SM SRL,ICF,SAN MARINO,270,NO
2025,ICELAND COAST GUARD,ICG,ICELAND,116,NO
2023,ICELAND COAST GUARD,ICG,ICELAND,65,NO
2019,ICELAND COAST GUARD,ICG,ICELAND,50,NO
2024,ICELAND COAST GUARD,ICG,ICELAND,47,NO
2025,CHALLENGE AIRLINES,ICL,ISRAEL,1997,NO
2019,CHALLENGE AIRLINES,ICL,ISRAEL,1469,NO
2024,CHALLENGE AIRLINES,ICL,ISRAEL,1423,NO
2023,CHALLENGE AIRLINES,ICL,ISRAEL,991,NO
2025,CHC IRELAND LTD,ICS,UNITED KINGDOM,4,NO
2023,CARGOLUX ITALIA,ICV,ITALY,2525,NO
2024,CARGOLUX ITALIA,ICV,ITALY,2267,NO
2025,CARGOLUX ITALIA,ICV,ITALY,2084,NO
2019,CARGOLUX ITALIA,ICV,ITALY,2068,NO
2019,FAI RENT-A-JET GMBH,IFA,GERMANY,3825,NO
2025,FAI RENT-A-JET GMBH,IFA,GERMANY,3651,NO
2023,FAI RENT-A-JET GMBH,IFA,GERMANY,3092,NO
2024,FAI RENT-A-JET GMBH,IFA,GERMANY,3023,NO
2025,MIL INDIA,IFC,INDIA,180,NO
2023,MIL INDIA,IFC,INDIA,140,NO
2024,MIL INDIA,IFC,INDIA,128,NO
2019,MIL INDIA,IFC,INDIA,49,NO
2024,IFA INSTITUTO FORM.,IFJ,PORTUGAL,17,NO
2023,IFA INSTITUTO FORM.,IFJ,PORTUGAL,7,NO
2025,IFA INSTITUTO FORM.,IFJ,PORTUGAL,5,NO
2019,IFA INSTITUTO FORM.,IFJ,PORTUGAL,3,NO
2023,IFLY AVIATION,IFM,GREECE,607,NO
2024,IFLY AVIATION,IFM,GREECE,215,NO
2019,IFLY AVIATION,IFM,GREECE,129,NO
2025,IFLY AVIATION,IFM,GREECE,8,NO
2025,SKYTAXI SP. Z O.O.,IGA,POLAND,1113,NO
2024,SKYTAXI SP. Z O.O.,IGA,POLAND,742,NO
2019,SKYTAXI SP. Z O.O.,IGA,POLAND,667,NO
2023,SKYTAXI SP. Z O.O.,IGA,POLAND,507,NO
2019,IRAQ GATE,IGC,IRAQ,5,NO
2025,IRAQ GATE,IGC,IRAQ,1,NO
2025,INTERGLOBE AVTN LTD (T/A INDIGO),IGO,INDIA,13170,NO
2024,INTERGLOBE AVTN LTD (T/A INDIGO),IGO,INDIA,9170,NO
2023,INTERGLOBE AVTN LTD (T/A INDIGO),IGO,INDIA,7369,NO
2019,INTERGLOBE AVTN LTD (T/A INDIGO),IGO,INDIA,1056,NO
2025,GEORGIAN AIRLINES (IGT),IGT,GEORGIA,3226,NO
2024,GEORGIAN AIRLINES (IGT),IGT,GEORGIA,2626,NO
2023,GEORGIAN AIRLINES (IGT),IGT,GEORGIA,818,NO
2019,INTER ILES AIR,IIA,MADAGASCAR,2,NO
2019,INTERNATIONAL JET MANAGEMENT GMBH,IJM,AUSTRIA,3210,NO
2023,INTERNATIONAL JET MANAGEMENT GMBH,IJM,AUSTRIA,2942,NO
2024,INTERNATIONAL JET MANAGEMENT GMBH,IJM,AUSTRIA,2325,NO
2025,INTERNATIONAL JET MANAGEMENT GMBH,IJM,AUSTRIA,1993,NO
2023,IKAROS FLY,IKR,DENMARK,3,NO
2019,ZIMEX,IMX,SWITZERLAND,2623,NO
2024,ZIMEX,IMX,SWITZERLAND,1100,NO
2023,ZIMEX,IMX,SWITZERLAND,1026,NO
2025,ZIMEX,IMX,SWITZERLAND,930,NO
2025,AVINCIS AVIATION IBERIA SL,ING,SPAIN,4,NO
2025,INITIUM AVIATION S.L.,INI,SPAIN,993,NO
2023,INITIUM AVIATION S.L.,INI,SPAIN,844,NO
2024,INITIUM AVIATION S.L.,INI,SPAIN,795,NO
2019,INITIUM AVIATION S.L.,INI,SPAIN,245,NO
2025,AVINCIS AVIATION ESPANA SAU,INR,SPAIN,1232,NO
2024,AVINCIS AVIATION ESPANA SAU,INR,SPAIN,1075,NO
2019,AVINCIS AVIATION ESPANA SAU,INR,SPAIN,1035,NO
2023,AVINCIS AVIATION ESPANA SAU,INR,SPAIN,996,NO
2019,VFLIGHT AB,INU,SWEDEN,23,NO
2025,INVICTA AERO CLUB LTD,INV,UNITED KINGDOM,2,NO
2025,ISLE OF SCILLY BUS,IOS,UNITED KINGDOM,230,NO
2024,ISLE OF SCILLY BUS,IOS,UNITED KINGDOM,29,NO
2023,ISLE OF SCILLY BUS,IOS,UNITED KINGDOM,19,NO
2019,ISLE OF SCILLY BUS,IOS,UNITED KINGDOM,3,NO
2023,AIRPULL AVIATION,IPL,SPAIN,337,NO
2025,AIRPULL AVIATION,IPL,SPAIN,333,NO
2024,AIRPULL AVIATION,IPL,SPAIN,297,NO
2019,AIRPULL AVIATION,IPL,SPAIN,5,NO
2019,IRANAIR,IRA,IRAN,3640,NO
2023,IRANAIR,IRA,IRAN,2463,NO
2024,IRANAIR,IRA,IRAN,1792,NO
2025,IRANAIR,IRA,IRAN,924,NO
2024,IRAN AIR TOURS CO,IRB,IRAN,2407,NO
2023,IRAN AIR TOURS CO,IRB,IRAN,1972,NO
2025,IRAN AIR TOURS CO,IRB,IRAN,1828,NO
2019,IRAN AIR TOURS CO,IRB,IRAN,596,NO
2024,IRAN ASEMAN AIRLINE,IRC,IRAN,1041,NO
2023,IRAN ASEMAN AIRLINE,IRC,IRAN,665,NO
2019,IRAN ASEMAN AIRLINE,IRC,IRAN,614,NO
2025,IRAN ASEMAN AIRLINE,IRC,IRAN,387,NO
2023,MIL IRELAND,IRL,IRELAND,268,NO
2025,MIL IRELAND,IRL,IRELAND,188,NO
2024,MIL IRELAND,IRL,IRELAND,165,NO
2019,MIL IRELAND,IRL,IRELAND,73,NO
2019,MAHAN AIR,IRM,IRAN,4565,NO
2023,MAHAN AIR,IRM,IRAN,2428,NO
2024,MAHAN AIR,IRM,IRAN,1970,NO
2025,MAHAN AIR,IRM,IRAN,1442,NO
2025,TOOS AIRLINES,IRT,IRAN,8,NO
2025,ISRAIR AIRLINES & TOURISM LTD,ISR,ISRAEL,14731,NO
2024,ISRAIR AIRLINES & TOURISM LTD,ISR,ISRAEL,11444,NO
2023,ISRAIR AIRLINES & TOURISM LTD,ISR,ISRAEL,6669,NO
2019,ISRAIR AIRLINES & TOURISM LTD,ISR,ISRAEL,5597,NO
2019,AIR ITALY,ISS,ITALY,20460,NO
2019,AEROTAXI,ITE,CZECH REPUBLIC,421,NO
2025,AEROTAXI,ITE,CZECH REPUBLIC,160,NO
2023,AEROTAXI,ITE,CZECH REPUBLIC,154,NO
2024,AEROTAXI,ITE,CZECH REPUBLIC,146,NO
2025,INTAIRLINE,ITI,FRANCE,2049,NO
2023,INTAIRLINE,ITI,FRANCE,1571,NO
2024,INTAIRLINE,ITI,FRANCE,1301,NO
2019,INTAIRLINE,ITI,FRANCE,1112,NO
2025,ITALFLY S.R.L.,ITL,ITALY,1071,NO
2023,ITALFLY S.R.L.,ITL,ITALY,1053,NO
2024,ITALFLY S.R.L.,ITL,ITALY,992,NO
2019,ITALFLY S.R.L.,ITL,ITALY,465,NO
2024,ITALIA TRASPORTO AEREO S.P.A.,ITY,ITALY,139639,NO
2023,ITALIA TRASPORTO AEREO S.P.A.,ITY,ITALY,126067,NO
2025,ITALIA TRASPORTO AEREO S.P.A.,ITY,ITALY,124779,NO
2019,PRESIDENCE COTE D'IVOIRE,IVY,IVORY COAST,170,NO
2025,PRESIDENCE COTE D'IVOIRE,IVY,IVORY COAST,125,NO
2023,PRESIDENCE COTE D'IVOIRE,IVY,IVORY COAST,120,NO
2024,PRESIDENCE COTE D'IVOIRE,IVY,IVORY COAST,118,NO
2023,INTERCARIBBEAN AIRWAYS LTD,IWY,UNITED KINGDOM,11073,NO
2025,INTERCARIBBEAN AIRWAYS LTD,IWY,UNITED KINGDOM,8079,NO
2024,INTERCARIBBEAN AIRWAYS LTD,IWY,UNITED KINGDOM,8035,NO
2024,IXAIR DPT JET,IXR,FRANCE,1249,NO
2023,IXAIR DPT JET,IXR,FRANCE,1136,NO
2025,IXAIR DPT JET,IXR,FRANCE,1105,NO
2019,IXAIR DPT JET,IXR,FRANCE,789,NO
2019,YEMENIA,IYE,YEMEN,8,NO
2025,IZHAVIA AIR,IZA,RUSSIAN FEDERATION,139,NO
2023,IZHAVIA AIR,IZA,RUSSIAN FEDERATION,114,NO
2024,IZHAVIA AIR,IZA,RUSSIAN FEDERATION,111,NO
2023,ZAGROS AIRLINES,IZG,IRAN,180,NO
2024,ZAGROS AIRLINES,IZG,IRAN,86,NO
2019,ZAGROS AIRLINES,IZG,IRAN,48,NO
2025,ZAGROS AIRLINES,IZG,IRAN,16,NO
2019,JAPAN AIR COMMUTER,JAC,JAPAN,9,NO
2019,TUI AIRLINES - JAF,JAF,BELGIUM,37805,NO
2023,TUI AIRLINES - JAF,JAF,BELGIUM,24764,NO
2024,TUI AIRLINES - JAF,JAF,BELGIUM,23168,NO
2025,TUI AIRLINES - JAF,JAF,BELGIUM,21940,NO
2024,ALPHA SKY LLP,JAG,KAZAKHSTAN,397,NO
2025,ALPHA SKY LLP,JAG,KAZAKHSTAN,246,NO
2023,COLT INTERNATIONAL LLC,JAG,USA,53,NO
2019,JET AIRWAYS INDIA,JAI,INDIA,2075,NO
2024,JAPAN AIRLINES,JAL,JAPAN,7930,NO
2025,JAPAN AIRLINES,JAL,JAPAN,7719,NO
2023,JAPAN AIRLINES,JAL,JAPAN,7312,NO
2019,JAPAN AIRLINES,JAL,JAPAN,3713,NO
2023,AIRLINK,JAR,AUSTRIA,1102,NO
2024,AIRLINK,JAR,AUSTRIA,1074,NO
2019,AIRLINK,JAR,AUSTRIA,1056,NO
2025,AIRLINK,JAR,AUSTRIA,765,NO
2024,"JET AVIATION FLIGHT SERVICES, INC. ",JAS,USA,2287,NO
2023,"JET AVIATION FLIGHT SERVICES, INC. ",JAS,USA,2171,NO
2025,"JET AVIATION FLIGHT SERVICES, INC. ",JAS,USA,1790,NO
2019,"JET AVIATION FLIGHT SERVICES, INC. ",JAS,USA,451,NO
2025,JETSMART,JAT,CHILE,95,NO
2019,JETSMART,JAT,CHILE,32,NO
2023,JETSMART,JAT,CHILE,21,NO
2019,JORDAN AVIATION,JAV,JORDAN,1547,NO
2023,JORDAN AVIATION,JAV,JORDAN,1499,NO
2024,JORDAN AVIATION,JAV,JORDAN,1370,NO
2025,JORDAN AVIATION,JAV,JORDAN,1148,NO
2019,JASMIN AIRWAYS,JAW,TUNISIA,6,NO
2023,JETBEE CZECH S.R.O.,JBC,CZECH REPUBLIC,1010,NO
2024,JETBEE CZECH S.R.O.,JBC,CZECH REPUBLIC,978,NO
2025,JETBEE CZECH S.R.O.,JBC,CZECH REPUBLIC,945,NO
2019,JETBEE CZECH S.R.O.,JBC,CZECH REPUBLIC,737,NO
2025,JET AVIATION BUSINESS JETS DEUTSCHLAND GMBH,JBD,GERMANY,163,NO
2024,JET AVIATION BUSINESS JETS DEUTSCHLAND GMBH,JBD,GERMANY,131,NO
2023,JET AVIATION BUSINESS JETS DEUTSCHLAND GMBH,JBD,GERMANY,79,NO
2024,JETBLUE AIRWAYS,JBU,USA,12525,NO
2025,JETBLUE AIRWAYS,JBU,USA,10246,NO
2023,JETBLUE AIRWAYS,JBU,USA,9114,NO
2019,JETBLUE AIRWAYS,JBU,USA,351,NO
2024,TAG AVIATION UK LTD,JCB,UNITED KINGDOM,201,NO
2023,TAG AVIATION UK LTD,JCB,UNITED KINGDOM,168,NO
2019,AIR ALLIANCE AVIATION GMBH,JCL,GERMANY,1880,NO
2023,AIR ALLIANCE AVIATION GMBH,JCL,GERMANY,17,NO
2025,CONCIERGE U LTD,JCO,UNITED KINGDOM,1076,NO
2024,CONCIERGE U LTD,JCO,UNITED KINGDOM,843,NO
2023,CONCIERGE U LTD,JCO,UNITED KINGDOM,549,NO
2019,CONCIERGE U LTD,JCO,UNITED KINGDOM,181,NO
2025,"JET CHARTER, INC. DBA AVIATION RESOURCE MANAGEMENT, INC.",JCT,USA,88,NO
2023,"JET CHARTER, INC. DBA AVIATION RESOURCE MANAGEMENT, INC.",JCT,USA,78,NO
2019,"JET CHARTER, INC. DBA AVIATION RESOURCE MANAGEMENT, INC.",JCT,USA,71,NO
2024,"JET CHARTER, INC. DBA AVIATION RESOURCE MANAGEMENT, INC.",JCT,USA,69,NO
2024,ALASKA FINANCE HOLDINGS LLC,JCY,USA,217,NO
2023,ALASKA FINANCE HOLDINGS LLC,JCY,USA,197,NO
2025,ALASKA FINANCE HOLDINGS LLC,JCY,USA,180,NO
2025,JD AVIATION LTD,JDA,UNITED KINGDOM,50,NO
2019,JET STORY SP. Z O.O.,JDI,POLAND,2172,NO
2024,JET STORY SP. Z O.O.,JDI,POLAND,2086,NO
2023,JET STORY SP. Z O.O.,JDI,POLAND,1924,NO
2025,JET STORY SP. Z O.O.,JDI,POLAND,1612,NO
2019,JETFLITE,JEF,FINLAND,826,NO
2023,JETFLITE,JEF,FINLAND,817,NO
2024,JETFLITE,JEF,FINLAND,745,NO
2025,JETFLITE,JEF,FINLAND,634,NO
2019,JET EXECUTIVE INT.,JEI,GERMANY,1515,NO
2023,JET EXECUTIVE INT.,JEI,GERMANY,1388,NO
2025,JET EXECUTIVE INT.,JEI,GERMANY,1357,NO
2024,JET EXECUTIVE INT.,JEI,GERMANY,1346,NO
2019,JENIS AIR,JEN,KAZAKHSTAN,1,NO
2019,SVENSKT INDUSTRFLYG,JET,SWEDEN,1307,NO
2023,SVENSKT INDUSTRFLYG,JET,SWEDEN,830,NO
2024,SVENSKT INDUSTRFLYG,JET,SWEDEN,250,NO
2025,SVENSKT INDUSTRFLYG,JET,SWEDEN,102,NO
2025,JETFLY AVTN,JFA,LUXEMBOURG,19335,NO
2024,JETFLY AVTN,JFA,LUXEMBOURG,17324,NO
2023,JETFLY AVTN,JFA,LUXEMBOURG,16077,NO
2019,JETFLY AVTN,JFA,LUXEMBOURG,11413,NO
2024,INSTITUT NATIONAL DE L'INFORMATION GEOGRAPHIQUE ET FORESTIERE (IGN),JFF,FRANCE,1,NO
2025,JETFLY AIRLINE GMBH,JFL,AUSTRIA,1350,NO
2024,JETFLY AIRLINE GMBH,JFL,AUSTRIA,1284,NO
2023,JETFLY AIRLINE GMBH,JFL,AUSTRIA,1064,NO
2019,JETFLY AIRLINE GMBH,JFL,AUSTRIA,3,NO
2025,JETFLY AVIATION UK LTD,JFU,UNITED KINGDOM,79,NO
2019,MIL TURKEY,JGM,TÜRKIYE,27,NO
2023,MIL TURKEY,JGM,TÜRKIYE,9,NO
2025,JIVAIR,JIV,SWEDEN,429,NO
2019,JIVAIR,JIV,SWEDEN,393,NO
2023,JIVAIR,JIV,SWEDEN,307,NO
2024,JIVAIR,JIV,SWEDEN,216,NO
2023,JEJU AIR,JJA,KOREA,486,NO
2025,JEJU AIR,JJA,KOREA,448,NO
2024,JEJU AIR,JJA,KOREA,261,NO
2019,JEJU AIR,JJA,KOREA,8,NO
2019,REGIONAL GEODATA AIR,JJM,SPAIN,63,NO
2023,REGIONAL GEODATA AIR,JJM,SPAIN,53,NO
2024,REGIONAL GEODATA AIR,JJM,SPAIN,46,NO
2025,REGIONAL GEODATA AIR,JJM,SPAIN,16,NO
2023,JETSTAR JAPAN,JJP,JAPAN,3,NO
2025,JETSTAR JAPAN,JJP,JAPAN,3,NO
2023,JK JETKONTOR AG,JKH,GERMANY,1722,NO
2019,JK JETKONTOR AG,JKH,GERMANY,1305,NO
2024,JK JETKONTOR AG,JKH,GERMANY,27,NO
2025,JUSTICE AIR INC,JKR,USA,305,NO
2024,JUSTICE AIR INC,JKR,USA,258,NO
2023,JUSTICE AIR INC,JKR,USA,181,NO
2025,FLEXJET HELICOPTERS,JKY,UNITED KINGDOM,1,NO
2025,JET LOGISTICS INC,JLG,USA,428,NO
2019,JET LOGISTICS INC,JLG,USA,67,NO
2024,JET LOGISTICS INC,JLG,USA,5,NO
2023,JETCLUB MALTA LTD,JLN,MALTA,359,NO
2019,EJME AIRCRAFT MAN.,JME,PORTUGAL,2380,NO
2025,EJME AIRCRAFT MAN.,JME,PORTUGAL,1804,NO
2024,EJME AIRCRAFT MAN.,JME,PORTUGAL,1657,NO
2023,EJME AIRCRAFT MAN.,JME,PORTUGAL,1326,NO
2025,SAM AIRWAYS,JMJ,SENEGAL,2,NO
2019,JETMAGIC LTD. MALTA,JMK,MALTA,192,NO
2023,JETMAGIC LTD. MALTA,JMK,MALTA,107,NO
2024,JET AVIATION FLIGHT SERVICES MALTA LTD,JML,MALTA,320,NO
2023,JET AVIATION FLIGHT SERVICES MALTA LTD,JML,MALTA,283,NO
2019,JET AVIATION FLIGHT SERVICES MALTA LTD,JML,MALTA,78,NO
2025,JET AVIATION FLIGHT SERVICES MALTA LTD,JML,MALTA,75,NO
2019,BUSINESSWINGS,JMP,GERMANY,1498,NO
2023,BUSINESSWINGS,JMP,GERMANY,1459,NO
2024,BUSINESSWINGS,JMP,GERMANY,1279,NO
2025,BUSINESSWINGS,JMP,GERMANY,815,NO
2019,ARC EN CIEL AVTN,JMS,SENEGAL,125,NO
2024,ARC EN CIEL AVTN,JMS,SENEGAL,63,NO
2023,ARC EN CIEL AVTN,JMS,SENEGAL,24,NO
2023,"JIN AIR CO., LTD",JNA,KOREA,391,NO
2025,JOINJET A/S,JNJ,DENMARK,689,NO
2024,JOINJET A/S,JNJ,DENMARK,413,NO
2019,AIRCOMPANY JONIKA LLC,JNK,UKRAINE,585,NO
2019,JET NETHERLANDS B.V.,JNL,NETHERLANDS,519,NO
2023,JET NETHERLANDS B.V.,JNL,NETHERLANDS,4,NO
2024,JET NETHERLANDS B.V.,JNL,NETHERLANDS,4,NO
2023,JET SUPPORT SERVICES,JNS,NIGERIA,788,NO
2025,JET SUPPORT SERVICES,JNS,NIGERIA,451,NO
2024,JET SUPPORT SERVICES,JNS,NIGERIA,110,NO
2024,JOURNEY AVIATION LLC,JNY,USA,1200,NO
2023,JOURNEY AVIATION LLC,JNY,USA,1156,NO
2025,JOURNEY AVIATION LLC,JNY,USA,1115,NO
2019,JOURNEY AVIATION LLC,JNY,USA,8,NO
2023,DAN AIR S.R.L.,JOC,ROMANIA,678,NO
2019,DAN AIR S.R.L.,JOC,ROMANIA,6,NO
2024,JONAIR AFFARSFLYG AB,JON,SWEDEN,6185,NO
2025,JONAIR AFFARSFLYG AB,JON,SWEDEN,6177,NO
2023,JONAIR AFFARSFLYG AB,JON,SWEDEN,4388,NO
2019,JONAIR AFFARSFLYG AB,JON,SWEDEN,2032,NO
2019,JUPITER JET LLP,JPJ,KAZAKHSTAN,183,NO
2024,JET POOL NETWORK,JPV,AUSTRIA,776,NO
2023,JET POOL NETWORK,JPV,AUSTRIA,772,NO
2025,JET POOL NETWORK,JPV,AUSTRIA,385,NO
2025,"EXCLUSIVE JETS LLC, DBA FLYEXCLUSIVE",JRE,USA,1553,NO
2023,"EXCLUSIVE JETS LLC, DBA FLYEXCLUSIVE",JRE,USA,1383,NO
2024,"EXCLUSIVE JETS LLC, DBA FLYEXCLUSIVE",JRE,USA,462,NO
2024,JETSTAR ASIA,JSA,SINGAPORE,15909,NO
2023,JETSTAR ASIA,JSA,SINGAPORE,12169,NO
2025,JETSTAR ASIA,JSA,SINGAPORE,10305,NO
2024,JETSTREAM AVTN (FC),JSC,CONGO (BRAZZAVILLE),126,NO
2025,JETSTREAM AVTN (FC),JSC,CONGO (BRAZZAVILLE),107,NO
2025,B. J. AVIATION D.O.O.,JSD,SLOVENIA,1715,NO
2024,B. J. AVIATION D.O.O.,JSD,SLOVENIA,183,NO
2025,JET STREAM CHARTER D.O.O.,JSF,SLOVENIA,314,NO
2024,B. J. AVIATION KFT.,JSG,HUNGARY,2292,NO
2023,B. J. AVIATION KFT.,JSG,HUNGARY,1014,NO
2025,B. J. AVIATION KFT.,JSG,HUNGARY,469,NO
2019,JET-STREAM KFT,JSH,HUNGARY,1183,YES
2019,JET AIR GROUP JSC,JSI,RUSSIAN FEDERATION,387,NO
2024,JET AIR GROUP JSC,JSI,RUSSIAN FEDERATION,137,NO
2025,JET AIR GROUP JSC,JSI,RUSSIAN FEDERATION,117,NO
2023,JET AIR GROUP JSC,JSI,RUSSIAN FEDERATION,113,NO
2023,JOEN SERVICE OY,JSM,FINLAND,559,NO
2024,JOEN SERVICE OY,JSM,FINLAND,45,NO
2025,JETSTAR AIRWAYS,JST,AUSTRALIA,5501,NO
2024,JETSTAR AIRWAYS,JST,AUSTRALIA,2864,NO
2023,JETSTAR AIRWAYS,JST,AUSTRALIA,1910,NO
2019,DELUX PUBLIC,JSX,USA,13,NO
2023,JUNG SKY D.O.O.,JSY,CROATIA,1561,NO
2024,JUNG SKY D.O.O.,JSY,CROATIA,1498,NO
2025,JUNG SKY D.O.O.,JSY,CROATIA,1303,NO
2019,JUNG SKY D.O.O.,JSY,CROATIA,1270,NO
2025,JETICA LLC,JTC,RUSSIAN FEDERATION,491,NO
2024,JETICA LLC,JTC,RUSSIAN FEDERATION,410,NO
2023,JETICA LLC,JTC,RUSSIAN FEDERATION,3,NO
2024,JETTIME A/S,JTD,DENMARK,7934,NO
2023,JETTIME A/S,JTD,DENMARK,6398,NO
2025,JETTIME A/S,JTD,DENMARK,6212,NO
2019,JETTIME A/S,JTG,DENMARK,8299,NO
2025,JETHOUSE LIMITED,JTH,MALTA,290,NO
2024,JETHOUSE LIMITED,JTH,MALTA,69,NO
2019,IMPERIAL JET EUROPE,JTI,GERMANY,543,NO
2023,IMPERIAL JET EUROPE,JTI,GERMANY,253,NO
2024,IMPERIAL JET EUROPE,JTI,GERMANY,195,NO
2025,IMPERIAL JET EUROPE,JTI,GERMANY,12,NO
2024,JET SKY AIRWAYS LTD,JTK,BULGARIA,252,NO
2025,JET SKY AIRWAYS LTD,JTK,BULGARIA,5,NO
2025,JET LINX OMAHA,JTL,USA,1181,NO
2024,JET LINX OMAHA,JTL,USA,1118,NO
2019,JET LINX OMAHA,JTL,USA,472,NO
2023,JET LINX OMAHA,JTL,USA,277,NO
2019,JET TEST & TRANSPORT,JTN,USA,52,NO
2024,JET TEST & TRANSPORT,JTN,USA,16,NO
2023,JET TEST & TRANSPORT,JTN,USA,9,NO
2025,JET TEST & TRANSPORT,JTN,USA,6,NO
2019,EXECUTIVE AVIATION SERVICES LTD,JTR,UNITED KINGDOM,40,NO
2019,ZEMAN FTL,JTS,GERMANY,173,NO
2025,JETOLOGY GMBH,JTY,AUSTRIA,545,NO
2024,JETOLOGY GMBH,JTY,AUSTRIA,354,NO
2023,JETOLOGY GMBH,JTY,AUSTRIA,204,NO
2025,NICHOLAS SERVICES LLC DBA NICHOLAS AIR,JTZ,USA,166,NO
2024,NICHOLAS SERVICES LLC DBA NICHOLAS AIR,JTZ,USA,37,NO
2023,JUMP AIR UAB,JUP,LITHUANIA,2221,NO
2024,JUMP AIR UAB,JUP,LITHUANIA,1756,NO
2025,JUMP AIR UAB,JUP,LITHUANIA,126,NO
2025,JETVIEW GMBH,JVW,AUSTRIA,562,NO
2024,JETVIEW GMBH,JVW,AUSTRIA,522,NO
2023,JETVIEW GMBH,JVW,AUSTRIA,26,NO
2023,PRIMERA AIR,JXX,ICELAND,246,NO
2024,PRIMERA AIR,JXX,ICELAND,125,NO
2025,PRIMERA AIR,JXX,ICELAND,22,NO
2024,JAZEERA AIRWAYS,JZR,KUWAIT,6694,NO
2025,JAZEERA AIRWAYS,JZR,KUWAIT,6129,NO
2023,JAZEERA AIRWAYS,JZR,KUWAIT,3366,NO
2019,JAZEERA AIRWAYS,JZR,KUWAIT,1424,NO
2023,KUWAIT AIRWAYS,KAC,KUWAIT,9996,NO
2024,KUWAIT AIRWAYS,KAC,KUWAIT,9927,NO
2025,KUWAIT AIRWAYS,KAC,KUWAIT,9807,NO
2019,KUWAIT AIRWAYS,KAC,KUWAIT,6987,NO
2023,MIL KUWAIT,KAF,KUWAIT,536,NO
2025,MIL KUWAIT,KAF,KUWAIT,492,NO
2024,MIL KUWAIT,KAF,KUWAIT,363,NO
2019,MIL KUWAIT,KAF,KUWAIT,156,NO
2019,KAISERAIR,KAI,USA,304,NO
2025,KAISERAIR,KAI,USA,186,NO
2024,KAISERAIR,KAI,USA,105,NO
2023,KAISERAIR,KAI,USA,78,NO
2023,"KOREAN AIR LINES CO., LTD.",KAL,KOREA,15564,NO
2024,"KOREAN AIR LINES CO., LTD.",KAL,KOREA,15423,NO
2025,"KOREAN AIR LINES CO., LTD.",KAL,KOREA,14984,NO
2019,"KOREAN AIR LINES CO., LTD.",KAL,KOREA,10223,NO
2019,SUNKAR AIR,KAM,KAZAKHSTAN,15,NO
2019,IKAR LLC,KAR,RUSSIAN FEDERATION,1094,NO
2024,IKAR LLC,KAR,RUSSIAN FEDERATION,901,NO
2023,IKAR LLC,KAR,RUSSIAN FEDERATION,800,NO
2025,IKAR LLC,KAR,RUSSIAN FEDERATION,791,NO
2019,ARMENIAN HELICOPTERS,KAV,ARMENIA,11,NO
2023,ARMENIAN HELICOPTERS,KAV,ARMENIA,9,NO
2024,ARMENIAN HELICOPTERS,KAV,ARMENIA,4,NO
2025,ARMENIAN HELICOPTERS,KAV,ARMENIA,1,NO
2024,K5-AVIATION GMBH,KAY,GERMANY,911,NO
2019,K5-AVIATION GMBH,KAY,GERMANY,906,NO
2025,K5-AVIATION GMBH,KAY,GERMANY,900,NO
2023,K5-AVIATION GMBH,KAY,GERMANY,758,NO
2025,COMLUX-KZ,KAZ,KAZAKHSTAN,86,NO
2019,COMLUX-KZ,KAZ,KAZAKHSTAN,39,NO
2023,COMLUX-KZ,KAZ,KAZAKHSTAN,23,NO
2024,COMLUX-KZ,KAZ,KAZAKHSTAN,15,NO
2019,JETKEY SAS,KBD,FRANCE,859,NO
2019,KUSTBEVAKNINGEN,KBV,SWEDEN,361,NO
2025,KUSTBEVAKNINGEN,KBV,SWEDEN,339,NO
2024,KUSTBEVAKNINGEN,KBV,SWEDEN,305,NO
2023,KUSTBEVAKNINGEN,KBV,SWEDEN,301,NO
2025,MIL INDONESIA (2),KCN,INDONESIA,157,NO
2024,MIL INDONESIA (2),KCN,INDONESIA,42,NO
2019,KAZ AIR JET,KEJ,KAZAKHSTAN,603,NO
2024,KAZ AIR JET,KEJ,KAZAKHSTAN,462,NO
2025,KAZ AIR JET,KEJ,KAZAKHSTAN,436,NO
2023,KAZ AIR JET,KEJ,KAZAKHSTAN,192,NO
2019,KERMAS AVIATION,KER,MALTA,103,NO
2024,SUPERIOR TRANSPORTATION ASSOCIATES-STAJETS,KFB,USA,335,NO
2023,SUPERIOR TRANSPORTATION ASSOCIATES-STAJETS,KFB,USA,309,NO
2025,SUPERIOR TRANSPORTATION ASSOCIATES-STAJETS,KFB,USA,177,NO
2019,SUPERIOR TRANSPORTATION ASSOCIATES-STAJETS,KFB,USA,116,NO
2019,SKYFIRST LIMITED,KFE,MALTA,785,NO
2023,SKYFIRST LIMITED,KFE,MALTA,739,NO
2024,SKYFIRST LIMITED,KFE,MALTA,656,NO
2025,SKYFIRST LIMITED,KFE,MALTA,419,NO
2019,KALITTA CHARTERS,KFS,USA,79,NO
2025,KALITTA CHARTERS,KFS,USA,30,NO
2023,KALITTA CHARTERS,KFS,USA,25,NO
2023,SAPSAN AIRLINE,KGB,KYRGYZSTAN,66,NO
2025,SAPSAN AIRLINE,KGB,KYRGYZSTAN,49,NO
2024,SAPSAN AIRLINE,KGB,KYRGYZSTAN,3,NO
2025,AIR KG,KGC,KYRGYZSTAN,100,NO
2024,AIR KG,KGC,KYRGYZSTAN,92,NO
2023,AIR KG,KGC,KYRGYZSTAN,6,NO
2019,AIR KG,KGC,KYRGYZSTAN,4,NO
2019,SKY KG AIRLINES,KGK,KYRGYZSTAN,3,NO
2025,KANGALA AIR EXPRESS,KGL,BURKINA FASO,132,NO
2024,KAP KG AIR,KGS,KYRGYZSTAN,3,NO
2019,ALEXANDRIA AIRLINES,KHH,EGYPT,53,NO
2024,ALEXANDRIA AIRLINES,KHH,EGYPT,44,NO
2023,ALEXANDRIA AIRLINES,KHH,EGYPT,18,NO
2025,ALEXANDRIA AIRLINES,KHH,EGYPT,8,NO
2025,KAREN,KHS,SWITZERLAND,29,NO
2024,KISH AIR,KIS,IRAN,72,NO
2019,KISH AIR,KIS,IRAN,16,NO
2025,MIL NEW ZEALAND,KIW,NEW ZEALAND,75,NO
2024,MIL NEW ZEALAND,KIW,NEW ZEALAND,11,NO
2019,MIL NEW ZEALAND,KIW,NEW ZEALAND,3,NO
2024,MINISTERE DE LA DEFENSE NAT.,KJD,ALGERIA,116,NO
2023,MINISTERE DE LA DEFENSE NAT.,KJD,ALGERIA,93,NO
2025,MINISTERE DE LA DEFENSE NAT.,KJD,ALGERIA,84,NO
2019,MINISTERE DE LA DEFENSE NAT.,KJD,ALGERIA,71,NO
2023,KAPAJET S.A.,KJE,GREECE,181,NO
2019,KAPAJET S.A.,KJE,GREECE,96,NO
2019,ATLASJET AIRLINES,KKK,TÜRKIYE,18330,NO
2023,MAVI BASKENT INSAAT,KLH,TÜRKIYE,3,NO
2024,MAVI BASKENT INSAAT,KLH,TÜRKIYE,2,NO
2019,KLASJET,KLJ,LITHUANIA,840,NO
2023,KLASJET,KLJ,LITHUANIA,835,NO
2025,KLASJET,KLJ,LITHUANIA,654,NO
2024,KLASJET,KLJ,LITHUANIA,594,NO
2025,KLM,KLM,NETHERLANDS,262770,NO
2024,KLM,KLM,NETHERLANDS,259065,NO
2019,KLM,KLM,NETHERLANDS,257776,NO
2023,KLM,KLM,NETHERLANDS,237472,NO
2019,KOMIAVIAVIATRANS 2,KMA,RUSSIAN FEDERATION,1,NO
2025,CAMBODIA AIRWAYS,KME,CAMBODIA,846,NO
2024,CAMBODIA AIRWAYS,KME,CAMBODIA,548,NO
2025,KAM AIR,KMF,AFGHANISTAN,667,NO
2024,KAM AIR,KMF,AFGHANISTAN,632,NO
2019,KAM AIR,KMF,AFGHANISTAN,563,NO
2023,KAM AIR,KMF,AFGHANISTAN,337,NO
2025,K-MILE AIR COMPANY,KMI,THAILAND,2121,NO
2024,K-MILE AIR COMPANY,KMI,THAILAND,1645,NO
2023,K-MILE AIR COMPANY,KMI,THAILAND,1009,NO
2025,KM MALTA AIRLINES,KMM,MALTA,12896,NO
2024,KM MALTA AIRLINES,KMM,MALTA,10269,NO
2025,FLYNAS,KNE,SAUDI ARABIA,10343,NO
2023,FLYNAS,KNE,SAUDI ARABIA,8886,NO
2024,FLYNAS,KNE,SAUDI ARABIA,8763,NO
2019,FLYNAS,KNE,SAUDI ARABIA,4362,NO
2019,CHESHIRE HELIC. LTD,KNM,UNITED KINGDOM,1,NO
2023,HARPIN,KNM,UNITED KINGDOM,1,NO
2025,"FLIGHTPATH CHARTER AIRWAYS, INC",KNT,CANADA,673,NO
2024,"FLIGHTPATH CHARTER AIRWAYS, INC",KNT,CANADA,140,NO
2019,"FLIGHTPATH CHARTER AIRWAYS, INC",KNT,CANADA,23,NO
2023,SETAIR,KOC,TÜRKIYE,801,NO
2025,SETAIR,KOC,TÜRKIYE,745,NO
2024,SETAIR,KOC,TÜRKIYE,743,NO
2019,SETAIR,KOC,TÜRKIYE,565,NO
2023,AIR CONNECT AVIATION GROUP S.A.,KON,ROMANIA,1027,NO
2023,FLY ALLIANCE INC.,KPO,USA,2380,NO
2025,AYLA AVIATION LLC - FZ,KPO,UNITED ARAB EMIRATES,1618,NO
2024,FLY ALLIANCE INC.,KPO,USA,804,NO
2023,KENYA AIRWAYS,KQA,KENYA,5023,NO
2024,KENYA AIRWAYS,KQA,KENYA,4997,NO
2025,KENYA AIRWAYS,KQA,KENYA,4134,NO
2019,KENYA AIRWAYS,KQA,KENYA,3914,NO
2023,CARPATAIR,KRP,ROMANIA,698,NO
2019,CARPATAIR,KRP,ROMANIA,543,NO
2025,CARPATAIR,KRP,ROMANIA,148,NO
2024,CARPATAIR,KRP,ROMANIA,135,NO
2023,KARUN AIRLINES,KRU,IRAN,76,NO
2024,KARUN AIRLINES,KRU,IRAN,40,NO
2025,MAVI BASKENT INSAAT,KSK,TÜRKIYE,8,NO
2019,KOSMOS,KSM,RUSSIAN FEDERATION,34,NO
2023,KOSMOS,KSM,RUSSIAN FEDERATION,7,NO
2019,PTL LUFTFAHRTUNTERN.,KST,GERMANY,145,NO
2024,PTL LUFTFAHRTUNTERN.,KST,GERMANY,3,NO
2023,PTL LUFTFAHRTUNTERN.,KST,GERMANY,1,NO
2025,SUNRISE AIRWAYS,KSZ,HAITI,1585,NO
2024,SUNRISE AIRWAYS,KSZ,HAITI,1239,NO
2023,SUNRISE AIRWAYS,KSZ,HAITI,116,NO
2019,TRANSAVIABALTIKA,KTB,LITHUANIA,3182,NO
2023,TRANSAVIABALTIKA,KTB,LITHUANIA,77,NO
2024,KYRGYZ TRANS AVIA,KTC,KYRGYZSTAN,400,NO
2019,AZUR AIR LLC,KTK,RUSSIAN FEDERATION,16111,NO
2019,SKYAVIATRANS LLC,KTR,UKRAINE,48,NO
2019,KAZ AIR TRANS,KUY,KAZAKHSTAN,9,NO
2024,SKY LEASE CARGO,KYE,USA,53,NO
2019,SKY LEASE CARGO,KYE,USA,4,NO
2023,AVIASERVICE LLC,KZN,RUSSIAN FEDERATION,919,NO
2019,AVIASERVICE LLC,KZN,RUSSIAN FEDERATION,913,NO
2024,AVIASERVICE LLC,KZN,RUSSIAN FEDERATION,696,NO
2025,AVIASERVICE LLC,KZN,RUSSIAN FEDERATION,471,NO
2023,AIR ASTANA JSC,KZR,KAZAKHSTAN,8445,NO
2024,AIR ASTANA JSC,KZR,KAZAKHSTAN,7906,NO
2025,AIR ASTANA JSC,KZR,KAZAKHSTAN,5983,NO
2019,AIR ASTANA JSC,KZR,KAZAKHSTAN,5397,NO
2025,ULS AIRLINES CARGO,KZU,TÜRKIYE,147,NO
2024,ULS AIRLINES CARGO,KZU,TÜRKIYE,34,NO
2023,ULS AIRLINES CARGO,KZU,TÜRKIYE,10,NO
2019,ULS AIRLINES CARGO,KZU,TÜRKIYE,9,NO
2019,LIBYAN AIRLINES,LAA,LIBYA,1442,NO
2023,LIBYAN AIRLINES,LAA,LIBYA,612,NO
2024,LIBYAN AIRLINES,LAA,LIBYA,325,NO
2025,LIBYAN AIRLINES,LAA,LIBYA,236,NO
2019,LOCKHEED MARTIN CORPORATION,LAC,USA,47,NO
2023,LOCKHEED MARTIN CORPORATION,LAC,USA,12,NO
2025,LOCKHEED MARTIN CORPORATION,LAC,USA,3,NO
2024,LINEA AEREA CARGUERA DE COLOMBIA SA,LAE,COLOMBIA,787,NO
2023,LINEA AEREA CARGUERA DE COLOMBIA SA,LAE,COLOMBIA,576,NO
2025,LINEA AEREA CARGUERA DE COLOMBIA SA,LAE,COLOMBIA,158,NO
2023,MIL LATVIA,LAF,LATVIA,27,NO
2024,MIL LATVIA,LAF,LATVIA,21,NO
2019,MIL LATVIA,LAF,LATVIA,7,NO
2023,LEGEND AIRLINES,LAL,ROMANIA,88,NO
2024,LEGEND AIRLINES,LAL,ROMANIA,46,NO
2025,LEGEND AIRLINES,LAL,ROMANIA,13,NO
2024,LAM,LAM,MOZAMBIQUE,239,NO
2023,LAM,LAM,MOZAMBIQUE,18,NO
2025,LAM,LAM,MOZAMBIQUE,15,NO
2019,LAM,LAM,MOZAMBIQUE,2,NO
2024,LATAM AIRLINES GROUP S.A.,LAN,CHILE,2718,NO
2023,LATAM AIRLINES GROUP S.A.,LAN,CHILE,2535,NO
2025,LATAM AIRLINES GROUP S.A.,LAN,CHILE,2393,NO
2019,LATAM AIRLINES GROUP S.A.,LAN,CHILE,2202,NO
2024,LAO AIRLINES,LAO,LAOS,4,YES
2025,LIONS AIR,LAS,SWITZERLAND,15,NO
2024,LIONS AIR,LAS,SWITZERLAND,1,NO
2019,ALBA STAR S.A.,LAV,SPAIN,4371,NO
2025,ALBA STAR S.A.,LAV,SPAIN,4036,NO
2024,ALBA STAR S.A.,LAV,SPAIN,3961,NO
2023,ALBA STAR S.A.,LAV,SPAIN,3768,NO
2024,LIZ AVIATION,LAZ,BURKINA FASO,80,NO
2025,LIZ AVIATION,LAZ,BURKINA FASO,6,NO
2023,LIZ AVIATION,LAZ,BURKINA FASO,4,NO
2025,NOUVELAIR TUNISIE,LBT,TUNISIA,18169,NO
2024,NOUVELAIR TUNISIE,LBT,TUNISIA,16598,NO
2023,NOUVELAIR TUNISIE,LBT,TUNISIA,14786,NO
2019,NOUVELAIR TUNISIE,LBT,TUNISIA,10783,NO
2025,EXECUTIVE AUTHORITY,LBY,LIBYA,23,NO
2025,LAN CARGO SA,LCO,CHILE,4392,NO
2024,LAN CARGO SA,LCO,CHILE,3655,NO
2023,LAN CARGO SA,LCO,CHILE,3000,NO
2019,LAN CARGO SA,LCO,CHILE,1124,NO
2023,LEADING EDGE AVIATION LTD,LDG,UNITED KINGDOM,1035,NO
2024,LEADING EDGE AVIATION LTD,LDG,UNITED KINGDOM,530,NO
2025,LEADING EDGE AVIATION LTD,LDG,UNITED KINGDOM,522,NO
2019,LAUDAMOTION GMBH,LDM,AUSTRIA,35943,NO
2023,SPARFELL LUFTFAHRT GMBH,LDX,AUSTRIA,3808,NO
2024,SPARFELL LUFTFAHRT GMBH,LDX,AUSTRIA,3117,NO
2025,SPARFELL LUFTFAHRT GMBH,LDX,AUSTRIA,2967,NO
2019,SPARFELL LUFTFAHRT GMBH,LDX,AUSTRIA,1782,NO
2019,UNIJET,LEA,FRANCE,884,NO
2023,UNIJET,LEA,FRANCE,351,NO
2025,UNIJET,LEA,FRANCE,341,NO
2024,UNIJET,LEA,FRANCE,231,NO
2019,FIELD GROUP AVIATION AS,LED,NORWAY,320,NO
2023,FIELD GROUP AVIATION AS,LED,NORWAY,226,NO
2025,FIELD GROUP AVIATION AS,LED,NORWAY,225,NO
2024,FIELD GROUP AVIATION AS,LED,NORWAY,178,NO
2023,MIL QATAR,LEE,QATAR,1,NO
2025,FSH LUFTFAHRTUNTERN,LEJ,GERMANY,1069,NO
2025,"LINEA AEREA DE SERVICIO EJECUTIVO REGIONAL, C.A",LER,VENEZUELA,284,NO
2024,"LINEA AEREA DE SERVICIO EJECUTIVO REGIONAL, C.A",LER,VENEZUELA,204,NO
2019,LIONS AIR,LEU,SWITZERLAND,180,NO
2023,LIONS AIR,LEU,SWITZERLAND,80,NO
2024,LEXAIR CORPORATE AVIATION,LEX,USA,48,NO
2025,LEXAIR CORPORATE AVIATION,LEX,USA,41,NO
2023,LEXAIR CORPORATE AVIATION,LEX,USA,32,NO
2024,L3 CTS AIRLINE AND ACADEMY TRAINING LTD,LFA,UNITED KINGDOM,609,NO
2023,L3 CTS AIRLINE AND ACADEMY TRAINING LTD,LFA,UNITED KINGDOM,528,NO
2025,L3 CTS AIRLINE AND ACADEMY TRAINING LTD,LFA,UNITED KINGDOM,477,NO
2025,INTL TRIP PLANNING,LFK,USA,1,NO
2025,DLR BRAUNSCHWEIG,LFO,GERMANY,72,NO
2023,DLR BRAUNSCHWEIG,LFO,GERMANY,48,NO
2019,DLR BRAUNSCHWEIG,LFO,GERMANY,40,NO
2024,DLR BRAUNSCHWEIG,LFO,GERMANY,33,NO
2019,LUXAIR,LGL,LUXEMBOURG,33150,NO
2023,LUXAIR,LGL,LUXEMBOURG,32019,NO
2024,LUXAIR,LGL,LUXEMBOURG,31149,NO
2025,LUXAIR,LGL,LUXEMBOURG,30170,NO
2019,LONGTAIL AVTN,LGT,BERMUDA,122,NO
2019,LGW,LGW,GERMANY,42,NO
2025,LONGHAO AIRLINES,LHA,CHINA,645,NO
2024,LONGHAO AIRLINES,LHA,CHINA,101,NO
2023,LONGHAO AIRLINES,LHA,CHINA,30,NO
2025,LIEBHERR AVIATION,LHB,GERMANY,986,NO
2024,LIEBHERR AVIATION,LHB,GERMANY,906,NO
2023,LIEBHERR AVIATION,LHB,GERMANY,872,NO
2019,LIEBHERR AVIATION,LHB,GERMANY,791,NO
2025,A2B HELI (CHARTERS) LTD,LHC,UNITED KINGDOM,2,NO
2025,LAHAK AVIATION,LHK,ISRAEL,324,NO
2024,LAHAK AVIATION,LHK,ISRAEL,92,NO
2023,LAHAK AVIATION,LHK,ISRAEL,9,NO
2025,LUFTHANSA CITY AIRLINES GMBH,LHX,GERMANY,15626,NO
2024,LUFTHANSA CITY AIRLINES GMBH,LHX,GERMANY,2784,NO
2023,LUFTHANSA CITY AIRLINES GMBH,LHX,GERMANY,8,NO
2019,UNKNOWN OPERATOR,LIA,NA,2113,NO
2023,LIAT,LIA,NA,865,NO
2024,LIAT,LIA,NA,40,NO
2025,BE AERO HAVACILIK,LIB,TÜRKIYE,2,NO
2019,UBC INVESTMENTS LP,LIC,UKRAINE,4,NO
2023,ALIDAUNIA,LID,ITALY,1938,NO
2019,ALIDAUNIA,LID,ITALY,1725,NO
2024,ALIDAUNIA,LID,ITALY,1607,NO
2025,ALIDAUNIA,LID,ITALY,1136,NO
2019,ANWB MEDICAL AIR ASS,LIF,NETHERLANDS,6,NO
2024,FLY LILI SRL,LIL,ROMANIA,1998,NO
2025,FLY LILI SRL,LIL,ROMANIA,734,NO
2023,FLY LILI SRL,LIL,ROMANIA,537,NO
2019,LIPICAN AER D.O.O.,LIP,SLOVENIA,549,NO
2025,LIPICAN AER D.O.O.,LIP,SLOVENIA,505,NO
2024,LIPICAN AER D.O.O.,LIP,SLOVENIA,504,NO
2023,LIPICAN AER D.O.O.,LIP,SLOVENIA,500,NO
2023,LEISURE ONE FLY SRL,LIT,ITALY,4,NO
2025,REGENCY JET,LJC,UNITED KINGDOM,1322,NO
2023,REGENCY JET,LJC,UNITED KINGDOM,1145,NO
2024,REGENCY JET,LJC,UNITED KINGDOM,972,NO
2025,LUCKY AIR LTD,LKE,CHINA,4,NO
2023,"AVIATION ADVISOR, INC.",LKF,USA,32,NO
2025,"AVIATION ADVISOR, INC.",LKF,USA,16,NO
2023,LIFE LINE AVIAT. (2),LLK,GREECE,1401,NO
2024,LIFE LINE AVIAT. (2),LLK,GREECE,1387,NO
2025,LIFE LINE AVIAT. (2),LLK,GREECE,1353,NO
2019,LIFE LINE AVIAT. (2),LLK,GREECE,823,NO
2019,YAMAL,LLM,RUSSIAN FEDERATION,2288,NO
2023,YAMAL,LLM,RUSSIAN FEDERATION,923,NO
2023,CLASSIC JET UAB,LLT,LITHUANIA,741,NO
2019,CLASSIC JET UAB,LLT,LITHUANIA,597,NO
2024,CLASSIC JET UAB,LLT,LITHUANIA,507,NO
2025,CLASSIC JET UAB,LLT,LITHUANIA,73,NO
2023,MIL SOUTH AFRICA,LMG,SOUTH AFRICA,1,NO
2019,"LUXAVIATION E.A,S.A.",LMJ,PORTUGAL,1203,NO
2023,"LUXAVIATION E.A,S.A.",LMJ,PORTUGAL,925,NO
2024,"LUXAVIATION E.A,S.A.",LMJ,PORTUGAL,635,NO
2025,"LUXAVIATION E.A,S.A.",LMJ,PORTUGAL,369,NO
2019,GRANTEX AVIATION,LMK,UNITED KINGDOM,2,NO
2025,ALMASRIA,LMU,EGYPT,5602,NO
2024,ALMASRIA,LMU,EGYPT,2730,NO
2019,ALMASRIA,LMU,EGYPT,2494,NO
2023,ALMASRIA,LMU,EGYPT,1487,NO
2019,LATAM AIRLINES ECUADOR S.A,LNE,ECUADOR,300,NO
2024,LATAM AIRLINES ECUADOR S.A,LNE,ECUADOR,60,NO
2025,LATAM AIRLINES ECUADOR S.A,LNE,ECUADOR,38,NO
2023,LION AIRLINES,LNI,INDONESIA,17252,NO
2024,LION AIRLINES,LNI,INDONESIA,13287,NO
2025,LION AIRLINES,LNI,INDONESIA,12242,NO
2019,LION AIRLINES,LNI,INDONESIA,6,NO
2019,LONDON EXECUTIVE AVIATION LTD,LNX,UNITED KINGDOM,2710,NO
2023,LONDON EXECUTIVE AVIATION LTD,LNX,UNITED KINGDOM,1747,NO
2024,LONDON EXECUTIVE AVIATION LTD,LNX,UNITED KINGDOM,1745,NO
2025,LONDON EXECUTIVE AVIATION LTD,LNX,UNITED KINGDOM,1496,NO
2025,JET24 GMBH,LOD,AUSTRIA,212,NO
2023,LOGANAIR LTD,LOG,UNITED KINGDOM,57259,NO
2019,LOGANAIR LTD,LOG,UNITED KINGDOM,51594,NO
2024,LOGANAIR LTD,LOG,UNITED KINGDOM,50456,NO
2025,LOGANAIR LTD,LOG,UNITED KINGDOM,49311,NO
2024,EASYCHARTER LLC,LOL,GEORGIA,356,NO
2025,EASYCHARTER LLC,LOL,GEORGIA,179,NO
2023,EASYCHARTER LLC,LOL,GEORGIA,129,NO
2019,LOT POLISH AIRLINES,LOT,POLAND,134252,NO
2025,LOT POLISH AIRLINES,LOT,POLAND,117241,NO
2024,LOT POLISH AIRLINES,LOT,POLAND,108804,NO
2023,LOT POLISH AIRLINES,LOT,POLAND,103020,NO
2019,AIR LARGE EUROPEAN AVIATION PROJECT AB,LPA,SWEDEN,4816,NO
2019,LATAM AIRLINES PERU S.A.,LPE,PERU,1372,NO
2023,LATAM AIRLINES PERU S.A.,LPE,PERU,1126,NO
2025,LATAM AIRLINES PERU S.A.,LPE,PERU,959,NO
2024,LATAM AIRLINES PERU S.A.,LPE,PERU,914,NO
2024,LOTNICZE POGOTOWIE RATUNKOWE,LPR,POLAND,1067,NO
2025,LOTNICZE POGOTOWIE RATUNKOWE,LPR,POLAND,1042,NO
2023,LOTNICZE POGOTOWIE RATUNKOWE,LPR,POLAND,997,NO
2019,LOTNICZE POGOTOWIE RATUNKOWE,LPR,POLAND,61,NO
2023,LR AIRLINES S.R.O.,LRB,CZECH REPUBLIC,2,NO
2023,LACSA,LRC,COSTA RICA,10,NO
2024,LACSA,LRC,COSTA RICA,5,NO
2019,SKYJET AVIATION SVCS,LRK,NIGERIA,10,NO
2019,LUXEMBOURG AIR SERVICES,LRQ,LUXEMBOURG,2650,NO
2024,LUXEMBOURG AIR SERVICES,LRQ,LUXEMBOURG,1677,NO
2025,LUXEMBOURG AIR SERVICES,LRQ,LUXEMBOURG,1607,NO
2023,LUXEMBOURG AIR SERVICES,LRQ,LUXEMBOURG,1555,NO
2019,LORRAINE AVIATION,LRR,FRANCE,2,NO
2023,LIBERTY JET,LRT,USA,222,NO
2024,LIBERTY JET,LRT,USA,206,NO
2025,LIBERTY JET,LRT,USA,130,NO
2025,LEADER S.R.L.,LSA,ITALY,1530,NO
2024,LEADER S.R.L.,LSA,ITALY,1495,NO
2023,LEADER S.R.L.,LSA,ITALY,1323,NO
2019,LEADER S.R.L.,LSA,ITALY,948,NO
2025,SKY GOLDEN LACHIN,LSG,TAJIKISTAN,2,NO
2025,MSC AIR SPA,LSI,ITALY,502,NO
2024,MSC AIR SPA,LSI,ITALY,174,NO
2025,SKYLIGHT LLC,LSK,RUSSIAN FEDERATION,305,NO
2024,SKYLIGHT LLC,LSK,RUSSIAN FEDERATION,214,NO
2023,SKYLIGHT LLC,LSK,RUSSIAN FEDERATION,18,NO
2025,LUXAVIATION SAN MARINO S.R.L.,LSM,SAN MARINO,485,NO
2024,LUXAVIATION SAN MARINO S.R.L.,LSM,SAN MARINO,284,NO
2019,LUXAVIATION SAN MARINO S.R.L.,LSM,SAN MARINO,82,NO
2023,LUXAVIATION SAN MARINO S.R.L.,LSM,SAN MARINO,75,NO
2024,MIL SLOVENIA,LSV,SLOVENIA,560,NO
2025,MIL SLOVENIA,LSV,SLOVENIA,557,NO
2023,MIL SLOVENIA,LSV,SLOVENIA,503,NO
2019,MIL SLOVENIA,LSV,SLOVENIA,463,NO
2019,CHARTER JETS UAB,LTC,LITHUANIA,797,NO
2024,CHARTER JETS UAB,LTC,LITHUANIA,735,NO
2025,CHARTER JETS UAB,LTC,LITHUANIA,675,NO
2023,CHARTER JETS UAB,LTC,LITHUANIA,565,NO
2019,LETS FLY SRO,LTF,CZECH REPUBLIC,10,NO
2025,ABSA CARGO,LTG,BRAZIL,291,NO
2019,ABSA CARGO,LTG,BRAZIL,51,NO
2019,EXO -2T LITHUANIA,LTK,BELGIUM,26,NO
2019,LUFTTRANSPORT FW AS,LTR,NORWAY,8333,NO
2025,LUFTTRANSPORT RW AS,LTR,NORWAY,1456,NO
2024,LUFTTRANSPORT RW AS,LTR,NORWAY,1357,NO
2023,LUFTTRANSPORT RW AS,LTR,NORWAY,1130,NO
2025,"FLIGHT INSPECTIONS AND SYSTEMS, CJSC",LTS,RUSSIAN FEDERATION,11,NO
2023,TFC FLUGBETRIEB,LTU,GERMANY,13,NO
2025,LUMINAIR GMBH,LUA,GERMANY,1970,NO
2024,LUMINAIR GMBH,LUA,GERMANY,81,NO
2023,ALBINATI AERONAUTICS,LUC,SWITZERLAND,812,NO
2024,ALBINATI AERONAUTICS,LUC,SWITZERLAND,562,NO
2019,ALBINATI AERONAUTICS,LUC,SWITZERLAND,332,NO
2025,ALBINATI AERONAUTICS,LUC,SWITZERLAND,315,NO
2025,"GLOBAL SKY, JSC",LUK,RUSSIAN FEDERATION,135,NO
2023,"GLOBAL SKY, JSC",LUK,RUSSIAN FEDERATION,92,NO
2024,"GLOBAL SKY, JSC",LUK,RUSSIAN FEDERATION,79,NO
2024,30 WEST INC.,LVA,USA,257,NO
2025,30 WEST INC.,LVA,USA,230,NO
2023,30 WEST INC.,LVA,USA,214,NO
2025,"FLY LEVEL BARCELONA, LH, S.L.",LVL,SPAIN,285,NO
2019,PACIFIC SKY,LVW,CANADA,3,NO
2024,LIBYAN WINGS,LWA,LIBYA,2438,NO
2023,LIBYAN WINGS,LWA,LIBYA,2222,NO
2019,LIBYAN WINGS,LWA,LIBYA,1448,NO
2025,LIBYAN WINGS,LWA,LIBYA,1416,NO
2023,LUXWING LTD.,LWG,MALTA,3529,NO
2024,LUXWING LTD.,LWG,MALTA,3317,NO
2019,LUXWING LTD.,LWG,MALTA,3193,NO
2025,LUXWING LTD.,LWG,MALTA,1566,NO
2024,LUMIWINGS SA,LWI,GREECE,1248,NO
2025,LUMIWINGS SA,LWI,GREECE,1158,NO
2023,LUMIWINGS SA,LWI,GREECE,1105,NO
2019,LUMIWINGS SA,LWI,GREECE,28,NO
2019,LUXAVIATION S.A.,LXA,LUXEMBOURG,1240,NO
2025,LUXAVIATION S.A.,LXA,LUXEMBOURG,545,NO
2024,LUXAVIATION S.A.,LXA,LUXEMBOURG,475,NO
2023,LUXAVIATION S.A.,LXA,LUXEMBOURG,385,NO
2025,CAE AVIATION,LXC,LUXEMBOURG,485,NO
2024,CAE AVIATION,LXC,LUXEMBOURG,329,NO
2023,CAE AVIATION,LXC,LUXEMBOURG,223,NO
2025,AMELIA EXECUTIVE,LXE,AUSTRIA,45,NO
2019,LUXAVIATION GERMANY GMBH,LXG,GERMANY,3541,NO
2023,LUXAVIATION GERMANY GMBH,LXG,GERMANY,1206,NO
2024,LUXAVIATION GERMANY GMBH,LXG,GERMANY,533,NO
2025,LUXAVIATION GERMANY GMBH,LXG,GERMANY,3,NO
2025,FLEXJET LLC,LXJ,USA,50235,NO
2024,FLEXJET LLC,LXJ,USA,45987,NO
2023,FLEXJET LLC,LXJ,USA,36553,NO
2019,FLEXJET LLC,LXJ,USA,18046,NO
2023,LUXAVIATION MALTA,LXM,MALTA,521,NO
2024,LUXAVIATION MALTA,LXM,MALTA,346,NO
2025,LUXAVIATION MALTA,LXM,MALTA,345,NO
2025,LIBYAN EXPRESS,LXX,LIBYA,34,NO
2024,LIBYAN EXPRESS,LXX,LIBYA,13,NO
2023,LIBYAN AIR AMBULANCE,LYA,LIBYA,1,NO
2025,LYNDEN AIR CARGO,LYC,USA,1318,NO
2024,LYNDEN AIR CARGO,LYC,USA,807,NO
2023,LYNDEN AIR CARGO,LYC,USA,416,NO
2019,LYNDEN AIR CARGO,LYC,USA,391,NO
2019,LYDD AIR LTD,LYD,UNITED KINGDOM,200,NO
2025,LYDD AIR LTD,LYD,UNITED KINGDOM,92,NO
2024,LYDD AIR LTD,LYD,UNITED KINGDOM,82,NO
2023,LYDD AIR LTD,LYD,UNITED KINGDOM,66,NO
2023,MIL LITHUANIA,LYF,LITHUANIA,723,NO
2025,MIL LITHUANIA,LYF,LITHUANIA,721,NO
2024,MIL LITHUANIA,LYF,LITHUANIA,557,NO
2019,MIL LITHUANIA,LYF,LITHUANIA,549,NO
2024,SMARTLYNX AIRLINES MALTA LTD.,LYX,MALTA,552,NO
2023,SMARTLYNX AIRLINES MALTA LTD.,LYX,MALTA,319,NO
2025,SMARTLYNX AIRLINES MALTA LTD.,LYX,MALTA,243,NO
2019,BULGARIA AIR,LZB,BULGARIA,13283,NO
2024,BULGARIA AIR,LZB,BULGARIA,9505,NO
2025,BULGARIA AIR,LZB,BULGARIA,9276,NO
2023,BULGARIA AIR,LZB,BULGARIA,8279,NO
2019,LEASE FLY AVTN SVCS,LZF,PORTUGAL,93,NO
2023,AEROTRANSPORTES MAS,MAA,MEXICO,16,NO
2024,AEROTRANSPORTES MAS,MAA,MEXICO,10,NO
2025,AEROTRANSPORTES MAS,MAA,MEXICO,1,NO
2024,AIR ARABIA MAROC,MAC,MOROCCO,19576,NO
2025,AIR ARABIA MAROC,MAC,MOROCCO,18637,NO
2023,AIR ARABIA MAROC,MAC,MOROCCO,16308,NO
2019,AIR ARABIA MAROC,MAC,MOROCCO,15594,NO
2019,MALI AIR LUFTVERKEHR,MAE,AUSTRIA,359,NO
2023,MALI AIR LUFTVERKEHR,MAE,AUSTRIA,292,NO
2024,MALI AIR LUFTVERKEHR,MAE,AUSTRIA,262,NO
2025,MALI AIR LUFTVERKEHR,MAE,AUSTRIA,71,NO
2023,MIL MALI (2),MAF,MALI,2,NO
2019,MAURITANIA AIRLINES,MAI,MAURITANIA,1832,NO
2025,MAURITANIA AIRLINES,MAI,MAURITANIA,1322,NO
2023,MAURITANIA AIRLINES,MAI,MAURITANIA,1091,NO
2024,MAURITANIA AIRLINES,MAI,MAURITANIA,1018,NO
2023,INTERNAL MINISTRY LW,MAP,NORTH MACEDONIA,2,NO
2024,INTERNAL MINISTRY LW,MAP,NORTH MACEDONIA,2,NO
2019,INTERNAL MINISTRY LW,MAP,NORTH MACEDONIA,1,NO
2024,AIR MEDITERRANEAN,MAR,GREECE,723,NO
2025,AIR MEDITERRANEAN,MAR,GREECE,583,NO
2019,AIR MEDITERRANEAN,MAR,GREECE,507,NO
2023,AIR MEDITERRANEAN,MAR,GREECE,383,NO
2025,MALAYSIA AIRLINES BERHAD,MAS,MALAYSIA,65257,NO
2024,MALAYSIA AIRLINES BERHAD,MAS,MALAYSIA,56746,NO
2023,MALAYSIA AIRLINES BERHAD,MAS,MALAYSIA,51279,NO
2019,MALAYSIA AIRLINES BERHAD,MAS,MALAYSIA,1517,NO
2019,AIR MAURITIUS,MAU,MAURITIUS,7756,NO
2023,AIR MAURITIUS,MAU,MAURITIUS,7432,NO
2024,AIR MAURITIUS,MAU,MAURITIUS,6382,NO
2025,AIR MAURITIUS,MAU,MAURITIUS,5942,NO
2025,MUSTIQUE AIRWAYS,MAW,ST.VINCENT & THE GRE,85,NO
2024,MUSTIQUE AIRWAYS,MAW,ST.VINCENT & THE GRE,69,NO
2023,MUSTIQUE AIRWAYS,MAW,ST.VINCENT & THE GRE,61,NO
2023,MALTA AIR LIMITED,MAY,MALTA,1,NO
2019,AIR MANAS,MBB,KYRGYZSTAN,4,NO
2023,MARTIN BAKER,MBE,UNITED KINGDOM,171,NO
2024,MARTIN BAKER,MBE,UNITED KINGDOM,86,NO
2019,MARTIN BAKER,MBE,UNITED KINGDOM,74,NO
2025,MARTIN BAKER,MBE,UNITED KINGDOM,74,NO
2019,ZEPHYR AVIATION,MBG,UNITED KINGDOM,134,NO
2023,ZEPHYR AVIATION,MBG,UNITED KINGDOM,18,NO
2019,LLC MB AERO,MBO,BELARUS,2,NO
2025,MARABU AIRLINES OU,MBU,ESTONIA,9769,NO
2024,MARABU AIRLINES OU,MBU,ESTONIA,8108,NO
2023,MARABU AIRLINES OU,MBU,ESTONIA,5436,NO
2019,MARSHALL AEROSPACE,MCE,UNITED KINGDOM,11,NO
2025,MARSHALL AEROSPACE,MCE,UNITED KINGDOM,1,NO
2025,AEROWAYS GMBH,MCK,GERMANY,3084,NO
2024,AEROWAYS GMBH,MCK,GERMANY,3068,NO
2023,AEROWAYS GMBH,MCK,GERMANY,2028,NO
2024,SWIFTAIR HELLAS,MDF,GREECE,3769,NO
2025,SWIFTAIR HELLAS,MDF,GREECE,3228,NO
2023,SWIFTAIR HELLAS,MDF,GREECE,3204,NO
2019,SWIFTAIR HELLAS,MDF,GREECE,2264,NO
2019,AIR MADAGASCAR,MDG,MADAGASCAR,1796,NO
2023,AIR MADAGASCAR,MDG,MADAGASCAR,404,NO
2024,AIR MADAGASCAR,MDG,MADAGASCAR,10,NO
2023,IAS MEDICAL LTD,MDI,UNITED KINGDOM,1694,NO
2024,IAS MEDICAL LTD,MDI,UNITED KINGDOM,1552,NO
2025,IAS MEDICAL LTD,MDI,UNITED KINGDOM,1341,NO
2019,IAS MEDICAL LTD,MDI,UNITED KINGDOM,819,NO
2019,MEDITERRANEAN AVIATION COMPANY LTD (MEDAVIA),MDM,MALTA,737,NO
2025,MCDAN AVIATION SAN MARINO S.R.L.,MDN,SAN MARINO,244,NO
2024,MCDAN AVIATION SAN MARINO S.R.L.,MDN,SAN MARINO,157,NO
2023,MCDAN AVIATION SAN MARINO S.R.L.,MDN,SAN MARINO,121,NO
2023,MEL AIR LTD,MDO,MALTA,198,NO
2024,MEL AIR LTD,MDO,MALTA,151,NO
2025,MEL AIR LTD,MDO,MALTA,98,NO
2019,MEL AIR LTD,MDO,MALTA,83,NO
2023,MIL NATO   NAPMA,MDS,NAPMA (MIL NATO),4,NO
2023,SUNDT AIR AS,MDT,NORWAY,1401,NO
2024,SUNDT AIR AS,MDT,NORWAY,1137,NO
2019,SUNDT AIR AS,MDT,NORWAY,1020,NO
2025,SUNDT AIR AS,MDT,NORWAY,968,NO
2024,MEDAIR CHARTER,MDX,SOUTH AFRICA,5,NO
2023,MEDAIR CHARTER,MDX,SOUTH AFRICA,1,NO
2025,MEA AIR LIBAN,MEA,LEBANON,22824,NO
2024,MEA AIR LIBAN,MEA,LEBANON,20962,NO
2019,MEA AIR LIBAN,MEA,LEBANON,13921,NO
2023,MEA AIR LIBAN,MEA,LEBANON,12625,NO
2025,IRISH COAST GUARD,MED,IRELAND,2,NO
2023,CHC IRELAND LTD,MED,UNITED KINGDOM,1,NO
2024,CHC IRELAND LTD,MED,UNITED KINGDOM,1,NO
2019,MERIDIAN AIRCOMPANY,MEM,UKRAINE,7,NO
2019,MAE AIRCRAFT MGMT.,MEN,BAHRAIN,32,NO
2023,MAE AIRCRAFT MGMT.,MEN,BAHRAIN,12,NO
2024,AIRTASK GROUP LIMITED,MET,UNITED KINGDOM,44,NO
2023,AIRTASK GROUP LIMITED,MET,UNITED KINGDOM,35,NO
2023,MOUNTAIN FLYERS,MFB,SWITZERLAND,1,NO
2019,MULTIFLIGHT LTD,MFT,UNITED KINGDOM,21,NO
2025,MY FREIGHTER,MFX,UZBEKISTAN,4856,NO
2024,MY FREIGHTER,MFX,UZBEKISTAN,2556,NO
2023,MY FREIGHTER,MFX,UZBEKISTAN,170,NO
2025,MAVI GOK HAVACILIK,MGH,TÜRKIYE,9824,NO
2024,MAVI GOK HAVACILIK,MGH,TÜRKIYE,7955,NO
2023,MAVI GOK HAVACILIK,MGH,TÜRKIYE,4108,NO
2025,MIAT MONGOLIA,MGL,MONGOLIA,863,NO
2024,MIAT MONGOLIA,MGL,MONGOLIA,789,NO
2023,MIAT MONGOLIA,MGL,MONGOLIA,785,NO
2019,MIAT MONGOLIA,MGL,MONGOLIA,494,NO
2019,"MANGO MNG, S.A.",MGO,SPAIN,97,NO
2024,"MANGO MNG, S.A.",MGO,SPAIN,85,NO
2025,"MANGO MNG, S.A.",MGO,SPAIN,69,NO
2023,"MANGO MNG, S.A.",MGO,SPAIN,55,NO
2019,MAGNA AIR,MGR,AUSTRIA,165,NO
2023,MAGNA AIR,MGR,AUSTRIA,124,NO
2019,AIR ATTACK TECHNOLOGIES,MGT,FRANCE,2,NO
2025,AIR ATTACK TECHNOLOGIES,MGT,FRANCE,2,NO
2023,MONGOLIAN AIRWAYS,MGW,MONGOLIA,54,NO
2024,MONGOLIAN AIRWAYS,MGW,MONGOLIA,5,NO
2019,MONTENEGRO AIRLINES,MGX,MONTENEGRO,8009,YES
2019,SKARGARDSHAVETS HELI,MHQ,FINLAND,5,NO
2019,MHS AVIATION GMBH,MHV,GERMANY,4086,NO
2023,MHS AVIATION GMBH,MHV,GERMANY,1768,NO
2024,MHS AVIATION GMBH,MHV,GERMANY,1612,NO
2025,MHS AVIATION GMBH,MHV,GERMANY,661,NO
2019,MIRAS AIR,MIF,KAZAKHSTAN,2,NO
2019,MIG RUSSIAN AIRCRAFT,MIG,RUSSIAN FEDERATION,104,NO
2024,NETHERLANDS MINISTRY OF DEFENSE,MIG,NETHERLANDS,43,NO
2025,NETHERLANDS MINISTRY OF DEFENSE,MIG,NETHERLANDS,42,NO
2023,MILLESIME AVIATION,MIM,FRANCE,563,NO
2024,MILLESIME AVIATION,MIM,FRANCE,106,NO
2024,MIL MALTA,MIX,MALTA,56,NO
2023,MIL MALTA,MIX,MALTA,53,NO
2025,MIL MALTA,MIX,MALTA,50,NO
2019,MIL MALTA,MIX,MALTA,5,NO
2019,MANDARIN AIR CO LTD,MJC,CHINA,58,NO
2023,MANDARIN AIR CO LTD,MJC,CHINA,47,NO
2024,MANDARIN AIR CO LTD,MJC,CHINA,26,NO
2025,MANDARIN AIR CO LTD,MJC,CHINA,5,NO
2023,EMPIRE AVIATION,MJE,UNITED ARAB EMIRATES,371,NO
2019,EMPIRE AVIATION,MJE,UNITED ARAB EMIRATES,223,NO
2025,EMPIRE AVIATION,MJE,UNITED ARAB EMIRATES,167,NO
2024,EMPIRE AVIATION,MJE,UNITED ARAB EMIRATES,159,NO
2019,MJET GMBH,MJF,AUSTRIA,1568,NO
2025,MJET GMBH,MJF,AUSTRIA,760,NO
2024,MJET GMBH,MJF,AUSTRIA,629,NO
2023,MJET GMBH,MJF,AUSTRIA,486,NO
2025,MJETS LIMITED,MJJ,THAILAND,121,NO
2025,MIL MUSCAT & OMAN,MJN,OMAN,286,NO
2023,MIL MUSCAT & OMAN,MJN,OMAN,269,NO
2019,MIL MUSCAT & OMAN,MJN,OMAN,263,NO
2024,MIL MUSCAT & OMAN,MJN,OMAN,203,NO
2024,MY JET SAVER,MJS,USA,217,NO
2025,MY JET SAVER,MJS,USA,213,NO
2019,MY JET SAVER,MJS,USA,52,NO
2023,MY JET SAVER,MJS,USA,7,NO
2019,MADJET TRANSP AEREOS,MJT,PORTUGAL,205,NO
2023,LANMEI AIRLINES,MKR,CAMBODIA,384,NO
2024,LANMEI AIRLINES,MKR,CAMBODIA,31,NO
2019,LANMEI AIRLINES,MKR,CAMBODIA,4,NO
2019,CA AIR MOLDOVA SRL,MLD,MOLDOVA,10565,NO
2023,CA AIR MOLDOVA SRL,MLD,MOLDOVA,1579,NO
2019,MOLDAEROSERVICE,MLE,MOLDOVA,6,NO
2024,AVION EXPRESS MALTA LTD,MLH,MALTA,345,NO
2025,AVION EXPRESS MALTA LTD,MLH,MALTA,266,NO
2023,AVION EXPRESS MALTA LTD,MLH,MALTA,262,NO
2019,AVION EXPRESS MALTA LTD,MLH,MALTA,4,NO
2023,AIRBUS FLIGHT ACADEMY EUROPE,MLK,FRANCE,1,NO
2023,COMLUX MALTA LTD,MLM,MALTA,1419,NO
2024,COMLUX MALTA LTD,MLM,MALTA,1211,NO
2025,COMLUX MALTA LTD,MLM,MALTA,1151,NO
2019,COMLUX MALTA LTD,MLM,MALTA,675,NO
2019,CORPORATE AIR,MLN,USA,261,NO
2023,CORPORATE AIR,MLN,USA,194,NO
2019,MALETH-AERO AOC LTD,MLT,MALTA,1046,NO
2023,MALETH-AERO AOC LTD,MLT,MALTA,258,NO
2024,MALETH-AERO AOC LTD,MLT,MALTA,108,NO
2025,MALETH-AERO AOC LTD,MLT,MALTA,3,NO
2025,MYANMAR AIRWAYS INTL,MMA,MYANMAR,1533,NO
2024,MYANMAR AIRWAYS INTL,MMA,MYANMAR,1460,NO
2023,MYANMAR AIRWAYS INTL,MMA,MYANMAR,1181,NO
2019,MYANMAR AIRWAYS INTL,MMA,MYANMAR,5,NO
2023,AIR ALSIE,MMD,DENMARK,6155,NO
2024,AIR ALSIE,MMD,DENMARK,5641,NO
2025,AIR ALSIE,MMD,DENMARK,5636,NO
2019,AIR ALSIE,MMD,DENMARK,5593,NO
2025,NSPA LT (MMF PROGRAMME),MMF,NETHERLANDS,1232,NO
2023,NSPA LT (MMF PROGRAMME),MMF,NETHERLANDS,1194,NO
2024,NSPA LT (MMF PROGRAMME),MMF,NETHERLANDS,1026,NO
2023,HUNNU AIR,MML,MONGOLIA,22,NO
2025,HUNNU AIR,MML,MONGOLIA,7,NO
2019,HUNNU AIR,MML,MONGOLIA,2,NO
2023,MERIDIAN AIR COMPANY,MMM,RUSSIAN FEDERATION,584,NO
2024,MERIDIAN AIR COMPANY,MMM,RUSSIAN FEDERATION,583,NO
2019,MERIDIAN AIR COMPANY,MMM,RUSSIAN FEDERATION,496,NO
2025,MERIDIAN AIR COMPANY,MMM,RUSSIAN FEDERATION,463,NO
2025,MALTA AIR TRAVEL LTD,MMO,MALTA,678,NO
2023,MALTA AIR TRAVEL LTD,MMO,MALTA,540,NO
2024,MALTA AIR TRAVEL LTD,MMO,MALTA,508,NO
2023,EUROATLANTIC AIRWAYS,MMZ,PORTUGAL,372,NO
2019,EUROATLANTIC AIRWAYS,MMZ,PORTUGAL,301,NO
2024,EUROATLANTIC AIRWAYS,MMZ,PORTUGAL,271,NO
2025,EUROATLANTIC AIRWAYS,MMZ,PORTUGAL,243,NO
2025,MNG HAVAYOLLARI VE TASIMACILIK A.S. (MNG AIRLINES),MNB,TÜRKIYE,7379,NO
2024,MNG HAVAYOLLARI VE TASIMACILIK A.S. (MNG AIRLINES),MNB,TÜRKIYE,6640,NO
2023,MNG HAVAYOLLARI VE TASIMACILIK A.S. (MNG AIRLINES),MNB,TÜRKIYE,6102,NO
2019,MNG HAVAYOLLARI VE TASIMACILIK A.S. (MNG AIRLINES),MNB,TÜRKIYE,4352,NO
2024,TOMONTENEGRO D.O.O,MNE,MONTENEGRO,5919,NO
2025,TOMONTENEGRO D.O.O,MNE,MONTENEGRO,5770,NO
2023,TOMONTENEGRO D.O.O,MNE,MONTENEGRO,5448,NO
2023,AERO MONGOLIA,MNG,MONGOLIA,3,NO
2024,AERO MONGOLIA,MNG,MONGOLIA,1,NO
2025,MANASIK AVIATION,MNM,SAUDI ARABIA,322,NO
2024,MANASIK AVIATION,MNM,SAUDI ARABIA,125,NO
2023,MANASIK AVIATION,MNM,SAUDI ARABIA,9,NO
2019,MANGO AIRLINES,MNO,SOUTH AFRICA,3,NO
2024,MEDSKY AIRWAYS,MNS,LIBYA,1653,NO
2025,MEDSKY AIRWAYS,MNS,LIBYA,1488,NO
2023,MEDSKY AIRWAYS,MNS,LIBYA,786,NO
2025,BAE SYSTEMS OPS CAT,MOG,UNITED KINGDOM,1077,NO
2024,AZIMUT LTD,MOM,RUSSIAN FEDERATION,25,NO
2023,AZIMUT LTD,MOM,RUSSIAN FEDERATION,3,NO
2019,SALZBURG JET AVIATION GMBH,MOZ,AUSTRIA,1900,NO
2023,SALZBURG JET AVIATION GMBH,MOZ,AUSTRIA,1217,NO
2024,SALZBURG JET AVIATION GMBH,MOZ,AUSTRIA,1214,NO
2025,SALZBURG JET AVIATION GMBH,MOZ,AUSTRIA,1101,NO
2025,MPC AIR D.O.O.,MPC,SERBIA,1188,NO
2019,MARTINAIR,MPH,NETHERLANDS,2665,NO
2023,MARTINAIR,MPH,NETHERLANDS,2553,NO
2024,MARTINAIR,MPH,NETHERLANDS,2252,NO
2025,MARTINAIR,MPH,NETHERLANDS,1681,NO
2019,AIR ITM SAS,MQT,FRANCE,219,NO
2023,MERAJ AIR,MRJ,IRAN,1266,NO
2025,MERAJ AIR,MRJ,IRAN,1015,NO
2024,MERAJ AIR,MRJ,IRAN,950,NO
2019,MERAJ AIR,MRJ,IRAN,163,NO
2025,MIL MOROCCO (3),MRS,MOROCCO,813,NO
2019,MARS AVIA,MRS,ARMENIA,1,NO
2025,5TONE - PRESIDENTIAL,MRT,MAURITANIA,77,NO
2023,5TONE - PRESIDENTIAL,MRT,MAURITANIA,59,NO
2024,5TONE - PRESIDENTIAL,MRT,MAURITANIA,38,NO
2025,XENA LLC,MRV,UKRAINE,22,NO
2024,XENA LLC,MRV,UKRAINE,7,NO
2023,XENA LLC,MRV,UKRAINE,5,NO
2025,AIR PARIS ACADEMY LOGISTICS,MRZ,FRANCE,7,NO
2025,POSTE AIR CARGO S.R.L.,MSA,ITALY,4873,NO
2024,POSTE AIR CARGO S.R.L.,MSA,ITALY,4738,NO
2023,POSTE AIR CARGO S.R.L.,MSA,ITALY,4614,NO
2019,POSTE AIR CARGO S.R.L.,MSA,ITALY,4481,NO
2019,AIR STORK,MSB,MOLDOVA,48,NO
2025,AIR CAIRO,MSC,EGYPT,20953,NO
2024,AIR CAIRO,MSC,EGYPT,17217,NO
2023,AIR CAIRO,MSC,EGYPT,14072,NO
2019,AIR CAIRO,MSC,EGYPT,6270,NO
2019,MOTOR SICH JSC AIRLINES,MSI,UKRAINE,325,NO
2023,MOTOR SICH JSC AIRLINES,MSI,UKRAINE,311,NO
2024,MOTOR SICH JSC AIRLINES,MSI,UKRAINE,234,NO
2025,MOTOR SICH JSC AIRLINES,MSI,UKRAINE,129,NO
2025,MAK KG AIRLINES,MSK,KYRGYZSTAN,7,NO
2024,MAK KG AIRLINES,MSK,KYRGYZSTAN,3,NO
2025,EGYPTAIR,MSR,EGYPT,31084,NO
2024,EGYPTAIR,MSR,EGYPT,31078,NO
2023,EGYPTAIR,MSR,EGYPT,30033,NO
2019,EGYPTAIR,MSR,EGYPT,24631,NO
2025,GLOBAL AVIATION (GQ),MSS,MAURITANIA,67,NO
2023,GLOBAL AVIATION (GQ),MSS,MAURITANIA,64,NO
2024,GLOBAL AVIATION (GQ),MSS,MAURITANIA,31,NO
2019,EGYPTAIR CARGO,MSX,EGYPT,1115,NO
2024,INTERJET S.R.L.,MTF,ITALY,14,NO
2023,INTERJET S.R.L.,MTF,ITALY,13,NO
2019,RAF AVIA,MTL,LATVIA,2162,NO
2023,RAF AVIA,MTL,LATVIA,1122,NO
2024,RAF AVIA,MTL,LATVIA,385,NO
2025,RAF AVIA,MTL,LATVIA,299,NO
2025,MOUNTAIN AIR CARGO,MTN,USA,2998,NO
2024,MOUNTAIN AIR CARGO,MTN,USA,2912,NO
2023,MOUNTAIN AIR CARGO,MTN,USA,1850,NO
2023,MARATHON AIRLINES,MTO,GREECE,1072,NO
2024,MARATHON AIRLINES,MTO,GREECE,103,NO
2025,MARATHON AIRLINES,MTO,GREECE,46,NO
2023,MEDJET S.A. DE C.V.,MTS,USA,19,NO
2024,MEDJET S.A. DE C.V.,MTS,USA,4,NO
2025,MAERSK AIR CARGO UK LIMITED,MUK,UNITED KINGDOM,737,NO
2024,MOVE AIRCRAFT,MVE,MALTA,33,NO
2023,MOVE AIRCRAFT,MVE,MALTA,25,NO
2025,MOVE AIRCRAFT,MVE,MALTA,17,NO
2025,MIRA VISTA AVIATION,MVJ,USA,1695,NO
2024,MIRA VISTA AVIATION,MVJ,USA,716,NO
2023,MIRA VISTA AVIATION,MVJ,USA,385,NO
2019,MIRA VISTA AVIATION,MVJ,USA,41,NO
2024,MASWINGS SDN. BHD.,MWG,MALAYSIA,39,NO
2023,MASWINGS SDN. BHD.,MWG,MALAYSIA,24,NO
2025,MASWINGS SDN. BHD.,MWG,MALAYSIA,23,NO
2025,MALINDO AIRWAYS,MXD,MALAYSIA,35030,NO
2024,MALINDO AIRWAYS,MXD,MALAYSIA,31093,NO
2023,MALINDO AIRWAYS,MXD,MALAYSIA,19757,NO
2023,MAXIMUS AIRLINES,MXM,UKRAINE,172,NO
2019,MAXIMUS AIRLINES,MXM,UKRAINE,160,NO
2025,MAXIMUS AIRLINES,MXM,UKRAINE,142,NO
2024,MAXIMUS AIRLINES,MXM,UKRAINE,120,NO
2023,MYFLUG,MYA,ICELAND,1859,NO
2019,MYFLUG,MYA,ICELAND,1602,NO
2024,MYFLUG,MYA,ICELAND,562,NO
2025,MYFLUG,MYA,ICELAND,364,NO
2025,MY JET S.R.L.,MYJ,ROMANIA,1569,NO
2024,MY JET S.R.L.,MYJ,ROMANIA,1517,NO
2023,MY JET S.R.L.,MYJ,ROMANIA,44,NO
2019,MYWAY AIRLINES,MYW,GEORGIA,515,NO
2024,MYWAY AIRLINES,MYW,GEORGIA,416,NO
2025,MYWAY AIRLINES,MYW,GEORGIA,154,NO
2023,MYWAY AIRLINES,MYW,GEORGIA,106,NO
2019,SMARTLYNX ESTONIA,MYX,ESTONIA,2181,NO
2023,SMARTLYNX ESTONIA,MYX,ESTONIA,958,NO
2024,SMARTLYNX ESTONIA,MYX,ESTONIA,272,NO
2025,SMARTLYNX ESTONIA,MYX,ESTONIA,186,NO
2024,ZORTE AIR LLC,MZI,MONGOLIA,3,NO
2025,MERMOZ-ACADEMY,MZY,FRANCE,2881,NO
2024,MERMOZ-ACADEMY,MZY,FRANCE,939,NO
2024,TINADAR AVIATION D.O.O.,NAD,SERBIA,235,NO
2023,TINADAR AVIATION D.O.O.,NAD,SERBIA,20,NO
2019,MIL NETH TRANSPORT,NAF,NETHERLANDS,660,NO
2023,MIL NETH TRANSPORT,NAF,NETHERLANDS,456,NO
2024,MIL NETH TRANSPORT,NAF,NETHERLANDS,451,NO
2025,MIL NETH TRANSPORT,NAF,NETHERLANDS,445,NO
2024,MIL NATO   NAPMA,NAG,NAPMA (MIL NATO),6,NO
2025,MIL NATO   NAPMA,NAG,NAPMA (MIL NATO),1,NO
2023,NOV AIR,NAI,ARMENIA,33,NO
2025,NOV AIR,NAI,ARMENIA,5,NO
2019,ENAC FRANCE,NAK,FRANCE,13143,NO
2025,ENAC FRANCE,NAK,FRANCE,11363,NO
2024,ENAC FRANCE,NAK,FRANCE,9152,NO
2023,ENAC FRANCE,NAK,FRANCE,6175,NO
2019,GOVERNMENT AIR TRANS,NAM,NAMIBIA,91,NO
2024,GOVERNMENT AIR TRANS,NAM,NAMIBIA,72,NO
2025,GOVERNMENT AIR TRANS,NAM,NAMIBIA,61,NO
2023,GOVERNMENT AIR TRANS,NAM,NAMIBIA,34,NO
2019,NORWEGIAN AIR SHUTTLE AOC AS ,NAX,NORWAY,105463,NO
2025,NAYSA,NAY,SPAIN,35773,NO
2024,NAYSA,NAY,SPAIN,32794,NO
2023,NAYSA,NAY,SPAIN,3594,NO
2025,NORSE ATLANTIC AIRWAYS AS,NBT,NORWAY,2592,NO
2024,NORSE ATLANTIC AIRWAYS AS,NBT,NORWAY,2453,NO
2023,NORSE ATLANTIC AIRWAYS AS,NBT,NORWAY,2161,NO
2023,NIPPON CARGO,NCA,JAPAN,1570,NO
2025,NIPPON CARGO,NCA,JAPAN,1293,NO
2024,NIPPON CARGO,NCA,JAPAN,1257,NO
2019,NIPPON CARGO,NCA,JAPAN,1140,NO
2024,NORTH CARIBOO,NCB,CANADA,60,NO
2024,ISR SUPPORT EUROPE BV,NCG,NETHERLANDS,409,NO
2025,ISR SUPPORT EUROPE BV,NCG,NETHERLANDS,409,NO
2023,ISR SUPPORT EUROPE BV,NCG,NETHERLANDS,377,NO
2025,NATIONAL AIR CARGO GROUP INC,NCR,USA,3902,NO
2024,NATIONAL AIR CARGO GROUP INC,NCR,USA,2953,NO
2023,NATIONAL AIR CARGO GROUP INC,NCR,USA,2605,NO
2019,NATIONAL AIR CARGO GROUP INC,NCR,USA,336,NO
2023,NORDIC AVIATION GROUP AS,NDA,ESTONIA,1512,YES
2024,NORDIC AVIATION GROUP AS,NDA,ESTONIA,4,YES
2025,NORDEND SRL,NDD,ITALY,32,NO
2023,SAS NORMANDIE AVIATION,NDY,FRANCE,26,NO
2024,SAS NORMANDIE AVIATION,NDY,FRANCE,9,NO
2025,SAS NORMANDIE AVIATION,NDY,FRANCE,7,NO
2019,NORDFLYG LOGISTIC AB,NEF,SWEDEN,241,NO
2023,NORTH EAST WEST STH,NES,SWEDEN,2,NO
2023,NORTHEASTERN AVTN,NEW,USA,925,NO
2024,NORTHEASTERN AVTN,NEW,USA,457,NO
2025,NORTHEASTERN AVTN,NEW,USA,377,NO
2019,NORTH FLYING A/S,NFA,DENMARK,1858,NO
2024,NORTH FLYING A/S,NFA,DENMARK,1534,NO
2023,NORTH FLYING A/S,NFA,DENMARK,1476,NO
2025,NORTH FLYING A/S,NFA,DENMARK,1373,NO
2024,MAX AIR (NIGERIA),NGL,NIGERIA,14,NO
2025,MAX AIR (NIGERIA),NGL,NIGERIA,12,NO
2019,MAX AIR (NIGERIA),NGL,NIGERIA,10,NO
2023,MAX AIR (NIGERIA),NGL,NIGERIA,3,NO
2025,LEAV AVIATION GMBH,NGN,GERMANY,619,NO
2023,LEAV AVIATION GMBH,NGN,GERMANY,505,NO
2024,LEAV AVIATION GMBH,NGN,GERMANY,380,NO
2024,THE COMMANDER,NGR,NIGERIA,205,NO
2025,THE COMMANDER,NGR,NIGERIA,183,NO
2023,THE COMMANDER,NGR,NIGERIA,157,NO
2019,THE COMMANDER,NGR,NIGERIA,153,NO
2019,AIR DILIJANS LLC,NGT,ARMENIA,2106,NO
2023,AIR DILIJANS LLC,NGT,ARMENIA,823,NO
2024,AIR DILIJANS LLC,NGT,ARMENIA,9,NO
2025,NORTHERN HELICOPTER,NHC,GERMANY,23,NO
2019,NORTHERN HELICOPTER,NHC,GERMANY,17,NO
2024,NORTHERN HELICOPTER,NHC,GERMANY,16,NO
2023,NORTHERN HELICOPTER,NHC,GERMANY,13,NO
2023,NHV A/S,NHD,DENMARK,1432,NO
2024,NHV A/S,NHD,DENMARK,1195,NO
2025,NHV A/S,NHD,DENMARK,708,NO
2019,NORD HELIKOPTER AS,NHE,NORWAY,7,NO
2023,NORD HELIKOPTER AS,NHE,NORWAY,2,NO
2019,NOORDZEE HELICOPTERS,NHX,BELGIUM,676,NO
2024,NOORDZEE HELICOPTERS,NHX,BELGIUM,60,NO
2023,NOORDZEE HELICOPTERS,NHX,BELGIUM,41,NO
2025,NOORDZEE HELICOPTERS,NHX,BELGIUM,31,NO
2023,NHV HELICOPTERS LTD,NHZ,UNITED KINGDOM,302,NO
2024,NHV HELICOPTERS LTD,NHZ,UNITED KINGDOM,188,NO
2025,NHV HELICOPTERS LTD,NHZ,UNITED KINGDOM,178,NO
2019,NHV HELICOPTERS LTD,NHZ,UNITED KINGDOM,83,NO
2025,NILE AIR,NIA,EGYPT,2725,NO
2024,NILE AIR,NIA,EGYPT,2580,NO
2023,NILE AIR,NIA,EGYPT,1272,NO
2019,NILE AIR,NIA,EGYPT,818,NO
2019,AIR NIMBUS,NIM,PORTUGAL,156,NO
2025,"NETJETS TRANSPORTES AÉREOS, S.A.",NJE,PORTUGAL,65827,NO
2024,"NETJETS TRANSPORTES AÉREOS, S.A.",NJE,PORTUGAL,64618,NO
2023,"NETJETS TRANSPORTES AÉREOS, S.A.",NJE,PORTUGAL,61985,NO
2019,"NETJETS TRANSPORTES AÉREOS, S.A.",NJE,PORTUGAL,49923,NO
2024,NORTHERN JET MGMT,NJM,USA,650,NO
2023,NORTHERN JET MGMT,NJM,USA,176,NO
2025,NORTHERN JET MGMT,NJM,USA,160,NO
2025,NETJETS UK,NJU,UNITED KINGDOM,3345,NO
2024,NETJETS UK,NJU,UNITED KINGDOM,2366,NO
2023,NETJETS UK,NJU,UNITED KINGDOM,1718,NO
2023,ANKA AVIATION CARGO,NKA,EGYPT,1,NO
2023,ABAKAN AIR,NKP,RUSSIAN FEDERATION,212,NO
2025,ABAKAN AIR,NKP,RUSSIAN FEDERATION,61,NO
2024,ABAKAN AIR,NKP,RUSSIAN FEDERATION,59,NO
2019,ABAKAN AIR,NKP,RUSSIAN FEDERATION,7,NO
2019,SPIRIT AIRLINES    2,NKS,USA,1,NO
2023,SPIRIT AIRLINES    2,NKS,USA,1,NO
2025,NESMA AIRLINES,NMA,EGYPT,5707,NO
2024,NESMA AIRLINES,NMA,EGYPT,2195,NO
2023,NESMA AIRLINES,NMA,EGYPT,1577,NO
2019,NESMA AIRLINES,NMA,EGYPT,1416,NO
2019,AIR NAMIBIA,NMB,NAMIBIA,702,NO
2019,FONNAFLY,NOF,NORWAY,5,NO
2023,NOVAJET (ARC),NOJ,CANADA,1217,NO
2025,NOVAJET (ARC),NOJ,CANADA,1061,NO
2024,NOVAJET (ARC),NOJ,CANADA,888,NO
2019,NOVAJET (ARC),NOJ,CANADA,108,NO
2019,NOK AIR,NOK,THAILAND,4,NO
2025,NOK AIR,NOK,THAILAND,2,NO
2024,BRISTOW NORWAY AS,NOR,NORWAY,517,NO
2025,BRISTOW NORWAY AS,NOR,NORWAY,386,NO
2023,BRISTOW NORWAY AS,NOR,NORWAY,201,NO
2025,NEOS,NOS,ITALY,15532,NO
2023,NEOS,NOS,ITALY,14944,NO
2024,NEOS,NOS,ITALY,14873,NO
2019,NEOS,NOS,ITALY,10541,NO
2019,MIL NORWAY,NOW,NORWAY,297,NO
2025,MIL NORWAY,NOW,NORWAY,239,NO
2024,MIL NORWAY,NOW,NORWAY,236,NO
2023,MIL NORWAY,NOW,NORWAY,226,NO
2024,NORWEGIAN AIR SHUTTLE AOC AS ,NOZ,NORWAY,86294,NO
2023,NORWEGIAN AIR SHUTTLE AOC AS ,NOZ,NORWAY,84920,NO
2025,NORWEGIAN AIR SHUTTLE AOC AS ,NOZ,NORWAY,82713,NO
2025,SUPERNOVA AIRLINES,NPG,UKRAINE,117,NO
2024,SUPERNOVA AIRLINES,NPG,UKRAINE,12,NO
2019,ATLANTIC AIRLINES LTD,NPT,UNITED KINGDOM,10973,NO
2023,ATLANTIC AIRLINES LTD,NPT,UNITED KINGDOM,8702,NO
2024,ATLANTIC AIRLINES LTD,NPT,UNITED KINGDOM,6268,NO
2025,ATLANTIC AIRLINES LTD,NPT,UNITED KINGDOM,5095,NO
2024,NOLINOR AVIAT (NLN),NRL,CANADA,148,NO
2023,NOLINOR AVIAT (NLN),NRL,CANADA,98,NO
2025,NOLINOR AVIAT (NLN),NRL,CANADA,96,NO
2019,NORWEGIAN AIR UK,NRS,UNITED KINGDOM,7707,NO
2025,POLIZEIHUBSCHR NRW,NRW,GERMANY,13,NO
2023,POLIZEIHUBSCHR NRW,NRW,GERMANY,6,NO
2019,POLIZEIHUBSCHR NRW,NRW,GERMANY,1,NO
2024,POLIZEIHUBSCHR NRW,NRW,GERMANY,1,NO
2025,GAMA CHARTERS INC ,NSH,USA,233,NO
2024,GAMA CHARTERS INC ,NSH,USA,20,NO
2024,AIR INTERSALONIKA,NSK,GREECE,844,NO
2025,AIR INTERSALONIKA,NSK,GREECE,655,NO
2023,AIR INTERSALONIKA,NSK,GREECE,611,NO
2019,AIR INTERSALONIKA,NSK,GREECE,224,NO
2019,NERIC LTD,NSL,UNITED KINGDOM,5,NO
2025,SAMARITAN'S PURSE,NSP,USA,123,NO
2024,SAMARITAN'S PURSE,NSP,USA,76,NO
2023,SAMARITAN'S PURSE,NSP,USA,64,NO
2019,SAMARITAN'S PURSE,NSP,USA,17,NO
2019,NESMA,NSS,SAUDI ARABIA,19,NO
2025,NORWEGIAN AIR SWEDEN AOC AB,NSZ,SWEDEN,70201,NO
2024,NORWEGIAN AIR SWEDEN AOC AB,NSZ,SWEDEN,65812,NO
2023,NORWEGIAN AIR SWEDEN AOC AB,NSZ,SWEDEN,57390,NO
2019,TRANSPORTES INTERILHAS DE CABO VERDE,NTB,CABO VERDE,9,NO
2024,OK AVIATION WINGS,NTF,CZECH REPUBLIC,1341,NO
2023,OK AVIATION WINGS,NTF,CZECH REPUBLIC,1252,NO
2019,OK AVIATION WINGS,NTF,CZECH REPUBLIC,1183,NO
2025,OK AVIATION WINGS,NTF,CZECH REPUBLIC,1165,NO
2023,AK AIR GEORGIA LTD,NTX,GEORGIA,302,NO
2025,UNITED NIGERIA,NUA,NIGERIA,17,NO
2024,UNITED NIGERIA,NUA,NIGERIA,8,NO
2023,UNITED NIGERIA,NUA,NIGERIA,3,NO
2024,NOMAD AVIATION AG,NUM,SWITZERLAND,1293,NO
2025,NOMAD AVIATION AG,NUM,SWITZERLAND,789,NO
2023,NOMAD AVIATION AG,NUM,SWITZERLAND,627,NO
2019,NAV CANADA,NVC,CANADA,322,NO
2024,NAV CANADA,NVC,CANADA,178,NO
2023,NAV CANADA,NVC,CANADA,148,NO
2023,AVION EXPRESS,NVD,LITHUANIA,1639,NO
2025,AVION EXPRESS,NVD,LITHUANIA,1070,NO
2024,AVION EXPRESS,NVD,LITHUANIA,982,NO
2019,AVION EXPRESS,NVD,LITHUANIA,261,NO
2019,FLY INTL AIRWAYS,NVJ,TUNISIA,100,NO
2019,NOVA AIRLINES AB,NVR,SWEDEN,2327,YES
2023,NOVA AIRLINES AB,NVR,SWEDEN,1669,YES
2023,MIL UK ROYAL NAVY,NVY,UNITED KINGDOM,43,NO
2019,MIL UK ROYAL NAVY,NVY,UNITED KINGDOM,42,NO
2025,MIL UK ROYAL NAVY,NVY,UNITED KINGDOM,36,NO
2024,MIL UK ROYAL NAVY,NVY,UNITED KINGDOM,27,NO
2024,NORTH-WEST LLC,NWC,RUSSIAN FEDERATION,1135,NO
2025,NORTH-WEST LLC,NWC,RUSSIAN FEDERATION,985,NO
2023,NORTH-WEST LLC,NWC,RUSSIAN FEDERATION,898,NO
2019,NORTH-WEST LLC,NWC,RUSSIAN FEDERATION,22,NO
2019,AIRWING AS,NWG,NORWAY,2038,NO
2023,AIRWING AS,NWG,NORWAY,81,NO
2019,LLC NORD WIND,NWS,RUSSIAN FEDERATION,12228,NO
2025,LLC NORD WIND,NWS,RUSSIAN FEDERATION,3692,NO
2024,LLC NORD WIND,NWS,RUSSIAN FEDERATION,2892,NO
2023,LLC NORD WIND,NWS,RUSSIAN FEDERATION,1858,NO
2024,NEW WAY CARGO,NWY,KYRGYZSTAN,443,NO
2019,NEXUS FLT OPS SVCS,NXU,SAUDI ARABIA,235,NO
2025,NYXAIR OU,NYX,ESTONIA,5904,NO
2023,NYXAIR OU,NYX,ESTONIA,5166,NO
2024,NYXAIR OU,NYX,ESTONIA,4068,NO
2019,NYXAIR OU,NYX,ESTONIA,243,NO
2019,OMNI AIR INTERNATIONAL,OAE,USA,2148,NO
2019,OLYMPIC AIR,OAL,GREECE,63255,NO
2023,OLYMPIC AIR,OAL,GREECE,23963,NO
2025,OLYMPIC AIR,OAL,GREECE,15506,NO
2024,OLYMPIC AIR,OAL,GREECE,15393,NO
2023,GRUPO ONE AIR AVIACION SL,OAR,SPAIN,1210,NO
2025,GRUPO ONE AIR AVIACION SL,OAR,SPAIN,1083,NO
2024,GRUPO ONE AIR AVIACION SL,OAR,SPAIN,913,NO
2023,OMNI AVIACAO,OAV,PORTUGAL,379,NO
2024,OMNI AVIACAO,OAV,PORTUGAL,338,NO
2019,OMNI AVIACAO,OAV,PORTUGAL,262,NO
2025,OMNI AVIACAO,OAV,PORTUGAL,209,NO
2023,HELVETIC AIRWAYS,OAW,SWITZERLAND,940,NO
2024,HELVETIC AIRWAYS,OAW,SWITZERLAND,812,NO
2025,HELVETIC AIRWAYS,OAW,SWITZERLAND,757,NO
2019,HELVETIC AIRWAYS,OAW,SWITZERLAND,653,NO
2025,"ORBEST AIRLINES, S.A.",OBS,PORTUGAL,348,NO
2019,"ORBEST AIRLINES, S.A.",OBS,PORTUGAL,346,NO
2024,"ORBEST AIRLINES, S.A.",OBS,PORTUGAL,303,NO
2023,"ORBEST AIRLINES, S.A.",OBS,PORTUGAL,296,NO
2019,OVERSTAR SRL,OCJ,SAN MARINO,233,NO
2023,OVERSTAR SRL,OCJ,SAN MARINO,185,NO
2024,OVERSTAR SRL,OCJ,SAN MARINO,3,NO
2025,EW DISCOVER GMBH,OCN,GERMANY,23307,NO
2024,EW DISCOVER GMBH,OCN,GERMANY,19886,NO
2023,EW DISCOVER GMBH,OCN,GERMANY,13618,NO
2023,OSTEND AIR COLLEGE,OCO,BELGIUM,675,NO
2019,OSTEND AIR COLLEGE,OCO,BELGIUM,594,NO
2025,OSTEND AIR COLLEGE,OCO,BELGIUM,417,NO
2024,OSTEND AIR COLLEGE,OCO,BELGIUM,321,NO
2019,ART AVIATION FLUGBET,OES,AUSTRIA,109,NO
2019,"ONE AIRWAYS, S.A.U",OEW,SPAIN,13,NO
2019,OPEN FLIGHT,OFL,FRANCE,313,NO
2019,ONUR AIR,OHY,TÜRKIYE,18459,NO
2023,PRIVATE JETS INC,OKC,USA,172,NO
2019,OLYMPUS AIRWAYS S.A.,OLY,GREECE,516,NO
2019,OMAN AIR,OMA,OMAN,8290,NO
2025,OMAN AIR,OMA,OMAN,5729,NO
2023,OMAN AIR,OMA,OMAN,5533,NO
2024,OMAN AIR,OMA,OMAN,4636,NO
2023,NOMADIC AVIATION GROUP LLC,OMD,USA,179,NO
2024,NOMADIC AVIATION GROUP LLC,OMD,USA,149,NO
2025,NOMADIC AVIATION GROUP LLC,OMD,USA,76,NO
2025,OMEGA AIR,OME,USA,18,NO
2024,OMEGA AERIAL FUELING SERVICES INC,OME,USA,16,NO
2019,EXO -2T SWEDEN,OMM,BELGIUM,8,NO
2025,CYCLOON HOLLAND,OMM,NETHERLANDS,1,NO
2023,SALAM AIR SAOC,OMS,OMAN,1583,NO
2024,SALAM AIR SAOC,OMS,OMAN,821,NO
2025,SALAM AIR SAOC,OMS,OMAN,314,NO
2019,SALAM AIR SAOC,OMS,OMAN,182,NO
2019,OCEANAIR LINHAS AER,ONE,BRAZIL,117,NO
2023,25ONLY AVIATION GMBH,ONY,GERMANY,108,NO
2019,CYCLOON HOLLAND,OOH,NETHERLANDS,1,NO
2025,BONGARTZ MICHEL,OOI,BELGIUM,1,NO
2025,ONECLICK AIRWAYS JSC,OOO,GEORGIA,2,NO
2019,FIREBLADE AVIATION,OPM,SOUTH AFRICA,285,NO
2024,FIREBLADE AVIATION,OPM,SOUTH AFRICA,209,NO
2025,FIREBLADE AVIATION,OPM,SOUTH AFRICA,180,NO
2023,FIREBLADE AVIATION,OPM,SOUTH AFRICA,125,NO
2023,OMAN ROYAL FLIGHT,ORF,OMAN,448,NO
2024,OMAN ROYAL FLIGHT,ORF,OMAN,427,NO
2025,OMAN ROYAL FLIGHT,ORF,OMAN,338,NO
2019,OMAN ROYAL FLIGHT,ORF,OMAN,298,NO
2019,CLIPPER NAT AIR,ORO,SPAIN,991,NO
2023,CLIPPER NAT AIR,ORO,SPAIN,859,NO
2024,CLIPPER NAT AIR,ORO,SPAIN,819,NO
2025,CLIPPER NAT AIR,ORO,SPAIN,536,NO
2024,ORTAC OPERATIONS,ORT,UNITED KINGDOM,1533,NO
2023,ORTAC OPERATIONS,ORT,UNITED KINGDOM,1418,NO
2025,ORTAC OPERATIONS,ORT,UNITED KINGDOM,800,NO
2019,ORTAC OPERATIONS,ORT,UNITED KINGDOM,343,NO
2019,ZOREX S.A.,ORZ,SPAIN,2,NO
2019,OSCAR JET S. R. L.,OSJ,MOLDOVA,15,NO
2019,MIL UKRAINE,OSY,UKRAINE,38,NO
2025,AIR TRAVEL,OTC,CHINA,4,NO
2019,ORANGE2FLY AIRLINES,OTF,GREECE,2289,YES
2025,AERONOVA SL,OVA,SPAIN,41,NO
2023,AERONOVA SL,OVA,SPAIN,10,NO
2024,AERONOVA SL,OVA,SPAIN,5,NO
2019,AERONOVA SL,OVA,SPAIN,2,NO
2024,STATE ATM CORP.,OVD,RUSSIAN FEDERATION,100,NO
2019,STATE ATM CORP.,OVD,RUSSIAN FEDERATION,96,NO
2023,STATE ATM CORP.,OVD,RUSSIAN FEDERATION,21,NO
2023,OWENAIR,OWE,SOUTH AFRICA,116,NO
2019,CAE OXFORD AVIATION ACADEMY,OXF,UNITED KINGDOM,2040,NO
2023,CAE OXFORD AVIATION ACADEMY,OXF,UNITED KINGDOM,1074,NO
2024,CAE OXFORD AVIATION ACADEMY,OXF,UNITED KINGDOM,595,NO
2025,CAE OXFORD AVIATION ACADEMY,OXF,UNITED KINGDOM,390,NO
2019,ORION-MALTA LTD.,OXM,MALTA,72,NO
2025,OYA INTERNATIONAL,OYA,LIBYA,778,NO
2023,OYA INTERNATIONAL,OYA,LIBYA,133,NO
2024,OYA INTERNATIONAL,OYA,LIBYA,92,NO
2023,OYONNAIR,OYO,FRANCE,4315,NO
2025,OYONNAIR,OYO,FRANCE,4188,NO
2024,OYONNAIR,OYO,FRANCE,3733,NO
2023,POLAR AIR CARGO WW,PAC,USA,1457,NO
2019,POLAR AIR CARGO WW,PAC,USA,809,NO
2024,POLAR AIR CARGO WW,PAC,USA,507,NO
2025,POLAR AIR CARGO WW,PAC,USA,46,NO
2025,MIL PAF PAKISTAN,PAF,PAKISTAN,36,NO
2019,MIL PAF PAKISTAN,PAF,PAKISTAN,7,NO
2023,MIL PAF PAKISTAN,PAF,PAKISTAN,1,NO
2019,ALIPARMA,PAJ,ITALY,480,NO
2023,PHILIPPINE AIRLINES,PAL,PHILIPPINES,4896,NO
2024,PHILIPPINE AIRLINES,PAL,PHILIPPINES,4527,NO
2025,PHILIPPINE AIRLINES,PAL,PHILIPPINES,4504,NO
2019,PHILIPPINE AIRLINES,PAL,PHILIPPINES,1181,NO
2025,PELITA AIRSERVICE,PAS,INDONESIA,1292,NO
2024,PELITA AIRSERVICE,PAS,INDONESIA,252,NO
2023,PELITA AIRSERVICE,PAS,INDONESIA,4,NO
2019,SPECIALIST AVTN SVCS,PAS,UNITED KINGDOM,1,NO
2025,PROAIR AVIATION GMBH,PAV,GERMANY,5169,NO
2024,PROAIR AVIATION GMBH,PAV,GERMANY,1783,NO
2023,PROAIR AVIATION GMBH,PAV,GERMANY,1651,NO
2019,PROAIR AVIATION GMBH,PAV,GERMANY,765,NO
2019,"POBEDA AIRLINES, LLC",PBD,RUSSIAN FEDERATION,15816,NO
2024,"POBEDA AIRLINES, LLC",PBD,RUSSIAN FEDERATION,13171,NO
2025,"POBEDA AIRLINES, LLC",PBD,RUSSIAN FEDERATION,11654,NO
2023,"POBEDA AIRLINES, LLC",PBD,RUSSIAN FEDERATION,10945,NO
2025,FAST AIR LTD,PBR,CANADA,816,NO
2019,FAST AIR LTD,PBR,CANADA,148,NO
2024,FAST AIR LTD,PBR,CANADA,118,NO
2023,POLIZEIHS BADEN WUER,PBW,GERMANY,77,NO
2024,POLIZEIHS BADEN WUER,PBW,GERMANY,61,NO
2025,POLIZEIHS BADEN WUER,PBW,GERMANY,19,NO
2019,POLIZEIHS BADEN WUER,PBW,GERMANY,15,NO
2019,PILATUS AIRCRAFT LTD,PCH,SWITZERLAND,1238,NO
2023,PILATUS AIRCRAFT LTD,PCH,SWITZERLAND,999,NO
2024,PILATUS AIRCRAFT LTD,PCH,SWITZERLAND,962,NO
2025,PILATUS AIRCRAFT LTD,PCH,SWITZERLAND,885,NO
2019,PLM DOLLAR GROUP LTD,PDG,UNITED KINGDOM,57,NO
2023,PLM DOLLAR GROUP LTD,PDG,UNITED KINGDOM,1,NO
2023,PENDLEY AVIATION,PDY,UNITED KINGDOM,386,NO
2024,PENDLEY AVIATION,PDY,UNITED KINGDOM,274,NO
2019,PENDLEY AVIATION,PDY,UNITED KINGDOM,267,NO
2025,PENDLEY AVIATION,PDY,UNITED KINGDOM,181,NO
2024,PAN EUROPEENNE AIR SERVICES,PEA,FRANCE,2166,NO
2023,PAN EUROPEENNE AIR SERVICES,PEA,FRANCE,2124,NO
2025,PAN EUROPEENNE AIR SERVICES,PEA,FRANCE,1890,NO
2019,PAN EUROPEENNE AIR SERVICES,PEA,FRANCE,1074,NO
2023,PEGASUS ELITE AVTN,PEG,USA,2062,NO
2019,PEGASUS ELITE AVTN,PEG,USA,1177,NO
2024,PEGASUS ELITE AVTN,PEG,USA,54,NO
2025,PEGASUS ELITE AVTN,PEG,USA,1,NO
2023,PANAMEDIA,PEI,SPAIN,442,NO
2024,PANAMEDIA,PEI,SPAIN,351,NO
2019,PANAMEDIA,PEI,SPAIN,189,NO
2025,PANAMEDIA,PEI,SPAIN,172,NO
2019,PETRO AIR,PEO,LIBYA,181,NO
2025,PETROLEUM AIR SVCS 2,PER,EGYPT,747,NO
2024,PETROLEUM AIR SVCS 2,PER,EGYPT,643,NO
2023,PETROLEUM AIR SVCS 2,PER,EGYPT,472,NO
2019,PETROLEUM AIR SVCS 2,PER,EGYPT,148,NO
2019,ALTENRHEIN LUFTFAHRT,PEV,AUSTRIA,2423,NO
2024,ALTENRHEIN LUFTFAHRT,PEV,AUSTRIA,1416,NO
2025,ALTENRHEIN LUFTFAHRT,PEV,AUSTRIA,1398,NO
2023,ALTENRHEIN LUFTFAHRT,PEV,AUSTRIA,1311,NO
2024,SHELL AIRCRAFT LTD,PEX,NETHERLANDS,623,NO
2025,SHELL AIRCRAFT LTD,PEX,NETHERLANDS,614,NO
2023,SHELL AIRCRAFT LTD,PEX,NETHERLANDS,466,NO
2024,EAPC SCRL,PGC,BELGIUM,4276,NO
2025,EAPC SCRL,PGC,BELGIUM,4174,NO
2023,EAPC SCRL,PGC,BELGIUM,3014,NO
2025,SPARFELL LUXEMBOURG SA,PGQ,LUXEMBOURG,63,NO
2025,PEGASUS HAVA TASIMACILIGI A.S.,PGT,TÜRKIYE,214926,NO
2024,PEGASUS HAVA TASIMACILIGI A.S.,PGT,TÜRKIYE,190223,NO
2019,PEGASUS HAVA TASIMACILIGI A.S.,PGT,TÜRKIYE,172990,NO
2023,PEGASUS HAVA TASIMACILIGI A.S.,PGT,TÜRKIYE,172919,NO
2019,PHOENIX AIR,PHA,USA,95,NO
2025,ASIAN AEROSPACE CORP,PHL,PHILIPPINES,4,NO
2025,PHOENIX AVTN LTD,PHN,KENYA,392,NO
2023,PHOENIX AVTN LTD,PHN,KENYA,194,NO
2024,PHOENIX AVTN LTD,PHN,KENYA,174,NO
2019,PHENIX AVIATION SARL,PHV,FRANCE,578,NO
2024,PHENIX AVIATION SARL,PHV,FRANCE,183,NO
2023,PHENIX AVIATION SARL,PHV,FRANCE,176,NO
2025,PHENIX AVIATION SARL,PHV,FRANCE,29,NO
2019,PAKISTAN INTERNATIONAL AIRLINES,PIA,PAKISTAN,3612,NO
2023,PAKISTAN INTERNATIONAL AIRLINES,PIA,PAKISTAN,942,NO
2025,PAKISTAN INTERNATIONAL AIRLINES,PIA,PAKISTAN,696,NO
2024,PAKISTAN INTERNATIONAL AIRLINES,PIA,PAKISTAN,579,NO
2023,PACIFIC AIRLINES,PIC,VIETNAM,417,NO
2025,POLIZEI SACHSEN ANH.,PIK,GERMANY,38,NO
2024,POLIZEI SACHSEN ANH.,PIK,GERMANY,15,NO
2023,POLIZEI SACHSEN ANH.,PIK,GERMANY,10,NO
2025,MIL JORDAN,PIL,JORDAN,80,NO
2019,SHARE PLANE AG,PIL,SWITZERLAND,1,NO
2023,PILOT FLYSKOLE AS,PIP,NORWAY,182,NO
2025,PILOT FLYSKOLE AS,PIP,NORWAY,148,NO
2019,EXO -2T NORWAY,PIP,BELGIUM,146,NO
2024,PILOT FLYSKOLE AS,PIP,NORWAY,128,NO
2025,AIR CORVIGLIA,PIZ,SWITZERLAND,153,NO
2025,PARADOX JETS LTD,PJJ,BULGARIA,1127,NO
2024,PARADOX JETS LTD,PJJ,BULGARIA,275,NO
2019,JET AVIATION BUSINESS JETS AG,PJS,SWITZERLAND,523,NO
2023,JET AVIATION BUSINESS JETS AG,PJS,SWITZERLAND,448,NO
2024,JET AVIATION BUSINESS JETS AG,PJS,SWITZERLAND,276,NO
2025,JET AVIATION BUSINESS JETS AG,PJS,SWITZERLAND,189,NO
2023,PREMIUM JET GMBH,PJV,AUSTRIA,707,NO
2025,PREMIUM JET GMBH,PJV,AUSTRIA,679,NO
2024,PREMIUM JET GMBH,PJV,AUSTRIA,646,NO
2024,PREMIUM JET,PJZ,SWITZERLAND,828,NO
2025,PREMIUM JET,PJZ,SWITZERLAND,812,NO
2023,PREMIUM JET,PJZ,SWITZERLAND,663,NO
2019,PREMIUM JET,PJZ,SWITZERLAND,124,NO
2019,PRIME AVIATION JSC,PKZ,KAZAKHSTAN,145,NO
2023,PRIME AVIATION JSC,PKZ,KAZAKHSTAN,117,NO
2024,PRIME AVIATION JSC,PKZ,KAZAKHSTAN,114,NO
2025,PRIME AVIATION JSC,PKZ,KAZAKHSTAN,110,NO
2023,MIL POLAND,PLF,POLAND,6226,NO
2019,MIL POLAND,PLF,POLAND,5683,NO
2024,MIL POLAND,PLF,POLAND,5231,NO
2025,MIL POLAND,PLF,POLAND,5181,NO
2019,"MBK-S, JSC",PLG,RUSSIAN FEDERATION,597,NO
2019,"WAMOS AIR, SA",PLM,SPAIN,481,NO
2024,"WAMOS AIR, SA",PLM,SPAIN,81,NO
2023,"WAMOS AIR, SA",PLM,SPAIN,51,NO
2025,"WAMOS AIR, SA",PLM,SPAIN,42,NO
2025,POLIZEIHUBSCHRAUBERS,PMV,GERMANY,28,NO
2024,POLIZEIHUBSCHRAUBERS,PMV,GERMANY,21,NO
2023,POLIZEIHUBSCHRAUBERS,PMV,GERMANY,16,NO
2019,POLIZEIHUBSCHRAUBERS,PMV,GERMANY,13,NO
2024,PRINCE AVIATION,PNC,SERBIA,3251,NO
2023,PRINCE AVIATION,PNC,SERBIA,2750,NO
2025,PRINCE AVIATION,PNC,SERBIA,2639,NO
2019,PRINCE AVIATION,PNC,SERBIA,1829,NO
2019,PANKH,PNH,RUSSIAN FEDERATION,42,NO
2023,PANKH,PNH,RUSSIAN FEDERATION,3,NO
2023,AIR PINK D.O.O.,PNK,SERBIA,103,NO
2024,AIR PINK D.O.O.,PNK,SERBIA,8,NO
2019,AIS AIRLINES,PNX,NETHERLANDS,5191,NO
2023,AIS AIRLINES,PNX,NETHERLANDS,2027,NO
2024,AIS AIRLINES,PNX,NETHERLANDS,1327,NO
2025,AIS AIRLINES,PNX,NETHERLANDS,567,NO
2019,BUREAU POLICE AERO.,POF,FRANCE,630,NO
2023,BUREAU POLICE AERO.,POF,FRANCE,580,NO
2024,BUREAU POLICE AERO.,POF,FRANCE,574,NO
2025,BUREAU POLICE AERO.,POF,FRANCE,405,NO
2023,SWEDISH NATNL POLICE,POL,SWEDEN,395,NO
2025,SWEDISH NATNL POLICE,POL,SWEDEN,391,NO
2024,SWEDISH NATNL POLICE,POL,SWEDEN,350,NO
2019,SWEDISH NATNL POLICE,POL,SWEDEN,133,NO
2019,POLIZEI NIEDERSACHSE,PPH,GERMANY,4,NO
2023,POLIZEI NIEDERSACHSE,PPH,GERMANY,4,NO
2024,POLIZEI NIEDERSACHSE,PPH,GERMANY,4,NO
2025,POLIZEI NIEDERSACHSE,PPH,GERMANY,4,NO
2019,EXO -2T FINLAND,PPT,BELGIUM,6,NO
2024,PATRIA PILOT TRNG,PPT,FINLAND,4,NO
2025,PATRIA PILOT TRNG,PPT,FINLAND,2,NO
2023,PATRIA PILOT TRNG,PPT,FINLAND,1,NO
2019,POLISH AIR NAVIG,PPU,POLAND,196,NO
2023,POLISH AIR NAVIG,PPU,POLAND,151,NO
2025,POLISH AIR NAVIG,PPU,POLAND,133,NO
2024,POLISH AIR NAVIG,PPU,POLAND,126,NO
2019,PRESIDENTIAL AVTN,PRD,USA,530,NO
2024,PRESIDENTIAL AVTN,PRD,USA,515,NO
2025,PRESIDENTIAL AVTN,PRD,USA,339,NO
2023,PRESIDENTIAL AVTN,PRD,USA,288,NO
2023,AIR PRAGUE S.R.O.,PRG,CZECH REPUBLIC,389,NO
2019,AIR PRAGUE S.R.O.,PRG,CZECH REPUBLIC,65,NO
2025,AIR PRAGUE S.R.O.,PRG,CZECH REPUBLIC,19,NO
2024,AIR PRAGUE S.R.O.,PRG,CZECH REPUBLIC,14,NO
2019,TRANS OCEAN AIRWAYS,PRM,MADAGASCAR,2,NO
2019,EXO -2T ALLEMAGNE,PRO,BELGIUM,1,NO
2024,PARS AIR,PRS,IRAN,24,NO
2023,PARS AIR,PRS,IRAN,20,NO
2025,PARS AIR,PRS,IRAN,5,NO
2024,PRADHAAN AIR EXPRESS,PRX,INDIA,28,NO
2023,PRADHAAN AIR EXPRESS,PRX,INDIA,2,NO
2025,MINISTERO INTERNO,PSB,ITALY,2,NO
2025,AEROPASSION S.R.L.,PSJ,SAN MARINO,7,NO
2025,PRESCOTT SUPPORT,PSK,USA,86,NO
2024,PRESCOTT SUPPORT,PSK,USA,82,NO
2023,PRESCOTT SUPPORT,PSK,USA,50,NO
2019,"SAP AIR (SERVICIOS AÉREOS PROFESIONALES, S.A)",PSV,DOMINICAN REPUBLIC,40,NO
2019,PLANIFICACION Y SOLUCIONES AEREAS SL,PSY,SPAIN,29,NO
2023,PLANIFICACION Y SOLUCIONES AEREAS SL,PSY,SPAIN,4,NO
2024,PLANIFICACION Y SOLUCIONES AEREAS SL,PSY,SPAIN,2,NO
2025,PLANIFICACION Y SOLUCIONES AEREAS SL,PSY,SPAIN,2,NO
2019,GESTAIR AVIATION MALTA,PTA,MALTA,292,NO
2025,PLATOON AVIATION GMBH & CO KG,PTN,GERMANY,5391,NO
2024,PLATOON AVIATION GMBH & CO KG,PTN,GERMANY,4196,NO
2023,PLATOON AVIATION GMBH & CO KG,PTN,GERMANY,2789,NO
2019,LUFTHANSA AVIATION TRAINING PILOT ACADEMY GMBH,PTO,GERMANY,4385,NO
2025,LUFTHANSA AVIATION TRAINING PILOT ACADEMY GMBH,PTO,GERMANY,3711,NO
2024,LUFTHANSA AVIATION TRAINING PILOT ACADEMY GMBH,PTO,GERMANY,2477,NO
2023,LUFTHANSA AVIATION TRAINING PILOT ACADEMY GMBH,PTO,GERMANY,1076,NO
2025,PLUS ULTRA LINEAS,PUE,SPAIN,1914,NO
2024,PLUS ULTRA LINEAS,PUE,SPAIN,1837,NO
2023,PLUS ULTRA LINEAS,PUE,SPAIN,1615,NO
2019,PLUS ULTRA LINEAS,PUE,SPAIN,940,NO
2019,PUNITZ FLUGBETRIEB SL,PUN,SPAIN,75,NO
2025,PLANET NINE PRIVATE AIR,PVA,USA,657,NO
2024,PLANET NINE PRIVATE AIR,PVA,USA,401,NO
2023,PLANET NINE PRIVATE AIR,PVA,USA,282,NO
2025,PAD AVIATION SERVICE GMBH,PVD,GERMANY,3961,NO
2024,PAD AVIATION SERVICE GMBH,PVD,GERMANY,3853,NO
2023,PAD AVIATION SERVICE GMBH,PVD,GERMANY,3560,NO
2019,PRIVILEGE STYLE LINEAS AREAS SA,PVG,SPAIN,1331,NO
2025,PRIVILEGE STYLE LINEAS AREAS SA,PVG,SPAIN,920,NO
2023,PRIVILEGE STYLE LINEAS AREAS SA,PVG,SPAIN,494,NO
2024,PRIVILEGE STYLE LINEAS AREAS SA,PVG,SPAIN,417,NO
2019,PRIVAJET LTD.,PVJ,MALTA,158,NO
2024,PRIVAJET LTD.,PVJ,MALTA,137,NO
2025,PRIVAJET LTD.,PVJ,MALTA,22,NO
2025,SARL PRIV'AIR,PVR,FRANCE,716,NO
2024,SARL PRIV'AIR,PVR,FRANCE,670,NO
2023,SARL PRIV'AIR,PVR,FRANCE,109,NO
2019,PRIVATAIR SAUDI ARABIA,PVS,SAUDI ARABIA,2,NO
2025,CA FLY PRO SRL,PVV,MOLDOVA,565,NO
2024,CA FLY PRO SRL,PVV,MOLDOVA,178,NO
2023,CA FLY PRO SRL,PVV,MOLDOVA,139,NO
2019,PRIVATE WINGS,PWF,GERMANY,4171,NO
2023,PRIVATE WINGS,PWF,GERMANY,3420,NO
2025,PRIVATE WINGS,PWF,GERMANY,2978,NO
2024,PRIVATE WINGS,PWF,GERMANY,2828,NO
2025,PECOTOX-AIR,PXA,MOLDOVA,126,NO
2024,PECOTOX-AIR,PXA,MOLDOVA,6,NO
2019,PECOTOX-AIR,PXA,MOLDOVA,1,NO
2025,COLT INTERNATIONAL LLC,PXG,USA,142,NO
2024,PIXAIR SURVEY,PXR,FRANCE,298,NO
2023,PIXAIR SURVEY,PXR,FRANCE,261,NO
2025,PIXAIR SURVEY,PXR,FRANCE,259,NO
2019,PIXAIR SURVEY,PXR,FRANCE,181,NO
2023,PACIFIC COAST JET - MH MANAGEMENT HOLDINGS,PXT,USA,381,NO
2025,POUYA AIR,PYA,UNITED ARAB EMIRATES,78,NO
2019,POUYA AIR,PYA,UNITED ARAB EMIRATES,22,NO
2024,POUYA AIR,PYA,UNITED ARAB EMIRATES,12,NO
2023,POUYA AIR,PYA,UNITED ARAB EMIRATES,8,NO
2025,HACS,PYN,UNITED KINGDOM,1012,NO
2024,HACS,PYN,UNITED KINGDOM,939,NO
2023,HACS,PYN,UNITED KINGDOM,751,NO
2019,HACS,PYN,UNITED KINGDOM,615,NO
2025,QATAR AMIRI FLIGHT,QAF,QATAR,640,NO
2023,QATAR AMIRI FLIGHT,QAF,QATAR,621,NO
2024,QATAR AMIRI FLIGHT,QAF,QATAR,617,NO
2019,QATAR AMIRI FLIGHT,QAF,QATAR,509,NO
2019,QUICK AIR JET CHARTR,QAJ,GERMANY,2443,NO
2023,QUICK AIR JET CHARTR,QAJ,GERMANY,1591,NO
2024,QUICK AIR JET CHARTR,QAJ,GERMANY,1434,NO
2025,QUICK AIR JET CHARTR,QAJ,GERMANY,1357,NO
2023,QA AVIATION S.R.O.,QAV,CZECH REPUBLIC,1091,NO
2024,QA AVIATION S.R.O.,QAV,CZECH REPUBLIC,730,NO
2025,QA AVIATION S.R.O.,QAV,CZECH REPUBLIC,706,NO
2025,QAZAQ AIR,QAZ,KAZAKHSTAN,2,NO
2024,AIRLINK AVIATION,QDA,CHINA,272,NO
2023,AIRLINK AVIATION,QDA,CHINA,30,NO
2019,AIRLINK AVIATION,QDA,CHINA,10,NO
2025,QANTAS AIRWAYS,QFA,AUSTRALIA,9365,NO
2024,QANTAS AIRWAYS,QFA,AUSTRALIA,8516,NO
2023,QANTAS AIRWAYS,QFA,AUSTRALIA,8180,NO
2019,QANTAS AIRWAYS,QFA,AUSTRALIA,3187,NO
2024,SPARFELL MALTA,QFX,MALTA,599,NO
2025,SPARFELL MALTA,QFX,MALTA,545,NO
2023,SPARFELL MALTA,QFX,MALTA,331,NO
2025,QUALITY FLY S.A.,QFY,SPAIN,228,NO
2024,QUALITY FLY S.A.,QFY,SPAIN,226,NO
2019,QUALITY FLY S.A.,QFY,SPAIN,143,NO
2023,QUALITY FLY S.A.,QFY,SPAIN,85,NO
2019,FARS QESHM AIRLINES,QFZ,IRAN,15,NO
2025,WINDROSE AIR JETCHARTER GMBH,QGA,GERMANY,1408,NO
2019,WINDROSE AIR JETCHARTER GMBH,QGA,GERMANY,1357,NO
2024,WINDROSE AIR JETCHARTER GMBH,QGA,GERMANY,1223,NO
2023,WINDROSE AIR JETCHARTER GMBH,QGA,GERMANY,1116,NO
2019,QA AVIATION S.R.O.,QNR,CZECH REPUBLIC,679,NO
2025,QANOT SHARQ,QNT,UZBEKISTAN,1137,NO
2024,QANOT SHARQ,QNT,UZBEKISTAN,914,NO
2023,QANOT SHARQ,QNT,UZBEKISTAN,256,NO
2025,QATAR EXECUTIVE ,QQE,QATAR,5297,NO
2024,QATAR EXECUTIVE ,QQE,QATAR,4091,NO
2023,QATAR EXECUTIVE ,QQE,QATAR,3073,NO
2019,QATAR EXECUTIVE ,QQE,QATAR,1854,NO
2025,QUATTRO JET,QRJ,TÜRKIYE,26,NO
2019,QESHM AIR,QSM,IRAN,2509,NO
2023,QESHM AIR,QSM,IRAN,2242,NO
2024,QESHM AIR,QSM,IRAN,1878,NO
2025,QESHM AIR,QSM,IRAN,1221,NO
2024,QATAR AIRWAYS,QTR,QATAR,124047,NO
2025,QATAR AIRWAYS,QTR,QATAR,118941,NO
2023,QATAR AIRWAYS,QTR,QATAR,106612,NO
2019,QATAR AIRWAYS,QTR,QATAR,94791,NO
2019,ICAR AIR,RAC,BOSNIA-HERZEGOVINA,683,NO
2024,ICAR AIR,RAC,BOSNIA-HERZEGOVINA,590,NO
2023,ICAR AIR,RAC,BOSNIA-HERZEGOVINA,555,NO
2025,ICAR AIR,RAC,BOSNIA-HERZEGOVINA,552,NO
2025,ROYAL AIR MAROC,RAM,MOROCCO,51587,NO
2019,ROYAL AIR MAROC,RAM,MOROCCO,49948,NO
2024,ROYAL AIR MAROC,RAM,MOROCCO,47031,NO
2023,ROYAL AIR MAROC,RAM,MOROCCO,45679,NO
2025,RANO AIR,RAN,NIGERIA,25,NO
2019,UGANDA EXEC FLIGHT,RAU,UGANDA,10,NO
2025,UGANDA EXEC FLIGHT,RAU,UGANDA,7,NO
2023,UGANDA EXEC FLIGHT,RAU,UGANDA,6,NO
2024,UGANDA EXEC FLIGHT,RAU,UGANDA,2,NO
2025,ROYAL BRUNEI,RBA,BRUNEI DARUSSALAM,5859,NO
2024,ROYAL BRUNEI,RBA,BRUNEI DARUSSALAM,5040,NO
2023,ROYAL BRUNEI,RBA,BRUNEI DARUSSALAM,4175,NO
2019,ROYAL BRUNEI,RBA,BRUNEI DARUSSALAM,727,NO
2019,F. HOFFMANN-LA ROCHE AG,RBB,SWITZERLAND,108,NO
2024,AIR ARABIA EGYPT,RBG,EGYPT,1078,NO
2025,AIR ARABIA EGYPT,RBG,EGYPT,1042,NO
2023,AIR ARABIA EGYPT,RBG,EGYPT,935,NO
2019,AIR ARABIA EGYPT,RBG,EGYPT,702,NO
2019,AEROCLUB DE TENERIFE,RCD,SPAIN,8,NO
2024,AEROCLUB DE TENERIFE,RCD,SPAIN,4,NO
2019,MIL USA,RCH,USA,14998,NO
2023,MIL USA,RCH,USA,11346,NO
2024,MIL USA,RCH,USA,9054,NO
2025,MIL USA,RCH,USA,8909,NO
2025,ROMCARGO AIRLINES S.R.L.,RCR,ROMANIA,850,NO
2024,ROMCARGO AIRLINES S.R.L.,RCR,ROMANIA,287,NO
2023,ROMCARGO AIRLINES S.R.L.,RCR,ROMANIA,163,NO
2019,RADA AIRLINES LLC,RDA,BELARUS,119,NO
2024,RADA AIRLINES LLC,RDA,BELARUS,89,NO
2025,RADA AIRLINES LLC,RDA,BELARUS,70,NO
2023,RADA AIRLINES LLC,RDA,BELARUS,32,NO
2019,AIRBUS HELICOPTERS,RDF,GERMANY,963,NO
2024,AIRBUS HELICOPTERS,RDF,GERMANY,445,NO
2025,AIRBUS HELICOPTERS,RDF,GERMANY,430,NO
2023,AIRBUS HELICOPTERS,RDF,GERMANY,345,NO
2025,HELI-TEAM AS,RDL,NORWAY,29,NO
2024,SKOJLDEN CRUISEKAI,RDL,NORWAY,1,NO
2019,THE BOEING COMPANY,RDN,USA,258,NO
2025,THE BOEING COMPANY,RDN,USA,111,NO
2024,THE BOEING COMPANY,RDN,USA,100,NO
2019,CROIX ROUGE,RED,SWITZERLAND,74,NO
2023,CROIX ROUGE,RED,SWITZERLAND,52,NO
2019,ARENA AVIATION LTD,REN,UNITED KINGDOM,381,NO
2019,AIR AUSTRAL,REU,FRANCE,7920,NO
2023,AIR AUSTRAL,REU,FRANCE,7764,NO
2024,AIR AUSTRAL,REU,FRANCE,7072,NO
2025,AIR AUSTRAL,REU,FRANCE,6642,NO
2019,RVL AVIATION LTD,REV,UNITED KINGDOM,2979,NO
2024,RVL AVIATION LTD,REV,UNITED KINGDOM,2344,NO
2023,RVL AVIATION LTD,REV,UNITED KINGDOM,2320,NO
2025,RVL AVIATION LTD,REV,UNITED KINGDOM,2128,NO
2025,MIL PAKISTAN ARMY 2,REX,PAKISTAN,27,NO
2019,MIL PAKISTAN ARMY 2,REX,PAKISTAN,13,NO
2023,MIL PAKISTAN ARMY 2,REX,PAKISTAN,12,NO
2024,MIL PAKISTAN ARMY 2,REX,PAKISTAN,9,NO
2023,TULPAR AIRCOMPANY LTD,RFE,RUSSIAN FEDERATION,1473,NO
2024,TULPAR AIRCOMPANY LTD,RFE,RUSSIAN FEDERATION,1417,NO
2025,TULPAR AIRCOMPANY LTD,RFE,RUSSIAN FEDERATION,1145,NO
2019,TULPAR AIRCOMPANY LTD,RFE,RUSSIAN FEDERATION,136,NO
2019,MIL RUSSIA,RFF,RUSSIAN FEDERATION,1970,NO
2025,MIL RUSSIA,RFF,RUSSIAN FEDERATION,1269,NO
2024,MIL RUSSIA,RFF,RUSSIAN FEDERATION,819,NO
2023,MIL RUSSIA,RFF,RUSSIAN FEDERATION,717,NO
2025,RGA AIRLINES,RGM,INDONESIA,85,NO
2019,CORP YGNUS AIR S.A.,RGN,SPAIN,1375,NO
2025,CORP YGNUS AIR S.A.,RGN,SPAIN,698,NO
2024,CORP YGNUS AIR S.A.,RGN,SPAIN,629,NO
2023,CORP YGNUS AIR S.A.,RGN,SPAIN,501,NO
2024,RED STAR AIR AMBUL,RHH,TÜRKIYE,4055,NO
2025,RED STAR AIR AMBUL,RHH,TÜRKIYE,3573,NO
2023,RED STAR AIR AMBUL,RHH,TÜRKIYE,3314,NO
2019,SOVEREIGN BUSS JETS,RHK,UNITED KINGDOM,389,NO
2019,INTERNAL MINISTRY UU,RIF,RUSSIAN FEDERATION,41,NO
2024,INTERNAL MIN. 3694,RIF,RUSSIAN FEDERATION,13,NO
2023,INTERNAL MINISTRY UU,RIF,RUSSIAN FEDERATION,2,NO
2025,INTERNAL MINISTRY UU,RIF,RUSSIAN FEDERATION,2,NO
2019,RAHILA AIRLINES,RIH,LIBYA,340,NO
2023,AERIS GESTION S L,RIS,SPAIN,103,NO
2024,AERIS GESTION S L,RIS,SPAIN,70,NO
2025,AERIS GESTION S L,RIS,SPAIN,62,NO
2019,APG AIRLINES,RIV,FRANCE,366,NO
2023,APG AIRLINES,RIV,FRANCE,325,NO
2025,APG AIRLINES,RIV,FRANCE,273,NO
2024,APG AIRLINES,RIV,FRANCE,264,NO
2025,ALPINE WINGS SRL,RIZ,ITALY,26,NO
2025,ROYAL JORDANIAN AIRLINES,RJA,JORDAN,16347,NO
2023,ROYAL JORDANIAN AIRLINES,RJA,JORDAN,15650,NO
2024,ROYAL JORDANIAN AIRLINES,RJA,JORDAN,14365,NO
2019,ROYAL JORDANIAN AIRLINES,RJA,JORDAN,12724,NO
2025,PANELLENIC AIRLINES,RJB,GREECE,851,NO
2023,PANELLENIC AIRLINES,RJB,GREECE,1,NO
2023,ROTANA JET AVIATION,RJD,UNITED ARAB EMIRATES,367,NO
2025,ROTANA JET AVIATION,RJD,UNITED ARAB EMIRATES,271,NO
2019,ROTANA JET AVIATION,RJD,UNITED ARAB EMIRATES,200,NO
2024,ROTANA JET AVIATION,RJD,UNITED ARAB EMIRATES,175,NO
2019,REYNOLDS JET MGMT,RJE,USA,179,NO
2019,UNIVERSAL AIR CHART.,RJR,MALTA,233,NO
2025,MCH AIR LLC,RJR,USA,168,NO
2024,MCH AIR LLC,RJR,USA,5,NO
2023,MIL JORDAN,RJZ,JORDAN,14,NO
2019,MIL JORDAN,RJZ,JORDAN,13,NO
2024,MIL JORDAN,RJZ,JORDAN,4,NO
2019,POLAR AIRLINES,RKA,RUSSIAN FEDERATION,1,NO
2023,STEPHENS INVESTMENT HOLDINGS LLC,RKK,USA,351,NO
2024,STEPHENS INVESTMENT HOLDINGS LLC,RKK,USA,351,NO
2025,STEPHENS INVESTMENT HOLDINGS LLC,RKK,USA,318,NO
2019,STEPHENS INVESTMENT HOLDINGS LLC,RKK,USA,15,NO
2019,PHENIX JET INTL,RKS,USA,527,NO
2023,PHENIX JET INTL,RKS,USA,137,NO
2024,AVIATION SERVICE NSC,RKS,KAZAKHSTAN,1,NO
2025,TARP AVIATION,RLA,RUSSIAN FEDERATION,741,NO
2024,TARP AVIATION,RLA,RUSSIAN FEDERATION,546,NO
2023,TARP AVIATION,RLA,RUSSIAN FEDERATION,444,NO
2023,"RELIANT AIR CHARTER, INC",RLI,USA,225,NO
2019,RUSLINE JSC,RLU,RUSSIAN FEDERATION,628,NO
2019,GO2SKY,RLX,SLOVAK REPUBLIC,26,NO
2024,GO2SKY,RLX,SLOVAK REPUBLIC,15,NO
2023,GO2SKY,RLX,SLOVAK REPUBLIC,8,NO
2025,GO2SKY,RLX,SLOVAK REPUBLIC,4,NO
2025,AIR ADRIATIC D.O.O.,RMB,SLOVENIA,511,NO
2023,MIL MALAYSIA,RMF,MALAYSIA,50,NO
2024,MIL MALAYSIA,RMF,MALAYSIA,8,NO
2025,AIR MASTER AIRLINE,RMX,EGYPT,623,NO
2024,AIR MASTER AIRLINE,RMX,EGYPT,238,NO
2023,AIR MASTER AIRLINE,RMX,EGYPT,1,NO
2024,NEPAL AIRLINES,RNA,NEPAL,4,NO
2023,NEPAL AIRLINES,RNA,NEPAL,3,NO
2019,BUSINESS-AERO OOO,RNA,RUSSIAN FEDERATION,1,NO
2023,STATUL MAJOR AL FORTELOR AERIENE,ROF,ROMANIA,3465,NO
2024,STATUL MAJOR AL FORTELOR AERIENE,ROF,ROMANIA,3126,NO
2025,STATUL MAJOR AL FORTELOR AERIENE,ROF,ROMANIA,2852,NO
2019,STATUL MAJOR AL FORTELOR AERIENE,ROF,ROMANIA,1868,NO
2025,FUNDACION REGO,ROG,SPAIN,782,NO
2024,FUNDACION REGO,ROG,SPAIN,633,NO
2023,FUNDACION REGO,ROG,SPAIN,549,NO
2023,ROYAL JET,ROJ,UNITED ARAB EMIRATES,2127,NO
2025,ROYAL JET,ROJ,UNITED ARAB EMIRATES,2098,NO
2024,ROYAL JET,ROJ,UNITED ARAB EMIRATES,1939,NO
2019,ROYAL JET,ROJ,UNITED ARAB EMIRATES,1832,NO
2025,NAURU AIRLINES,RON,AUSTRALIA,19,NO
2024,NAURU AIRLINES,RON,AUSTRALIA,15,NO
2023,NAURU AIRLINES,RON,AUSTRALIA,7,NO
2023,FENIX AERO SERVICES S.A.,ROS,GREECE,25,NO
2024,FENIX AERO SERVICES S.A.,ROS,GREECE,12,NO
2025,FENIX AERO SERVICES S.A.,ROS,GREECE,2,NO
2019,TAROM,ROT,ROMANIA,39498,NO
2023,TAROM,ROT,ROMANIA,26544,NO
2024,TAROM,ROT,ROMANIA,24494,NO
2025,TAROM,ROT,ROMANIA,24137,NO
2019,AIR CANADA ROUGE LP,ROU,CANADA,5634,NO
2023,AIR CANADA ROUGE LP,ROU,CANADA,1279,NO
2024,AIR CANADA ROUGE LP,ROU,CANADA,884,NO
2025,AIR CANADA ROUGE LP,ROU,CANADA,822,NO
2025,FONNAFLY HELIFLY AS,ROW,NORWAY,340,NO
2023,FONNAFLY,ROW,NORWAY,2,NO
2024,FONNAFLY HELIFLY AS,ROW,NORWAY,1,NO
2019,REPUBLIC AIRWAYS,RPA,USA,2194,NO
2025,CHALLENGER AERO,RPC,PHILIPPINES,8,NO
2019,CEBU PACIFIC AIR,RPC,PHILIPPINES,6,NO
2024,MIL UK RAF,RRR,UNITED KINGDOM,5819,NO
2023,MIL UK RAF,RRR,UNITED KINGDOM,5486,NO
2025,MIL UK RAF,RRR,UNITED KINGDOM,4752,NO
2019,MIL UK RAF,RRR,UNITED KINGDOM,4591,NO
2023,ATP HAVACILIK TIC A.S.,RSA,TÜRKIYE,2,NO
2019,RUBYSTAR,RSB,BELARUS,542,NO
2025,RUBYSTAR,RSB,BELARUS,165,NO
2023,RUBYSTAR,RSB,BELARUS,120,NO
2024,RUBYSTAR,RSB,BELARUS,86,NO
2023,CANARIAS AIRLINES,RSC,SPAIN,37368,NO
2024,CANARIAS AIRLINES,RSC,SPAIN,36290,NO
2025,CANARIAS AIRLINES,RSC,SPAIN,35562,NO
2019,CANARIAS AIRLINES,RSC,SPAIN,27514,NO
2019,SFD RUSSIA,RSD,RUSSIAN FEDERATION,1704,NO
2024,SFD RUSSIA,RSD,RUSSIAN FEDERATION,368,NO
2023,SFD RUSSIA,RSD,RUSSIAN FEDERATION,346,NO
2025,SFD RUSSIA,RSD,RUSSIAN FEDERATION,248,NO
2025,MIL SAUDI (KNE),RSF,SAUDI ARABIA,341,NO
2024,MIL SAUDI (KNE),RSF,SAUDI ARABIA,274,NO
2023,MIL SAUDI (KNE),RSF,SAUDI ARABIA,210,NO
2019,MIL SAUDI (KNE),RSF,SAUDI ARABIA,81,NO
2023,RUSJET AIRCOMPANY,RSJ,RUSSIAN FEDERATION,962,NO
2024,RUSJET AIRCOMPANY,RSJ,RUSSIAN FEDERATION,943,NO
2025,RUSJET AIRCOMPANY,RSJ,RUSSIAN FEDERATION,751,NO
2019,RUSJET AIRCOMPANY,RSJ,RUSSIAN FEDERATION,274,NO
2025,RED SEA AIRLINES,RSX,EGYPT,3216,NO
2024,RED SEA AIRLINES,RSX,EGYPT,1593,NO
2023,RED SEA AIRLINES,RSX,EGYPT,615,NO
2019,I FLY LTD,RSY,RUSSIAN FEDERATION,2152,NO
2024,I FLY LTD,RSY,RUSSIAN FEDERATION,155,NO
2023,I FLY LTD,RSY,RUSSIAN FEDERATION,21,NO
2025,I FLY LTD,RSY,RUSSIAN FEDERATION,17,NO
2024,ROYAL THAI ARMY,RTA,THAILAND,3,NO
2025,ROYAL THAI ARMY,RTA,THAILAND,1,NO
2019,RELY AS,RTG,NORWAY,372,NO
2023,RELY AS,RTG,NORWAY,300,NO
2025,RELY AS,RTG,NORWAY,298,NO
2024,RELY AS,RTG,NORWAY,245,NO
2025,HAWKER BEECHCRAFT  2,RTN,USA,228,NO
2024,HAWKER BEECHCRAFT  2,RTN,USA,188,NO
2025,RECTIMO AIR TRANSPORTS,RTO,FRANCE,205,NO
2024,RECTIMO AIR TRANSPORTS,RTO,FRANCE,203,NO
2023,RECTIMO AIR TRANSPORTS,RTO,FRANCE,143,NO
2019,RECTIMO AIR TRANSPORTS,RTO,FRANCE,11,NO
2019,ROYAL AIRPORT SRVS,RTP,THAILAND,89,NO
2023,NORTAVIA LTD.,RTV,PORTUGAL,700,NO
2025,NORTAVIA LTD.,RTV,PORTUGAL,402,NO
2024,NORTAVIA LTD.,RTV,PORTUGAL,264,NO
2019,NORTAVIA LTD.,RTV,PORTUGAL,6,NO
2024,RYANAIR UK LIMITED,RUK,UNITED KINGDOM,30850,NO
2025,RYANAIR UK LIMITED,RUK,UNITED KINGDOM,30441,NO
2023,RYANAIR UK LIMITED,RUK,UNITED KINGDOM,24118,NO
2019,RYANAIR UK LIMITED,RUK,UNITED KINGDOM,2,NO
2023,ACT AIRLINES,RUN,TÜRKIYE,215,NO
2019,ACT AIRLINES,RUN,TÜRKIYE,47,NO
2024,ACT AIRLINES,RUN,TÜRKIYE,17,NO
2025,ACT AIRLINES,RUN,TÜRKIYE,6,NO
2025,RAVN ALASKA,RVF,USA,2,NO
2019,"AERO VIP-COMPANHIA TRANSPORTES E SERVIÇOS AÉREOS, SA",RVP,PORTUGAL,1926,NO
2023,"AERO VIP-COMPANHIA TRANSPORTES E SERVIÇOS AÉREOS, SA",RVP,PORTUGAL,1867,NO
2025,"AERO VIP-COMPANHIA TRANSPORTES E SERVIÇOS AÉREOS, SA",RVP,PORTUGAL,1684,NO
2024,"AERO VIP-COMPANHIA TRANSPORTES E SERVIÇOS AÉREOS, SA",RVP,PORTUGAL,684,NO
2023,CHESHIRE   RAVENAIR,RVR,UNITED KINGDOM,1830,NO
2024,CHESHIRE   RAVENAIR,RVR,UNITED KINGDOM,552,NO
2025,CHESHIRE   RAVENAIR,RVR,UNITED KINGDOM,457,NO
2019,CHESHIRE   RAVENAIR,RVR,UNITED KINGDOM,173,NO
2023,ROSTVERTOL-AVIA,RVT,RUSSIAN FEDERATION,1,YES
2025,RWANDAIR (HR),RWD,RWANDA,1263,NO
2024,RWANDAIR (HR),RWD,RWANDA,1235,NO
2023,RWANDAIR (HR),RWD,RWANDA,895,NO
2019,RWANDAIR (HR),RWD,RWANDA,695,NO
2023,RWL GERMAN FLIGHT AC,RWL,GERMANY,1871,NO
2025,RWL GERMAN FLIGHT AC,RWL,GERMANY,1597,NO
2019,RWL GERMAN FLIGHT AC,RWL,GERMANY,1549,NO
2024,RWL GERMAN FLIGHT AC,RWL,GERMANY,1337,NO
2023,RED WINGS CJSC,RWZ,RUSSIAN FEDERATION,14665,NO
2024,RED WINGS CJSC,RWZ,RUSSIAN FEDERATION,11088,NO
2025,RED WINGS CJSC,RWZ,RUSSIAN FEDERATION,10833,NO
2019,RED WINGS CJSC,RWZ,RUSSIAN FEDERATION,8223,NO
2025,RIYADH AIR,RXI,SAUDI ARABIA,140,NO
2024,RIYADH AIR,RXI,SAUDI ARABIA,2,NO
2025,RYANAIR DAC,RYR,IRELAND,1121960,NO
2024,RYANAIR DAC,RYR,IRELAND,1074232,NO
2023,RYANAIR DAC,RYR,IRELAND,994386,NO
2019,RYANAIR DAC,RYR,IRELAND,813786,NO
2025,RYANAIR SUN,RYS,POLAND,9547,NO
2024,RYANAIR SUN,RYS,POLAND,8334,NO
2023,RYANAIR SUN,RYS,POLAND,8172,NO
2019,RYANAIR SUN,RYS,POLAND,5593,NO
2025,GRIDIRON AIR,RZN,USA,2,NO
2024,"SATA INTERNACIONAL, S.A.",RZO,PORTUGAL,11933,NO
2025,"SATA INTERNACIONAL, S.A.",RZO,PORTUGAL,11782,NO
2023,"SATA INTERNACIONAL, S.A.",RZO,PORTUGAL,9944,NO
2019,"SATA INTERNACIONAL, S.A.",RZO,PORTUGAL,7195,NO
2019,SOUTH AFRICAN AIRWAYS,SAA,SOUTH AFRICA,6908,NO
2023,SOUTH AFRICAN AIRWAYS,SAA,SOUTH AFRICA,1521,NO
2025,SOUTH AFRICAN AIRWAYS,SAA,SOUTH AFRICA,1095,NO
2024,SOUTH AFRICAN AIRWAYS,SAA,SOUTH AFRICA,1018,NO
2024,MIL SINGAPORE,SAF,SINGAPORE,5,NO
2025,SPIRE FLIGHT SOLUTIONS,SAF,IRELAND,3,NO
2023,SMART JET SP. Z O.O.,SAH,POLAND,2894,NO
2024,SMART JET SP. Z O.O.,SAH,POLAND,2803,NO
2025,SMART JET SP. Z O.O.,SAH,POLAND,2557,NO
2019,SMART JET SP. Z O.O.,SAH,POLAND,1443,NO
2019,SOC AERO PENINSULAR,SAL,SPAIN,49,NO
2024,SAF HELICOPTERES,SAM,FRANCE,1,NO
2025,SAF HELICOPTERES,SAM,FRANCE,1,NO
2019,SAHEL AVIATION SVC 2,SAO,MALI,29,NO
2023,SAHEL AVIATION SVC 2,SAO,MALI,2,NO
2025,SAHEL AVIATION SVC 2,SAO,MALI,2,NO
2024,SAFE AIR COMPANY,SAQ,KENYA,12,NO
2023,SAFE AIR COMPANY,SAQ,KENYA,10,NO
2025,SAFE AIR COMPANY,SAQ,KENYA,1,NO
2025,SPRINTAIR CARGO SP,SAR,POLAND,2813,NO
2024,SPRINTAIR CARGO SP,SAR,POLAND,2324,NO
2023,SPRINTAIR CARGO SP,SAR,POLAND,1437,NO
2019,SPRINTAIR CARGO SP,SAR,POLAND,432,NO
2019,SAS AB,SAS,SWEDEN,298555,NO
2025,SAS AB,SAS,SWEDEN,255060,NO
2023,SAS AB,SAS,SWEDEN,224205,NO
2024,SAS AB,SAS,SWEDEN,223678,NO
2024,"SATA AIR AÇORES, S.A.",SAT,PORTUGAL,19095,NO
2025,"SATA AIR AÇORES, S.A.",SAT,PORTUGAL,19009,NO
2023,"SATA AIR AÇORES, S.A.",SAT,PORTUGAL,18800,NO
2019,"SATA AIR AÇORES, S.A.",SAT,PORTUGAL,15077,NO
2025,SUNAIR,SAV,VIETNAM,574,NO
2024,SUNAIR,SAV,VIETNAM,366,NO
2023,SAMAL AIR,SAV,KAZAKHSTAN,24,NO
2024,CHAM WING AIRLINES,SAW,SYRIA,435,NO
2023,CHAM WING AIRLINES,SAW,SYRIA,287,NO
2019,CHAM WING AIRLINES,SAW,SYRIA,285,NO
2025,CHAM WING AIRLINES,SAW,SYRIA,1,NO
2019,SKY GATES AIRLINES,SAY,RUSSIAN FEDERATION,577,NO
2024,SKY GATES AIRLINES,SAY,RUSSIAN FEDERATION,27,NO
2023,SKY GATES AIRLINES,SAY,RUSSIAN FEDERATION,14,NO
2023,SWISS AIR AMBULANCE,SAZ,SWITZERLAND,2157,NO
2025,SWISS AIR AMBULANCE,SAZ,SWITZERLAND,2150,NO
2024,SWISS AIR AMBULANCE,SAZ,SWITZERLAND,2077,NO
2019,SWISS AIR AMBULANCE,SAZ,SWITZERLAND,2059,NO
2019,SIBERIA AIRLINES,SBI,RUSSIAN FEDERATION,16847,NO
2023,SIBERIA AIRLINES,SBI,RUSSIAN FEDERATION,6583,NO
2024,SIBERIA AIRLINES,SBI,RUSSIAN FEDERATION,6116,NO
2025,SIBERIA AIRLINES,SBI,RUSSIAN FEDERATION,4565,NO
2023,ST BARTH COMMUTER,SBU,FRANCE,938,NO
2024,ST BARTH COMMUTER,SBU,FRANCE,868,NO
2025,ST BARTH COMMUTER,SBU,FRANCE,862,NO
2024,AIR CHARTER SCOTLAND EUROPE LIMITED,SCO,MALTA,718,NO
2023,AIR CHARTER SCOTLAND EUROPE LIMITED,SCO,MALTA,663,NO
2025,AIR CHARTER SCOTLAND EUROPE LIMITED,SCO,MALTA,641,NO
2019,OSM AVIATION ACADEMY AB,SCQ,SWEDEN,1679,NO
2023,OSM AVIATION ACADEMY AB,SCQ,SWEDEN,661,NO
2025,OSM AVIATION ACADEMY AB,SCQ,SWEDEN,408,NO
2024,OSM AVIATION ACADEMY AB,SCQ,SWEDEN,271,NO
2019,SILVER CLOUD AIR,SCR,GERMANY,2537,NO
2025,SILVER CLOUD AIR,SCR,GERMANY,2500,NO
2024,SILVER CLOUD AIR,SCR,GERMANY,2163,NO
2023,SILVER CLOUD AIR,SCR,GERMANY,2058,NO
2024,SAAB AB SUPP & SERV,SCT,SWEDEN,419,NO
2023,SAAB AB SUPP & SERV,SCT,SWEDEN,412,NO
2025,SAAB AB SUPP & SERV,SCT,SWEDEN,387,NO
2019,SAAB AB SUPP & SERV,SCT,SWEDEN,156,NO
2019,BRAATHENS REGIONAL AVIATION AB,SCW,SWEDEN,18921,NO
2023,BRAATHENS REGIONAL AVIATION AB,SCW,SWEDEN,1,NO
2019,SUN COUNTRY INC,SCX,USA,96,NO
2025,SUN COUNTRY INC,SCX,USA,65,NO
2024,AIR PARTNERS CORP,SDE,CANADA,425,NO
2025,AIR PARTNERS CORP,SDE,CANADA,354,NO
2023,AIR PARTNERS CORP,SDE,CANADA,135,NO
2019,AIR PARTNERS CORP,SDE,CANADA,85,NO
2019,"OPEN JOINT STOCK COMPANY ""ROSSIYA AIRLINES"" JSC ""ROSSIYA AIRLINES""",SDM,RUSSIAN FEDERATION,27886,NO
2024,"OPEN JOINT STOCK COMPANY ""ROSSIYA AIRLINES"" JSC ""ROSSIYA AIRLINES""",SDM,RUSSIAN FEDERATION,17599,NO
2025,"OPEN JOINT STOCK COMPANY ""ROSSIYA AIRLINES"" JSC ""ROSSIYA AIRLINES""",SDM,RUSSIAN FEDERATION,15474,NO
2023,"OPEN JOINT STOCK COMPANY ""ROSSIYA AIRLINES"" JSC ""ROSSIYA AIRLINES""",SDM,RUSSIAN FEDERATION,13106,NO
2023,SUNDAIR GMBH,SDR,GERMANY,6140,NO
2024,SUNDAIR GMBH,SDR,GERMANY,5277,NO
2025,SUNDAIR GMBH,SDR,GERMANY,5010,NO
2019,SUNDAIR GMBH,SDR,GERMANY,4136,NO
2023,DUMONT JETS,SDU,USA,273,NO
2019,DUMONT JETS,SDU,USA,99,NO
2025,EUROAVIA AIRLINES,SEB,CYPRUS,289,NO
2024,EUROAVIA AIRLINES,SEB,CYPRUS,2,NO
2025,SKY EXPRESS GREECE,SEH,GREECE,59490,NO
2024,SKY EXPRESS GREECE,SEH,GREECE,55594,NO
2023,SKY EXPRESS GREECE,SEH,GREECE,52197,NO
2019,SKY EXPRESS GREECE,SEH,GREECE,31327,NO
2023,SPICEJET,SEJ,INDIA,340,NO
2019,SPICEJET,SEJ,INDIA,52,NO
2025,SPICEJET,SEJ,INDIA,25,NO
2024,SPICEJET,SEJ,INDIA,8,NO
2025,STAR EAST AIRLINE SRL,SEK,ROMANIA,525,NO
2024,STAR EAST AIRLINE SRL,SEK,ROMANIA,484,NO
2023,STAR EAST AIRLINE SRL,SEK,ROMANIA,436,NO
2019,STAR EAST AIRLINE SRL,SEK,ROMANIA,55,NO
2024,SERENE AIR,SEP,PAKISTAN,2,NO
2023,SERENE AIR,SEP,PAKISTAN,1,NO
2023,SOLENTA AVIATION,SET,SOUTH AFRICA,1,NO
2025,SKYUP MT LIMITED,SEU,MALTA,9960,NO
2024,SKYUP MT LIMITED,SEU,MALTA,3667,NO
2023,SKYUP MT LIMITED,SEU,MALTA,802,NO
2019,SERAIR TRANSWORLD,SEV,SPAIN,2144,NO
2019,AIR SEYCHELLES,SEY,SEYCHELLES,455,NO
2024,AIR SEYCHELLES,SEY,SEYCHELLES,330,NO
2025,AIR SEYCHELLES,SEY,SEYCHELLES,221,NO
2023,AIR SEYCHELLES,SEY,SEYCHELLES,168,NO
2024,SPREE FLUG LUFTFAHRT,SFG,GERMANY,1652,NO
2025,SPREE FLUG LUFTFAHRT,SFG,GERMANY,1483,NO
2023,SPREE FLUG LUFTFAHRT,SFG,GERMANY,870,NO
2023,STAR FLYER INC,SFJ,JAPAN,3,NO
2023,SAFAIR,SFR,SOUTH AFRICA,576,NO
2025,SAFAIR,SFR,SOUTH AFRICA,438,NO
2024,SAFAIR,SFR,SOUTH AFRICA,357,NO
2025,SWISS FLIGHT SERVICE,SFS,SWITZERLAND,847,NO
2024,SWISS FLIGHT SERVICE,SFS,SWITZERLAND,835,NO
2023,SWISS FLIGHT SERVICE,SFS,SWITZERLAND,656,NO
2019,SWISS FLIGHT SERVICE,SFS,SWITZERLAND,605,NO
2025,SKY GUARD,SGA,UZBEKISTAN,65,NO
2019,SPEC ENERGY,SGC,UNITED ARAB EMIRATES,95,NO
2019,CAE AVIATION,SGL,LUXEMBOURG,212,NO
2024,NORDJET AIRLINES SL,SGP,SPAIN,436,NO
2023,NORDJET AIRLINES SL,SGP,SPAIN,420,NO
2025,NORDJET AIRLINES SL,SGP,SPAIN,399,NO
2019,NORDJET AIRLINES SL,SGP,SPAIN,303,NO
2019,SAUDIGULF,SGQ,SAUDI ARABIA,6,NO
2024,SHREE AIRLINES PVT. LTD.,SHA,NEPAL,2,NO
2019,SHELL AIRCRAFT LTD,SHE,NETHERLANDS,720,NO
2024,SKY HIGH AVIATION SERVICES,SHH,DOMINICAN REPUBLIC,1033,NO
2025,SKY HIGH AVIATION SERVICES,SHH,DOMINICAN REPUBLIC,813,NO
2023,SKY HIGH AVIATION SERVICES,SHH,DOMINICAN REPUBLIC,646,NO
2025,FLYSEPEHRAN,SHI,IRAN,484,NO
2024,FLYSEPEHRAN,SHI,IRAN,365,NO
2023,FLYSEPEHRAN,SHI,IRAN,186,NO
2019,SHARJAH RULERS FLT,SHJ,UNITED ARAB EMIRATES,148,NO
2025,SHARJAH RULERS FLT,SHJ,UNITED ARAB EMIRATES,78,NO
2024,SHARJAH RULERS FLT,SHJ,UNITED ARAB EMIRATES,75,NO
2023,SHARJAH RULERS FLT,SHJ,UNITED ARAB EMIRATES,66,NO
2025,SHIRAK AVIA LLC,SHS,ARMENIA,1688,NO
2023,SHIRAK AVIA LLC,SHS,ARMENIA,1637,NO
2024,SHIRAK AVIA LLC,SHS,ARMENIA,1517,NO
2023,KN HELICOPTERS,SHW,DENMARK,1557,NO
2024,KN HELICOPTERS,SHW,DENMARK,585,NO
2025,KN HELICOPTERS,SHW,DENMARK,583,NO
2019,KN HELICOPTERS,SHW,DENMARK,543,NO
2025,SINGAPORE AIRLINES,SIA,SINGAPORE,135369,NO
2024,SINGAPORE AIRLINES,SIA,SINGAPORE,131567,NO
2023,SINGAPORE AIRLINES,SIA,SINGAPORE,109026,NO
2019,SINGAPORE AIRLINES,SIA,SINGAPORE,18294,NO
2025,AIR SIAL,SIF,PAKISTAN,18,NO
2024,AIR SIAL,SIF,PAKISTAN,6,NO
2023,AIR SIAL,SIF,PAKISTAN,3,NO
2024,SILVER AIRWAYS,SIL,USA,663,NO
2023,SILVER AIRWAYS,SIL,USA,473,NO
2025,SILVER AIRWAYS,SIL,USA,145,NO
2023,MIL IRAN,SIM,IRAN,18,NO
2025,SIRIO,SIO,ITALY,2537,NO
2019,SIRIO,SIO,ITALY,2435,NO
2024,SIRIO,SIO,ITALY,2365,NO
2023,SIRIO,SIO,ITALY,2316,NO
2024,SCOTT AVIATION,SIS,USA,1273,NO
2025,SCOTT AVIATION,SIS,USA,1084,NO
2023,SCOTT AVIATION,SIS,USA,767,NO
2019,SILVER AIR 2,SIS,USA,351,NO
2019,SIXT,SIX,GERMANY,171,NO
2025,EXECUTIVE AVIATION CORPORATION,SIY,USA,353,NO
2019,EXECUTIVE AVIATION CORPORATION,SIY,USA,124,NO
2023,EXECUTIVE AVIATION CORPORATION,SIY,USA,124,NO
2019,SUN AIR JETS LLC,SJE,USA,769,NO
2023,SUN AIR JETS LLC,SJE,USA,376,NO
2025,SUN AIR JETS LLC,SJE,USA,216,NO
2024,SUN AIR JETS LLC,SJE,USA,107,NO
2025,SMART JET INTERNATIONAL SP. Z O.O.,SJI,POLAND,557,NO
2024,SMART JET INTERNATIONAL SP. Z O.O.,SJI,POLAND,471,NO
2024,SPIRIT JETS LLC,SJJ,USA,336,NO
2019,SPIRIT JETS LLC,SJJ,USA,318,NO
2025,SPIRIT JETS LLC,SJJ,USA,290,NO
2023,SPIRIT JETS LLC,SJJ,USA,153,NO
2019,SWISS JET,SJT,SWITZERLAND,222,NO
2024,ASAJET AIRLINES,SJT,IRAN,120,NO
2023,ASAJET AIRLINES,SJT,IRAN,44,NO
2025,ASAJET AIRLINES,SJT,IRAN,6,NO
2025,SUPER AIR JET,SJV,INDONESIA,11924,NO
2024,SUPER AIR JET,SJV,INDONESIA,9805,NO
2023,SUPER AIR JET,SJV,INDONESIA,8144,NO
2023,STARLUX AIRLINES,SJX,TAIWAN,2064,NO
2024,STARLUX AIRLINES,SJX,TAIWAN,1807,NO
2025,STARLUX AIRLINES,SJX,TAIWAN,1775,NO
2019,STARLUX AIRLINES,SJX,TAIWAN,4,NO
2025,SRIWIJAYA AIR,SJY,INDONESIA,482,NO
2024,SRIWIJAYA AIR,SJY,INDONESIA,268,NO
2023,SRIWIJAYA AIR,SJY,INDONESIA,232,NO
2019,SKY AIRLINE,SKU,CHILE,56,NO
2024,SKY AIRLINE,SKU,CHILE,30,NO
2023,SKY AIRLINE,SKU,CHILE,12,NO
2025,SPEEDWINGS BUSINESS SA,SKV,AUSTRIA,937,NO
2024,SPEEDWINGS BUSINESS SA,SKV,AUSTRIA,553,NO
2023,SPEEDWINGS BUSINESS SA,SKV,AUSTRIA,317,NO
2024,SKYMARK AIRLINES INC,SKY,JAPAN,3,NO
2019,EXO -2T CYPRUS,SKY,CYPRUS,1,NO
2019,SILVER AIR SRO,SLD,CZECH REPUBLIC,754,NO
2023,SILVER AIR SRO,SLD,CZECH REPUBLIC,630,NO
2025,NAC,SLE,SOUTH AFRICA,411,NO
2024,NAC,SLE,SOUTH AFRICA,192,NO
2025,SKYLINE AIRLINES,SLF,KYRGYZSTAN,101,NO
2023,SLAM LAVORI AEREI S.R.L.,SLJ,ITALY,1845,NO
2025,SLAM LAVORI AEREI S.R.L.,SLJ,ITALY,1826,NO
2024,SLAM LAVORI AEREI S.R.L.,SLJ,ITALY,1645,NO
2019,SLAM LAVORI AEREI S.R.L.,SLJ,ITALY,1177,NO
2024,SURINAM AIRWAYS LTD,SLM,SURINAM,654,NO
2025,SURINAM AIRWAYS LTD,SLM,SURINAM,576,NO
2023,SURINAM AIRWAYS LTD,SLM,SURINAM,408,NO
2019,SURINAM AIRWAYS LTD,SLM,SURINAM,399,NO
2019,SLOANE HELICOPTERS,SLN,UNITED KINGDOM,12,NO
2024,SUPER LEGACY XP LTD,SLS,UNITED KINGDOM,484,NO
2023,SUPER LEGACY XP LTD,SLS,UNITED KINGDOM,464,NO
2025,SUPER LEGACY XP LTD,SLS,UNITED KINGDOM,440,NO
2025,SKYMARK EXECUTIVE SRL,SMB,SAN MARINO,360,NO
2024,SKYMARK EXECUTIVE SRL,SMB,SAN MARINO,106,NO
2023,SKYMARK EXECUTIVE,SMB,UNITED ARAB EMIRATES,24,NO
2019,COMLUX SAN MARINO S.R.L.,SMC,SAN MARINO,42,NO
2025,SMART AVIATION HE,SME,EGYPT,461,NO
2019,SMART AVIATION HE,SME,EGYPT,455,NO
2023,SMART AVIATION HE,SME,EGYPT,214,NO
2024,SMART AVIATION HE,SME,EGYPT,128,NO
2023,SAN MARINO EXECUTIVE AVIATION S.R.L.,SMF,SAN MARINO,309,NO
2024,SAN MARINO EXECUTIVE AVIATION S.R.L.,SMF,SAN MARINO,22,NO
2019,SAN MARINO EXECUTIVE AVIATION S.R.L.,SMF,SAN MARINO,8,NO
2025,SAN MARINO EXECUTIVE AVIATION S.R.L.,SMF,SAN MARINO,5,NO
2023,SMARTLINE LUFTFAHRT GMBH,SMG,AUSTRIA,2,NO
2019,SKYLINE AVIATION LTD.,SML,SAN MARINO,303,NO
2019,PRIMA AVIATION S.R.L.,SMP,SAN MARINO,156,NO
2023,SOMON AIR,SMR,TAJIKISTAN,565,NO
2024,SOMON AIR,SMR,TAJIKISTAN,531,NO
2025,SOMON AIR,SMR,TAJIKISTAN,495,NO
2019,SOMON AIR,SMR,TAJIKISTAN,471,NO
2024,AIR CARGO CARRIERS,SNC,USA,305,NO
2025,AIR CARGO CARRIERS,SNC,USA,297,NO
2023,AIR CARGO CARRIERS,SNC,USA,230,NO
2023,SKYTRADERS PTY,SND,AUSTRALIA,137,NO
2025,SKYTRADERS PTY,SND,AUSTRALIA,5,NO
2024,SKYTRADERS PTY,SND,AUSTRALIA,2,NO
2023,SERVIZI AEREI,SNM,ITALY,594,NO
2019,SERVIZI AEREI,SNM,ITALY,589,NO
2024,SERVIZI AEREI,SNM,ITALY,515,NO
2025,SERVIZI AEREI,SNM,ITALY,481,NO
2023,ACASS IRELAND LIMITED,SON,IRELAND,683,NO
2024,ACASS IRELAND LIMITED,SON,IRELAND,501,NO
2025,ACASS IRELAND LIMITED,SON,IRELAND,205,NO
2019,SOUTHERN AIR,SOO,USA,2013,NO
2019,SOLINAIR  D.O.O.,SOP,SLOVENIA,89,NO
2023,SOLINAIR  D.O.O.,SOP,SLOVENIA,51,NO
2024,SOLINAIR  D.O.O.,SOP,SLOVENIA,47,NO
2025,SOLINAIR  D.O.O.,SOP,SLOVENIA,7,NO
2019,PINK SPARROW GMBH,SOW,AUSTRIA,774,NO
2019,JET AIRLINES JSC,SOZ,KAZAKHSTAN,55,NO
2019,SPEEDWINGS BUSINESS SA,SPG,AUSTRIA,2153,NO
2025,PHUQUOC AIRWAYS,SPQ,VIETNAM,5,NO
2023,PAL AEROSPACE LTD,SPR,CANADA,352,NO
2024,PAL AEROSPACE LTD,SPR,CANADA,306,NO
2025,PAL AEROSPACE LTD,SPR,CANADA,302,NO
2023,"SERVICIOS POLITECNICOS AEREOS, S.A.",SPS,SPAIN,261,NO
2024,"SERVICIOS POLITECNICOS AEREOS, S.A.",SPS,SPAIN,150,NO
2025,"SERVICIOS POLITECNICOS AEREOS, S.A.",SPS,SPAIN,126,NO
2019,"SERVICIOS POLITECNICOS AEREOS, S.A.",SPS,SPAIN,122,NO
2019,MIL SLOVAKIA,SQF,SLOVAK REPUBLIC,703,NO
2025,MIL SLOVAKIA,SQF,SLOVAK REPUBLIC,576,NO
2023,MIL SLOVAKIA,SQF,SLOVAK REPUBLIC,395,NO
2024,MIL SLOVAKIA,SQF,SLOVAK REPUBLIC,395,NO
2019,SKYUP AIRLINES LLC,SQP,UKRAINE,11193,NO
2023,SKYUP AIRLINES LLC,SQP,UKRAINE,1001,NO
2024,SKYUP AIRLINES LLC,SQP,UKRAINE,68,NO
2025,SKYUP AIRLINES LLC,SQP,UKRAINE,41,NO
2025,SKY UP NISTRU,SQY,MOLDOVA,1730,NO
2025,SAUDI ROYAL AVIATION,SRA,SAUDI ARABIA,158,NO
2024,SAUDI ROYAL AVIATION,SRA,SAUDI ARABIA,70,NO
2023,SAUDI ROYAL AVIATION,SRA,SAUDI ARABIA,68,NO
2024,KOMANDA VAZDUHOPLOVSTVA I PROTIVOVAZDUHOPLOVNE OBRANE,SRB,SERBIA,35,NO
2025,KOMANDA VAZDUHOPLOVSTVA I PROTIVOVAZDUHOPLOVNE OBRANE,SRB,SERBIA,35,NO
2023,KOMANDA VAZDUHOPLOVSTVA I PROTIVOVAZDUHOPLOVNE OBRANE,SRB,SERBIA,26,NO
2023,EATIS,SRK,FRANCE,1,NO
2019,SPRINTAIR SA,SRN,POLAND,4992,NO
2023,SPRINTAIR SA,SRN,POLAND,4297,NO
2024,SPRINTAIR SA,SRN,POLAND,4176,NO
2025,SPRINTAIR SA,SRN,POLAND,3661,NO
2025,MAERSK AIR CARGO A/S,SRR,DENMARK,10896,NO
2024,MAERSK AIR CARGO A/S,SRR,DENMARK,10001,NO
2019,MAERSK AIR CARGO A/S,SRR,DENMARK,9771,NO
2023,MAERSK AIR CARGO A/S,SRR,DENMARK,8670,NO
2019,SORENS AERO SM S.R.L.,SSE,SAN MARINO,154,NO
2025,SEVERSTAL,SSF,RUSSIAN FEDERATION,637,NO
2024,SEVERSTAL,SSF,RUSSIAN FEDERATION,581,NO
2019,SEVERSTAL,SSF,RUSSIAN FEDERATION,567,NO
2023,SEVERSTAL,SSF,RUSSIAN FEDERATION,560,NO
2019,GOVERNMENT SLOVAKIA,SSG,SLOVAK REPUBLIC,692,NO
2025,GOVERNMENT SLOVAKIA,SSG,SLOVAK REPUBLIC,508,NO
2024,GOVERNMENT SLOVAKIA,SSG,SLOVAK REPUBLIC,477,NO
2023,GOVERNMENT SLOVAKIA,SSG,SLOVAK REPUBLIC,407,NO
2019,STARSPEED LTD,SSP,UNITED KINGDOM,50,NO
2025,STARSPEED LTD,SSP,UNITED KINGDOM,13,NO
2024,STARSPEED LTD,SSP,UNITED KINGDOM,2,NO
2024,SARDINIAN SKY SERVIC,SSR,ITALY,860,NO
2023,SARDINIAN SKY SERVIC,SSR,ITALY,792,NO
2025,SARDINIAN SKY SERVIC,SSR,ITALY,789,NO
2019,SARDINIAN SKY SERVIC,SSR,ITALY,421,NO
2019,SPECSAVERS AVTN,SSZ,UNITED KINGDOM,1451,NO
2023,SPECSAVERS AVTN,SSZ,UNITED KINGDOM,1157,NO
2025,SPECSAVERS AVTN,SSZ,UNITED KINGDOM,1156,NO
2024,SPECSAVERS AVTN,SSZ,UNITED KINGDOM,1122,NO
2025,ST BARTH EXECUTIVE,STB,FRANCE,2499,NO
2024,ST BARTH EXECUTIVE,STB,FRANCE,1862,NO
2023,STAR AIRWAYS ALBANIA,STB,ALBANIA,1215,NO
2019,STOBART AIR,STK,IRELAND,31160,YES
2023,STAPLEFORD FLT CNTRE,STL,UNITED KINGDOM,262,NO
2024,STAPLEFORD FLT CNTRE,STL,UNITED KINGDOM,254,NO
2025,STAPLEFORD FLT CNTRE,STL,UNITED KINGDOM,227,NO
2025,SKYSTREAM,STM,ESTONIA,135,NO
2024,SKYSTREAM,STM,ESTONIA,112,NO
2023,SKYSTREAM,STM,ESTONIA,1,NO
2025,SAO TOME E PRINCIPE,STP,SAO TOME AND PRINCIP,119,NO
2023,SAO TOME E PRINCIPE,STP,SAO TOME AND PRINCIP,116,NO
2019,SAO TOME E PRINCIPE,STP,SAO TOME AND PRINCIP,105,NO
2024,SAO TOME E PRINCIPE,STP,SAO TOME AND PRINCIP,104,NO
2019,STAR WINGS DORTMUND,STQ,GERMANY,1278,NO
2023,STAR WINGS DORTMUND,STQ,GERMANY,1236,NO
2024,STAR WINGS DORTMUND,STQ,GERMANY,1038,NO
2025,STAR WINGS DORTMUND,STQ,GERMANY,1028,NO
2025,SOUTHWIND AIRLINES,STW,TÜRKIYE,9236,NO
2024,SOUTHWIND AIRLINES,STW,TÜRKIYE,6654,NO
2023,SOUTHWIND AIRLINES,STW,TÜRKIYE,5719,NO
2024,SILESIA AIR S.R.O.,SUA,CZECH REPUBLIC,1557,NO
2019,SILESIA AIR S.R.O.,SUA,CZECH REPUBLIC,1327,NO
2025,SILESIA AIR S.R.O.,SUA,CZECH REPUBLIC,1241,NO
2023,SILESIA AIR S.R.O.,SUA,CZECH REPUBLIC,947,NO
2025,SUDAN AIRWAYS,SUD,SUDAN,2,YES
2019,MIL SWITZERLAND,SUI,SWITZERLAND,2403,NO
2025,MIL SWITZERLAND,SUI,SWITZERLAND,1957,NO
2024,MIL SWITZERLAND,SUI,SWITZERLAND,1847,NO
2023,MIL SWITZERLAND,SUI,SWITZERLAND,1803,NO
2023,AVIATION RESCUE RUS,SUM,RUSSIAN FEDERATION,523,NO
2024,AVIATION RESCUE RUS,SUM,RUSSIAN FEDERATION,283,NO
2025,AVIATION RESCUE RUS,SUM,RUSSIAN FEDERATION,197,NO
2019,AVIATION RESCUE RUS,SUM,RUSSIAN FEDERATION,193,NO
2025,SUPERIOR AIR,SUQ,GREECE,6,NO
2023,SUPERIOR AIR,SUQ,GREECE,5,NO
2024,SUPERIOR AIR,SUQ,GREECE,5,NO
2019,SUPERIOR AIR,SUQ,GREECE,2,NO
2019,SUN-AIR OF SCANDINAVIA ,SUS,DENMARK,9464,NO
2023,SUN-AIR OF SCANDINAVIA ,SUS,DENMARK,3347,NO
2024,SUN-AIR OF SCANDINAVIA ,SUS,DENMARK,2293,NO
2025,SUN-AIR OF SCANDINAVIA ,SUS,DENMARK,1287,NO
2025,SUMMIT AIR LTD.,SUT,CANADA,230,NO
2023,SUMMIT AIR LTD.,SUT,CANADA,136,NO
2024,SUMMIT AIR LTD.,SUT,CANADA,46,NO
2025,ZEUSCH AVIATION,SUZ,NETHERLANDS,730,NO
2024,ZEUSCH AVIATION,SUZ,NETHERLANDS,626,NO
2023,ZEUSCH AVIATION,SUZ,NETHERLANDS,31,NO
2025,SAUDIA,SVA,SAUDI ARABIA,33952,NO
2024,SAUDIA,SVA,SAUDI ARABIA,30195,NO
2023,SAUDIA,SVA,SAUDI ARABIA,28308,NO
2019,SAUDIA,SVA,SAUDI ARABIA,28043,NO
2025,MIL SWEDEN,SVF,SWEDEN,963,NO
2024,MIL SWEDEN,SVF,SWEDEN,862,NO
2023,MIL SWEDEN,SVF,SWEDEN,791,NO
2019,MIL SWEDEN,SVF,SWEDEN,602,NO
2025,SKY VISION AIRLINES,SVI,EGYPT,1154,NO
2024,SKY VISION AIRLINES,SVI,EGYPT,957,NO
2019,JOINT STOCK COMPANY URAL AIRLINES,SVR,RUSSIAN FEDERATION,20927,NO
2024,JOINT STOCK COMPANY URAL AIRLINES,SVR,RUSSIAN FEDERATION,11643,NO
2025,JOINT STOCK COMPANY URAL AIRLINES,SVR,RUSSIAN FEDERATION,10971,NO
2023,JOINT STOCK COMPANY URAL AIRLINES,SVR,RUSSIAN FEDERATION,6730,NO
2023,SAS LINK AB,SVS,SWEDEN,10,NO
2024,SAS LINK AB,SVS,SWEDEN,2,NO
2019,GLOBAL JET LUXEMBOURG,SVW,LUXEMBOURG,6041,NO
2024,GLOBAL JET LUXEMBOURG,SVW,LUXEMBOURG,5203,NO
2025,GLOBAL JET LUXEMBOURG,SVW,LUXEMBOURG,5058,NO
2023,GLOBAL JET LUXEMBOURG,SVW,LUXEMBOURG,4775,NO
2025,"METREA SPECIAL AEROSPACE, ISR, INC.",SWB,USA,55,NO
2023,HELIAIR SWEDEN AB,SWC,SWEDEN,88,NO
2025,HELIAIR SWEDEN AB,SWC,SWEDEN,76,NO
2024,HELIAIR SWEDEN AB,SWC,SWEDEN,44,NO
2019,HELIAIR SWEDEN AB,SWC,SWEDEN,11,NO
2023,KOMMUNALFORBUNDET SVENSKT AMBULANSFLYG,SWE,SWEDEN,6585,NO
2024,KOMMUNALFORBUNDET SVENSKT AMBULANSFLYG,SWE,SWEDEN,6107,NO
2025,KOMMUNALFORBUNDET SVENSKT AMBULANSFLYG,SWE,SWEDEN,5941,NO
2023,SUNWING AIRLINES,SWG,CANADA,219,NO
2019,SUNWING AIRLINES,SWG,CANADA,128,NO
2024,SUNWING AIRLINES,SWG,CANADA,100,NO
2025,SUNWING AIRLINES,SWG,CANADA,41,NO
2025,SKY ANGKOR,SWM,CAMBODIA,14,NO
2019,SKY ANGKOR,SWM,CAMBODIA,13,NO
2023,SKY ANGKOR,SWM,CAMBODIA,6,NO
2024,SKY ANGKOR,SWM,CAMBODIA,2,NO
2019,WEST ATLANTIC SWEDEN AB,SWN,SWEDEN,6037,NO
2023,WEST ATLANTIC SWEDEN AB,SWN,SWEDEN,3128,NO
2025,WEST ATLANTIC SWEDEN AB,SWN,SWEDEN,851,NO
2024,WEST ATLANTIC SWEDEN AB,SWN,SWEDEN,523,NO
2019,SWIFT AIR LLC,SWQ,USA,57,NO
2023,SWIFT AIR LLC,SWQ,USA,4,NO
2019,SWISS INTERNATIONAL AIRLINES LTD,SWR,SWITZERLAND,153311,NO
2025,SWISS INTERNATIONAL AIRLINES LTD,SWR,SWITZERLAND,144395,NO
2024,SWISS INTERNATIONAL AIRLINES LTD,SWR,SWITZERLAND,143500,NO
2023,SWISS INTERNATIONAL AIRLINES LTD,SWR,SWITZERLAND,131291,NO
2025,SWIFTAIR ESPANA,SWT,SPAIN,21228,NO
2023,SWIFTAIR ESPANA,SWT,SPAIN,19562,NO
2024,SWIFTAIR ESPANA,SWT,SPAIN,18872,NO
2019,SWIFTAIR ESPANA,SWT,SPAIN,15220,NO
2025,SKY ALPS SRL,SWU,ITALY,7256,NO
2024,SKY ALPS SRL,SWU,ITALY,6288,NO
2023,SKY ALPS SRL,SWU,ITALY,2275,NO
2025,SVENSK LUFTAMBULANS,SWV,SWEDEN,95,NO
2023,SVENSK LUFTAMBULANS,SWV,SWEDEN,71,NO
2024,SVENSK LUFTAMBULANS,SWV,SWEDEN,68,NO
2019,SVENSK LUFTAMBULANS,SWV,SWEDEN,10,NO
2023,SWISS PRIVATE JET SA,SWW,SWITZERLAND,626,NO
2025,SWISS PRIVATE JET SA,SWW,SWITZERLAND,609,NO
2024,SWISS PRIVATE JET SA,SWW,SWITZERLAND,525,NO
2025,WERMLANDSFLYG AB,SWX,SWEDEN,175,NO
2024,WERMLANDSFLYG AB,SWX,SWEDEN,165,NO
2019,SOUTHERN CROSS USA,SXA,USA,16,NO
2024,SOUTHERN CROSS USA,SXA,USA,10,NO
2023,SOUTHERN CROSS USA,SXA,USA,7,NO
2019,SUNEXPRESS DEUTSCHL.,SXD,GERMANY,8901,YES
2023,SOUTHERN CROSS INTERNATIONAL,SXI,NETHERLANDS,250,NO
2019,SOUTHERN CROSS INTERNATIONAL,SXI,NETHERLANDS,197,NO
2024,SOUTHERN CROSS INTERNATIONAL,SXI,NETHERLANDS,173,NO
2025,SOUTHERN CROSS INTERNATIONAL,SXI,NETHERLANDS,84,NO
2019,SAXONAIR CHARTER LTD,SXN,UNITED KINGDOM,1953,NO
2023,SAXONAIR CHARTER LTD,SXN,UNITED KINGDOM,1404,NO
2024,SAXONAIR CHARTER LTD,SXN,UNITED KINGDOM,955,NO
2025,SAXONAIR CHARTER LTD,SXN,UNITED KINGDOM,923,NO
2025,SUNEXPRESS (GÜNES EKSPRES HAVACILIK A.S.),SXS,TÜRKIYE,102424,NO
2024,SUNEXPRESS (GÜNES EKSPRES HAVACILIK A.S.),SXS,TÜRKIYE,93434,NO
2023,SUNEXPRESS (GÜNES EKSPRES HAVACILIK A.S.),SXS,TÜRKIYE,79627,NO
2019,SUNEXPRESS (GÜNES EKSPRES HAVACILIK A.S.),SXS,TÜRKIYE,56323,NO
2023,SYPHAX AIRLINES,SYA,TUNISIA,3,NO
2025,SKYSERVICE BUSINESS AVTN INC.,SYB,CANADA,2423,NO
2023,SKYSERVICE BUSINESS AVTN INC.,SYB,CANADA,2201,NO
2024,SKYSERVICE BUSINESS AVTN INC.,SYB,CANADA,1864,NO
2019,SKYSERVICE BUSINESS AVTN INC.,SYB,CANADA,485,NO
2019,ASCEND AIRWAYS LIMITED,SYG,UNITED KINGDOM,883,NO
2023,ASCEND AIRWAYS LIMITED,SYG,UNITED KINGDOM,500,NO
2025,ASCEND AIRWAYS LIMITED,SYG,UNITED KINGDOM,307,NO
2024,ASCEND AIRWAYS LIMITED,SYG,UNITED KINGDOM,158,NO
2019,YAKUTIA AIRCOMPANY J,SYL,RUSSIAN FEDERATION,244,NO
2024,YAKUTIA AIRCOMPANY J,SYL,RUSSIAN FEDERATION,220,NO
2023,YAKUTIA AIRCOMPANY J,SYL,RUSSIAN FEDERATION,106,NO
2025,SYRIAN ARAB AIRLINES,SYR,SYRIA,2398,NO
2019,SYRIAN ARAB AIRLINES,SYR,SYRIA,424,NO
2023,SYRIAN ARAB AIRLINES,SYR,SYRIA,206,NO
2024,SYRIAN ARAB AIRLINES,SYR,SYRIA,132,NO
2019,SKY UNLIMITED WEZUP,SYU,NETHERLANDS,4,NO
2023,STAR FLY WINGS DOO,SYW,SERBIA,6,NO
2023,AIR SENEGAL,SZN,SENEGAL,2246,NO
2024,AIR SENEGAL,SZN,SENEGAL,1810,NO
2025,AIR SENEGAL,SZN,SENEGAL,1320,NO
2019,AIR SENEGAL,SZN,SENEGAL,754,NO
2023,SAS IRELAND,SZS,IRELAND,59,NO
2024,SAS IRELAND,SZS,IRELAND,43,NO
2019,SAS IRELAND,SZS,IRELAND,9,NO
2025,SAS IRELAND,SZS,IRELAND,1,NO
2023,TAG AVIATION SAN MARINO SRL,TAG,SAN MARINO,323,NO
2024,FALCON AVIATION SERV,TAG,UNITED ARAB EMIRATES,18,NO
2024,AIR ANKA INC,TAH,TÜRKIYE,1782,NO
2025,AIR ANKA INC,TAH,TÜRKIYE,915,NO
2023,AIR ANKA INC,TAH,TÜRKIYE,391,NO
2023,TACA,TAI,EL SALVADOR,186,NO
2024,TACA,TAI,EL SALVADOR,137,NO
2025,TAM LINHAS AEREAS,TAM,BRAZIL,7278,NO
2024,TAM LINHAS AEREAS,TAM,BRAZIL,6790,NO
2023,TAM LINHAS AEREAS,TAM,BRAZIL,6305,NO
2019,TAM LINHAS AEREAS,TAM,BRAZIL,5945,NO
2019,AEROMAR AIRLINES,TAO,MEXICO,7,NO
2023,AEROMAR AIRLINES,TAO,MEXICO,5,NO
2019,"TAP-TRANSPORTES AÉREOS PORTUGUESES, S.A.",TAP,PORTUGAL,137238,NO
2023,"TAP-TRANSPORTES AÉREOS PORTUGUESES, S.A.",TAP,PORTUGAL,120008,NO
2025,"TAP-TRANSPORTES AÉREOS PORTUGUESES, S.A.",TAP,PORTUGAL,119144,NO
2024,"TAP-TRANSPORTES AÉREOS PORTUGUESES, S.A.",TAP,PORTUGAL,118202,NO
2019,TUNIS AIR,TAR,TUNISIA,27584,NO
2024,TUNIS AIR,TAR,TUNISIA,19576,NO
2023,TUNIS AIR,TAR,TUNISIA,18987,NO
2025,TUNIS AIR,TAR,TUNISIA,18253,NO
2023,THAI AIRASIA X CO.,TAX,THAILAND,476,NO
2024,THAI AIRASIA X CO.,TAX,THAILAND,273,NO
2025,THAI AIRASIA X CO.,TAX,THAILAND,84,NO
2019,THAI AIRASIA X CO.,TAX,THAILAND,8,NO
2019,ASL AIRLINES BELGIUM,TAY,BELGIUM,26532,NO
2024,ASL AIRLINES BELGIUM,TAY,BELGIUM,24236,NO
2025,ASL AIRLINES BELGIUM,TAY,BELGIUM,24080,NO
2023,ASL AIRLINES BELGIUM,TAY,BELGIUM,23769,NO
2019,TIBET AIRLINES,TBA,CHINA,124,NO
2023,TBILISI AIRWAYS LLC,TBC,GEORGIA,149,NO
2024,TBILISI AIRWAYS LLC,TBC,GEORGIA,6,NO
2025,TBILISI AIRWAYS LLC,TBC,GEORGIA,4,NO
2019,TAG AVIATION ASIA LTD,TBJ,CHINA,1424,NO
2025,TAG AVIATION ASIA LTD,TBJ,CHINA,1065,NO
2023,TAG AVIATION ASIA LTD,TBJ,CHINA,1046,NO
2024,TAG AVIATION ASIA LTD,TBJ,CHINA,1003,NO
2019,TABAN AIR,TBN,IRAN,725,NO
2025,TABAN AIR,TBN,IRAN,504,NO
2024,TABAN AIR,TBN,IRAN,234,NO
2023,TABAN AIR,TBN,IRAN,107,NO
2024,ATA AIRLINES,TBZ,IRAN,1891,NO
2025,ATA AIRLINES,TBZ,IRAN,1406,NO
2023,ATA AIRLINES,TBZ,IRAN,1234,NO
2019,ATA AIRLINES,TBZ,IRAN,588,NO
2023,TRANSPORTES CHARTER,TCJ,BRAZIL,46,NO
2019,"TACV-TRANSPORTES AÉREOS DE CABO VERDE, S.A.",TCV,CABO VERDE,1627,NO
2024,"TACV-TRANSPORTES AÉREOS DE CABO VERDE, S.A.",TCV,CABO VERDE,1172,NO
2025,"TACV-TRANSPORTES AÉREOS DE CABO VERDE, S.A.",TCV,CABO VERDE,1118,NO
2023,"TACV-TRANSPORTES AÉREOS DE CABO VERDE, S.A.",TCV,CABO VERDE,759,NO
2019,THOMAS COOK AIRLINES LTD,TCX,UNITED KINGDOM,30722,NO
2023,TRADE AIR,TDR,CROATIA,4895,NO
2024,TRADE AIR,TDR,CROATIA,3914,NO
2025,TRADE AIR,TDR,CROATIA,3114,NO
2019,TRADE AIR,TDR,CROATIA,2460,NO
2019,AEROTRADERS KFT,TDS,HUNGARY,1,NO
2019,ATLAS HELICOPTERS,TDT,UNITED KINGDOM,36,NO
2025,ATLAS HELICOPTERS,TDT,UNITED KINGDOM,19,NO
2019,TAESPEJO PORTUGAL,TES,PORTUGAL,483,NO
2025,TAESPEJO PORTUGAL,TES,PORTUGAL,401,NO
2024,TAESPEJO PORTUGAL,TES,PORTUGAL,393,NO
2023,TAESPEJO PORTUGAL,TES,PORTUGAL,301,NO
2019,TAG AVIATION MALTA,TEU,MALTA,1349,NO
2024,TAG AVIATION MALTA,TEU,MALTA,1330,NO
2025,TAG AVIATION MALTA,TEU,MALTA,1072,NO
2023,TAG AVIATION MALTA,TEU,MALTA,998,NO
2025,TALON AIR,TFF,USA,2168,NO
2023,TALON AIR,TFF,USA,1987,NO
2024,TALON AIR,TFF,USA,1956,NO
2019,TALON AIR,TFF,USA,643,NO
2025,TRUSTFLIGHT JERSEY LIMITED,TFJ,UNITED KINGDOM,83,NO
2024,TRUSTFLIGHT JERSEY LIMITED,TFJ,UNITED KINGDOM,81,NO
2023,TRUSTFLIGHT JERSEY LIMITED,TFJ,UNITED KINGDOM,54,NO
2025,TUI NED. ARKEFLY,TFL,NETHERLANDS,13047,NO
2019,TUI NED. ARKEFLY,TFL,NETHERLANDS,12978,NO
2023,TUI NED. ARKEFLY,TFL,NETHERLANDS,12625,NO
2024,TUI NED. ARKEFLY,TFL,NETHERLANDS,12302,NO
2023,TAYSIDE AVIATION LTD,TFY,UNITED KINGDOM,19,NO
2019,TAYSIDE AVIATION LTD,TFY,UNITED KINGDOM,15,NO
2025,TRIGANA AIR SERVICE,TGN,INDONESIA,1132,NO
2024,TRIGANA AIR SERVICE,TGN,INDONESIA,1007,NO
2023,TRIGANA AIR SERVICE,TGN,INDONESIA,130,NO
2019,SAAB,TGT,SWEDEN,427,NO
2023,SAAB,TGT,SWEDEN,234,NO
2024,SAAB,TGT,SWEDEN,203,NO
2025,SAAB,TGT,SWEDEN,140,NO
2025,SCOOT PTE LTD.,TGW,SINGAPORE,64979,NO
2024,SCOOT PTE LTD.,TGW,SINGAPORE,59664,NO
2023,SCOOT PTE LTD.,TGW,SINGAPORE,53383,NO
2019,SCOOT PTE LTD.,TGW,SINGAPORE,724,NO
2019,GEORGIAN AIRWAYS,TGZ,GEORGIA,6802,NO
2025,GEORGIAN AIRWAYS,TGZ,GEORGIA,6668,NO
2024,GEORGIAN AIRWAYS,TGZ,GEORGIA,5308,NO
2023,GEORGIAN AIRWAYS,TGZ,GEORGIA,3105,NO
2025,THAI AIRWAYS INTERNATIONAL PUBLIC COMPANY LIMITED,THA,THAILAND,21749,NO
2024,THAI AIRWAYS INTERNATIONAL PUBLIC COMPANY LIMITED,THA,THAILAND,18534,NO
2023,THAI AIRWAYS INTERNATIONAL PUBLIC COMPANY LIMITED,THA,THAILAND,13472,NO
2019,THAI AIRWAYS INTERNATIONAL PUBLIC COMPANY LIMITED,THA,THAILAND,9615,NO
2023,TUSAS - TURK HAVA,THS,TÜRKIYE,9,NO
2019,TUSAS - TURK HAVA,THS,TÜRKIYE,6,NO
2025,TUSAS - TURK HAVA,THS,TÜRKIYE,5,NO
2024,AIR TAHITI NUI,THT,FRANCE,1232,NO
2023,AIR TAHITI NUI,THT,FRANCE,1171,NO
2025,AIR TAHITI NUI,THT,FRANCE,1109,NO
2019,AIR TAHITI NUI,THT,FRANCE,975,NO
2023,TURKISH AIRLINES THY,THY,TÜRKIYE,535720,NO
2019,TURKISH AIRLINES THY,THY,TÜRKIYE,500415,NO
2025,TURKISH AIRLINES THY,THY,TÜRKIYE,445755,NO
2024,TURKISH AIRLINES THY,THY,TÜRKIYE,444913,NO
2019,TIME AIR S.R.O.,TIE,CZECH REPUBLIC,2139,NO
2023,TIME AIR S.R.O.,TIE,CZECH REPUBLIC,1559,NO
2024,TIME AIR S.R.O.,TIE,CZECH REPUBLIC,1318,NO
2025,TIME AIR S.R.O.,TIE,CZECH REPUBLIC,1267,NO
2023,ION TIRIAC AIR,TIH,ROMANIA,469,NO
2019,ION TIRIAC AIR,TIH,ROMANIA,354,NO
2024,ION TIRIAC AIR,TIH,ROMANIA,255,NO
2025,ION TIRIAC AIR,TIH,ROMANIA,28,NO
2023,TAJIKISTAN AIRLINES,TIL,TAJIKISTAN,1,NO
2024,"AVIATIS, LLC",TIS,RUSSIAN FEDERATION,67,NO
2023,"AVIATIS, LLC",TIS,RUSSIAN FEDERATION,63,NO
2025,"AVIATIS, LLC",TIS,RUSSIAN FEDERATION,61,NO
2025,THRIVE AVIATION,TIV,USA,2430,NO
2024,THRIVE AVIATION,TIV,USA,1366,NO
2023,THRIVE AVIATION,TIV,USA,1015,NO
2019,TAYARAN JET EAD,TJB,BULGARIA,27,NO
2024,ALISERIO S.R.L.,TJD,ITALY,3355,NO
2025,ALISERIO S.R.L.,TJD,ITALY,3295,NO
2023,ALISERIO S.R.L.,TJD,ITALY,2781,NO
2019,GULLIVAIR LTD,TJJ,BULGARIA,261,NO
2023,TYROLEAN JET SERVICE,TJS,AUSTRIA,2015,NO
2024,TYROLEAN JET SERVICE,TJS,AUSTRIA,1782,NO
2019,TYROLEAN JET SERVICE,TJS,AUSTRIA,678,NO
2025,TYROLEAN JET SERVICE,TJS,AUSTRIA,459,NO
2019,TWIN JET,TJT,FRANCE,7173,NO
2024,TWIN JET,TJT,FRANCE,6839,NO
2023,TWIN JET,TJT,FRANCE,6827,NO
2025,TWIN JET,TJT,FRANCE,6290,NO
2025,AJET HAVA,TKJ,TÜRKIYE,137498,NO
2024,AJET HAVA,TKJ,TÜRKIYE,92237,NO
2024,FLY ADVANCED,TKK,USA,30,NO
2025,FLY KISH AIRLINES,TKN,IRAN,8,NO
2023,THAI SKY AIRLINES,TKY,THAILAND,1,NO
2025,TL AVIATION GMBH,TLI,GERMANY,371,NO
2024,TL AVIATION GMBH,TLI,GERMANY,355,NO
2023,TL AVIATION GMBH,TLI,GERMANY,344,NO
2023,THALAIR,TLJ,FRANCE,2003,NO
2024,THALAIR,TLJ,FRANCE,1902,NO
2025,THALAIR,TLJ,FRANCE,1608,NO
2023,STARLINK AVIATION,TLK,CANADA,950,NO
2024,STARLINK AVIATION,TLK,CANADA,918,NO
2025,STARLINK AVIATION,TLK,CANADA,731,NO
2025,LION THAI,TLM,THAILAND,3374,NO
2024,LION THAI,TLM,THAILAND,1935,NO
2023,LION THAI,TLM,THAILAND,1742,NO
2019,LION THAI,TLM,THAILAND,18,NO
2025,AIR LIBYA 2,TLR,LIBYA,58,NO
2024,AIR LIBYA 2,TLR,LIBYA,20,NO
2019,AIR LIBYA 2,TLR,LIBYA,10,NO
2023,AIR LIBYA 2,TLR,LIBYA,6,NO
2023,TRI-M G. AIRLINES,TMG,INDONESIA,1231,NO
2024,TRI-M G. AIRLINES,TMG,INDONESIA,834,NO
2025,TRI-M G. AIRLINES,TMG,INDONESIA,579,NO
2023,TITAN AIRWAYS MALTA LIMITED,TMT,MALTA,828,NO
2025,TITAN AIRWAYS MALTA LIMITED,TMT,MALTA,393,NO
2024,TITAN AIRWAYS MALTA LIMITED,TMT,MALTA,224,NO
2019,HELIGROUP OPERATIONS,TOA,UNITED KINGDOM,22,NO
2024,TUI AIRWAYS LTD,TOM,UNITED KINGDOM,67807,NO
2025,TUI AIRWAYS LTD,TOM,UNITED KINGDOM,65918,NO
2019,TUI AIRWAYS LTD,TOM,UNITED KINGDOM,64740,NO
2023,TUI AIRWAYS LTD,TOM,UNITED KINGDOM,63667,NO
2023,BABCOCK MCS FRANCE,TON,FRANCE,3,NO
2025,FLYGTA INC.,TOR,CANADA,410,NO
2024,FLYGTA INC.,TOR,CANADA,162,NO
2023,AIRTANKER,TOW,UNITED KINGDOM,775,NO
2025,AIRTANKER,TOW,UNITED KINGDOM,433,NO
2024,AIRTANKER,TOW,UNITED KINGDOM,430,NO
2019,AIRTANKER,TOW,UNITED KINGDOM,393,NO
2024,TOYO AVIATION S.R.L.,TOY,ROMANIA,1581,NO
2025,TOYO AVIATION S.R.L.,TOY,ROMANIA,1291,NO
2019,TOYO AVIATION S.R.L.,TOY,ROMANIA,1078,NO
2023,TOYO AVIATION S.R.L.,TOY,ROMANIA,880,NO
2019,TAMPA SA,TPA,COLOMBIA,201,NO
2025,TAMPA SA,TPA,COLOMBIA,115,NO
2023,AIR CALEDONIE,TPC,FRANCE,9,NO
2024,AIR CALEDONIE,TPC,FRANCE,5,NO
2023,TARCO AVIATION,TQQ,SUDAN,2,NO
2025,TRANSAVIA AIRLINES,TRA,NETHERLANDS,62476,NO
2024,TRANSAVIA AIRLINES,TRA,NETHERLANDS,59538,NO
2019,TRANSAVIA AIRLINES,TRA,NETHERLANDS,59306,NO
2023,TRANSAVIA AIRLINES,TRA,NETHERLANDS,57091,NO
2019,TURUKHAN AIRLINES LLC,TRH,RUSSIAN FEDERATION,102,NO
2024,TURUKHAN AIRLINES LLC,TRH,RUSSIAN FEDERATION,14,NO
2023,TURK HAVA YOLLARI,TRK,TÜRKIYE,1358,NO
2019,TURK HAVA YOLLARI,TRK,TÜRKIYE,1074,NO
2024,TURK HAVA YOLLARI,TRK,TÜRKIYE,1046,NO
2025,TURK HAVA YOLLARI,TRK,TÜRKIYE,834,NO
2019,TARON AVIA,TRV,UNITED ARAB EMIRATES,93,NO
2019,AIR TRANSAT,TSC,CANADA,11700,NO
2025,AIR TRANSAT,TSC,CANADA,10752,NO
2024,AIR TRANSAT,TSC,CANADA,10606,NO
2023,AIR TRANSAT,TSC,CANADA,9675,NO
2025,TASHKENT AIR,TSK,UZBEKISTAN,15,NO
2023,TOMSK AIR ENTERPRISE,TSK,RUSSIAN FEDERATION,4,NO
2025,SKY LOUNGE SERVICES,TSM,LEBANON,350,NO
2023,SKY LOUNGE SERVICES,TSM,LEBANON,294,NO
2019,SKY LOUNGE SERVICES,TSM,LEBANON,291,NO
2024,SKY LOUNGE SERVICES,TSM,LEBANON,286,NO
2019,TJS SAN MARINO,TSR,SAN MARINO,61,NO
2025,TRANSWING GMBH,TSW,AUSTRIA,749,NO
2019,224TH FLIGHT UNIT,TTF,RUSSIAN FEDERATION,70,NO
2023,TATRA JET S.R.O.,TTJ,SLOVAK REPUBLIC,912,NO
2025,TATRA JET S.R.O.,TTJ,SLOVAK REPUBLIC,907,NO
2024,TATRA JET S.R.O.,TTJ,SLOVAK REPUBLIC,838,NO
2019,TATRA JET S.R.O.,TTJ,SLOVAK REPUBLIC,298,NO
2024,TOTAL LINHAS AEREAS,TTL,BRAZIL,8,NO
2025,TOTAL LINHAS AEREAS,TTL,BRAZIL,6,NO
2025,ALAMAN AIR,TTR,KAZAKHSTAN,17,NO
2019,T-AIR SPOL S.R.O.,TTV,CZECH REPUBLIC,289,NO
2023,TIGERAIR TAIWAN,TTW,TAIWAN,6,NO
2025,TIGERAIR TAIWAN,TTW,TAIWAN,6,NO
2025,TURKMENISTAN,TUA,TURKMENISTAN,2174,NO
2024,TURKMENISTAN,TUA,TURKMENISTAN,2014,NO
2019,TURKMENISTAN,TUA,TURKMENISTAN,1829,NO
2023,TURKMENISTAN,TUA,TURKMENISTAN,1331,NO
2023,TURKMENISTAN GOV.,TUG,TURKMENISTAN,189,NO
2025,TURKMENISTAN GOV.,TUG,TURKMENISTAN,179,NO
2024,TURKMENISTAN GOV.,TUG,TURKMENISTAN,146,NO
2019,TURKMENISTAN GOV.,TUG,TURKMENISTAN,92,NO
2019,TUIFLY GMBH,TUI,GERMANY,35327,NO
2024,TUIFLY GMBH,TUI,GERMANY,23982,NO
2025,TUIFLY GMBH,TUI,GERMANY,23129,NO
2023,TUIFLY GMBH,TUI,GERMANY,22609,NO
2023,TULPAR,TUL,RUSSIAN FEDERATION,804,NO
2024,TULPAR,TUL,RUSSIAN FEDERATION,637,NO
2025,TULPAR,TUL,RUSSIAN FEDERATION,526,NO
2019,TULPAR,TUL,RUSSIAN FEDERATION,5,NO
2019,UTAIR LIMITED,TUM,RUSSIAN FEDERATION,94,NO
2025,MIL TUNISIA,TUN,TUNISIA,130,NO
2023,MIL TUNISIA,TUN,TUNISIA,108,NO
2019,MIL TUNISIA,TUN,TUNISIA,68,NO
2024,MIL TUNISIA,TUN,TUNISIA,53,NO
2019,AVIASTAR-TU CO.,TUP,RUSSIAN FEDERATION,888,NO
2025,AVIASTAR-TU CO.,TUP,RUSSIAN FEDERATION,188,NO
2024,AVIASTAR-TU CO.,TUP,RUSSIAN FEDERATION,147,NO
2023,AVIASTAR-TU CO.,TUP,RUSSIAN FEDERATION,95,NO
2025,TUNISAIR EXPRESS,TUX,TUNISIA,1049,NO
2024,TUNISAIR EXPRESS,TUX,TUNISIA,1026,NO
2023,TUNISAIR EXPRESS,TUX,TUNISIA,936,NO
2019,TUNISAIR EXPRESS,TUX,TUNISIA,858,NO
2025,TRANSAVIA FRANCE SAS,TVF,FRANCE,104293,NO
2024,TRANSAVIA FRANCE SAS,TVF,FRANCE,89682,NO
2023,TRANSAVIA FRANCE SAS,TVF,FRANCE,81950,NO
2019,TRANSAVIA FRANCE SAS,TVF,FRANCE,45111,NO
2019,THAI VIETJET AIR,TVJ,THAILAND,8,NO
2024,SMARTWINGS HUNGARY KFT.,TVL,HUNGARY,1895,NO
2025,SMARTWINGS HUNGARY KFT.,TVL,HUNGARY,1593,NO
2023,SMARTWINGS HUNGARY KFT.,TVL,HUNGARY,1490,NO
2019,SMARTWINGS HUNGARY KFT.,TVL,HUNGARY,1269,NO
2019,SMARTWINGS POLAND SP. Z O.O.,TVP,POLAND,5211,NO
2025,SMARTWINGS POLAND SP. Z O.O.,TVP,POLAND,4694,NO
2024,SMARTWINGS POLAND SP. Z O.O.,TVP,POLAND,4492,NO
2023,SMARTWINGS POLAND SP. Z O.O.,TVP,POLAND,3747,NO
2025,SMARTWINGS SLOVAKIA,TVQ,SLOVAK REPUBLIC,2845,NO
2024,SMARTWINGS SLOVAKIA,TVQ,SLOVAK REPUBLIC,2716,NO
2023,SMARTWINGS SLOVAKIA,TVQ,SLOVAK REPUBLIC,2294,NO
2019,SMARTWINGS SLOVAKIA,TVQ,SLOVAK REPUBLIC,751,NO
2023,TERRA AVIA,TVR,MOLDOVA,230,NO
2025,TERRA AVIA,TVR,MOLDOVA,220,NO
2024,TERRA AVIA,TVR,MOLDOVA,159,NO
2024,SMARTWINGS A.S.,TVS,CZECH REPUBLIC,35624,NO
2025,SMARTWINGS A.S.,TVS,CZECH REPUBLIC,33084,NO
2019,SMARTWINGS A.S.,TVS,CZECH REPUBLIC,32405,NO
2023,SMARTWINGS A.S.,TVS,CZECH REPUBLIC,29936,NO
2025,T'WAY AIR CO LTD,TWB,KOREA,4568,NO
2024,T'WAY AIR CO LTD,TWB,KOREA,1525,NO
2023,T'WAY AIR CO LTD,TWB,KOREA,764,NO
2019,T'WAY AIR CO LTD,TWB,KOREA,5,NO
2019,AIR-TAXI EUROPE,TWG,GERMANY,927,NO
2023,AIR-TAXI EUROPE,TWG,GERMANY,804,NO
2024,AIR-TAXI EUROPE,TWG,GERMANY,519,NO
2025,AIR-TAXI EUROPE,TWG,GERMANY,306,NO
2023,TAILWIND AIRLINES,TWI,TÜRKIYE,9236,NO
2019,TAILWIND AIRLINES,TWI,TÜRKIYE,4363,NO
2024,TAILWIND AIRLINES,TWI,TÜRKIYE,2286,NO
2025,TAILWIND AIRLINES,TWI,TÜRKIYE,1010,NO
2025,SUNSET AVIATION LLC (DBA SOLAIRUS AVIATION),TWY,USA,11652,NO
2024,SUNSET AVIATION LLC (DBA SOLAIRUS AVIATION),TWY,USA,11408,NO
2023,SUNSET AVIATION LLC (DBA SOLAIRUS AVIATION),TWY,USA,10738,NO
2019,SUNSET AVIATION LLC (DBA SOLAIRUS AVIATION),TWY,USA,5447,NO
2025,TRANSAVIAEXPORT,TXC,BELARUS,109,NO
2019,TRANSAVIAEXPORT,TXC,BELARUS,106,NO
2024,TRANSAVIAEXPORT,TXC,BELARUS,22,NO
2023,TRANSAVIAEXPORT,TXC,BELARUS,8,NO
2019,ASIAN EXPRESS TAJIK,TXP,TAJIKISTAN,3,NO
2024,ASIAN EXPRESS TAJIK,TXP,TAJIKISTAN,3,NO
2023,ASIAN EXPRESS TAJIK,TXP,TAJIKISTAN,2,NO
2019,NORDSTAR AIRLINES,TYA,RUSSIAN FEDERATION,532,NO
2023,NORDSTAR AIRLINES,TYA,RUSSIAN FEDERATION,191,NO
2024,NORDSTAR AIRLINES,TYA,RUSSIAN FEDERATION,163,NO
2025,NORDSTAR AIRLINES,TYA,RUSSIAN FEDERATION,108,NO
2025,TJS MALTA,TYJ,MALTA,201,NO
2023,TJS MALTA,TYJ,MALTA,187,NO
2024,TJS MALTA,TYJ,MALTA,182,NO
2019,TJS MALTA,TYJ,MALTA,180,NO
2019,TYROL AIR AMBULANCE,TYW,AUSTRIA,2936,NO
2024,TYROL AIR AMBULANCE,TYW,AUSTRIA,2184,NO
2023,TYROL AIR AMBULANCE,TYW,AUSTRIA,2004,NO
2025,TYROL AIR AMBULANCE,TYW,AUSTRIA,1980,NO
2023,TCA LLC,TZS,GEORGIA,260,NO
2024,TCA LLC,TZS,GEORGIA,81,NO
2019,TCA LLC,TZS,GEORGIA,28,NO
2025,TCA LLC,TZS,GEORGIA,9,NO
2025,EMIRATES INTL,UAE,UNITED ARAB EMIRATES,88128,NO
2024,EMIRATES INTL,UAE,UNITED ARAB EMIRATES,87261,NO
2023,EMIRATES INTL,UAE,UNITED ARAB EMIRATES,79488,NO
2019,EMIRATES INTL,UAE,UNITED ARAB EMIRATES,77438,NO
2023,MIL UNITED ARAB EMIR,UAF,UNITED ARAB EMIRATES,1355,NO
2019,MIL UNITED ARAB EMIR,UAF,UNITED ARAB EMIRATES,1018,NO
2025,MIL UNITED ARAB EMIR,UAF,UNITED ARAB EMIRATES,905,NO
2024,MIL UNITED ARAB EMIR,UAF,UNITED ARAB EMIRATES,609,NO
2025,UNION AVIATION A/S,UAG,LATVIA,1868,NO
2024,UNION AVIATION A/S,UAG,LATVIA,1629,NO
2023,UNION AVIATION A/S,UAG,LATVIA,1493,NO
2025,"UNITED AIRLINES, INC.",UAL,USA,83981,NO
2024,"UNITED AIRLINES, INC.",UAL,USA,80101,NO
2023,"UNITED AIRLINES, INC.",UAL,USA,77374,NO
2019,"UNITED AIRLINES, INC.",UAL,USA,55603,NO
2025,UZ AERO TECH GROUP,UAT,UZBEKISTAN,25,NO
2024,UZ AERO TECH GROUP,UAT,UZBEKISTAN,16,NO
2023,UZ AERO TECH GROUP,UAT,UZBEKISTAN,13,NO
2023,MYANMAR NAT. AIRL.,UBA,MYANMAR,172,NO
2024,MYANMAR NAT. AIRL.,UBA,MYANMAR,14,NO
2024,UR AIRLINES,UBD,IRAQ,2264,NO
2025,UR AIRLINES,UBD,IRAQ,2175,NO
2023,UR AIRLINES,UBD,IRAQ,1273,NO
2019,UR AIRLINES,UBD,IRAQ,842,NO
2024,NORSE ATLANTIC UK LTD,UBT,UNITED KINGDOM,2667,NO
2025,NORSE ATLANTIC UK LTD,UBT,UNITED KINGDOM,2437,NO
2023,NORSE ATLANTIC UK LTD,UBT,UNITED KINGDOM,1850,NO
2025,"UNITED EAGLE, LETALSKI PROMET D.O.O.",UEE,SLOVENIA,1030,NO
2024,"UNITED EAGLE, LETALSKI PROMET D.O.O.",UEE,SLOVENIA,831,NO
2023,"UNITED EAGLE, LETALSKI PROMET D.O.O.",UEE,SLOVENIA,774,NO
2025,UNI-FLY HELIWORX LTD,UFX,UNITED KINGDOM,73,NO
2023,UNI-FLY,UFX,DENMARK,13,NO
2024,UNI-FLY HELIWORX LTD,UFX,UNITED KINGDOM,3,NO
2023,ELIANCE AVTN GLOBAL,UGC,SPAIN,1380,NO
2019,ELIANCE AVTN GLOBAL,UGC,SPAIN,1080,NO
2025,UGANDA NAT. AIRLINES,UGD,UGANDA,266,NO
2024,UGANDA NAT. AIRLINES,UGD,UGANDA,12,NO
2025,UG JET,UGJ,CZECH REPUBLIC,17,NO
2024,UG JET,UGJ,CZECH REPUBLIC,5,NO
2023,UG JET,UGJ,CZECH REPUBLIC,1,NO
2019,UKRAINIAN HELICOPTER,UHL,UKRAINE,24,NO
2023,UKRAINIAN HELICOPTER,UHL,UKRAINE,13,NO
2019,UNIVERSITET I TROMSO,UIT,NORWAY,186,NO
2025,UNIVERSITET I TROMSO,UIT,NORWAY,51,NO
2024,UNIVERSITET I TROMSO,UIT,NORWAY,10,NO
2023,UNIVERSITET I TROMSO,UIT,NORWAY,1,NO
2019,ATLASJET UKRAINE,UJX,UKRAINE,506,NO
2023,AERO FLIGHTOPS UK LTD,UKA,UNITED KINGDOM,158,NO
2019,UKRAINE AIR ALLIANCE,UKL,UKRAINE,932,NO
2024,UKRAINE AIR ALLIANCE,UKL,UKRAINE,254,NO
2025,UKRAINE AIR ALLIANCE,UKL,UKRAINE,147,NO
2023,UKRAINE AIR ALLIANCE,UKL,UKRAINE,114,NO
2025,UKRAINE AVTN STATE,UKN,UKRAINE,236,NO
2024,UKRAINE AVTN STATE,UKN,UKRAINE,208,NO
2019,UKRAINE AVTN STATE,UKN,UKRAINE,74,NO
2023,UKRAINE AVTN STATE,UKN,UKRAINE,74,NO
2024,POLICE BOARD,UKP,UNITED KINGDOM,3,NO
2023,WEST YORKSHIRE POLICE,UKP,UNITED KINGDOM,2,NO
2025,POLICE BOARD,UKP,UNITED KINGDOM,1,NO
2025,"UKTUS, AIRCOMPANY",UKT,RUSSIAN FEDERATION,4,NO
2024,"ULTRA AIR, LLC",ULA,USA,74,NO
2023,"ULTRA AIR, LLC",ULA,USA,67,NO
2019,"ULTRA AIR, LLC",ULA,USA,2,NO
2024,ALBINATI AVIATION,ULC,MALTA,1973,NO
2023,ALBINATI AVIATION,ULC,MALTA,1704,NO
2019,ALBINATI AVIATION,ULC,MALTA,1676,NO
2025,ALBINATI AVIATION,ULC,MALTA,1656,NO
2025,OFFSHORE HELICOPTER SERVICES UK LTD,ULR,UNITED KINGDOM,14,NO
2024,OFFSHORE HELICOPTER SERVICES UK LTD,ULR,UNITED KINGDOM,10,NO
2019,ATC YUZMASHAVIA,UMK,UKRAINE,421,NO
2025,UMZA AIR,UMZ,NIGERIA,3,NO
2024,UNI-FLY,UNC,DENMARK,53,NO
2025,UNI-FLY,UNC,DENMARK,20,NO
2019,UNI-FLY,UNC,DENMARK,2,NO
2025,UNICAIR GMBH,UNI,GERMANY,3180,NO
2024,UNICAIR GMBH,UNI,GERMANY,3091,NO
2023,UNICAIR GMBH,UNI,GERMANY,2922,NO
2019,AIR URGA,UNO,UKRAINE,854,NO
2024,AIR URGA,UNO,UKRAINE,818,NO
2023,AIR URGA,UNO,UKRAINE,717,NO
2025,AIR URGA,UNO,UKRAINE,559,NO
2025,LUNDS UNIVERSITET,UNY,SWEDEN,367,NO
2024,LUNDS UNIVERSITET,UNY,SWEDEN,322,NO
2023,LUNDS UNIVERSITET,UNY,SWEDEN,300,NO
2019,LUNDS UNIVERSITET,UNY,SWEDEN,276,NO
2019,AIR CONTROL,UPK,KAZAKHSTAN,1,NO
2023,MIROSHNICHENKO GENA,UPP,KAZAKHSTAN,1,NO
2023,UNITED PARCEL SERVICE CO,UPS,USA,24951,NO
2024,UNITED PARCEL SERVICE CO,UPS,USA,24676,NO
2025,UNITED PARCEL SERVICE CO,UPS,USA,23902,NO
2019,UNITED PARCEL SERVICE CO,UPS,USA,20562,NO
2024,ROSAVIA AIR COMPANY,UR*,UKRAINE,50,NO
2025,ROSAVIA AIR COMPANY,UR*,UKRAINE,34,NO
2023,ROSAVIA AIR COMPANY,UR*,UKRAINE,33,NO
2019,ROSAVIA AIR COMPANY,URA,UKRAINE,17,NO
2025,EUROPEAN CARGO LTD,URO,UNITED KINGDOM,1391,NO
2024,EUROPEAN CARGO LTD,URO,UNITED KINGDOM,1012,NO
2023,EUROPEAN CARGO LTD,URO,UNITED KINGDOM,345,NO
2025,USC GMBH,USY,GERMANY,204,NO
2024,USC GMBH,USY,GERMANY,88,NO
2023,USC GMBH,USY,GERMANY,42,NO
2019,"UTAIR AVIATION, JSC",UTA,RUSSIAN FEDERATION,6141,NO
2024,"UTAIR AVIATION, JSC",UTA,RUSSIAN FEDERATION,3447,NO
2025,"UTAIR AVIATION, JSC",UTA,RUSSIAN FEDERATION,2717,NO
2023,"UTAIR AVIATION, JSC",UTA,RUSSIAN FEDERATION,2106,NO
2023,UTAIR-HELICOPTERS,UTH,RUSSIAN FEDERATION,4,NO
2019,SKYLINE EXPRESS AIRLINES,UTN,UKRAINE,7743,NO
2025,SKYLINE EXPRESS AIRLINES,UTN,UKRAINE,2944,NO
2024,SKYLINE EXPRESS AIRLINES,UTN,UKRAINE,1703,NO
2023,SKYLINE EXPRESS AIRLINES,UTN,UKRAINE,824,NO
2019,UNI-TOP AIRLINES,UTP,CHINA,4,NO
2019,UKSATSE,UTS,UKRAINE,96,NO
2024,UNIVERSAL AIR CHART.,UVL,MALTA,1471,NO
2023,UNIVERSAL AIR CHART.,UVL,MALTA,938,NO
2025,UNIVERSAL AIR CHART.,UVL,MALTA,574,NO
2019,"UVT AERO, JSC",UVT,RUSSIAN FEDERATION,551,NO
2024,"UVT AERO, JSC",UVT,RUSSIAN FEDERATION,303,NO
2025,"UVT AERO, JSC",UVT,RUSSIAN FEDERATION,216,NO
2023,"UVT AERO, JSC",UVT,RUSSIAN FEDERATION,54,NO
2019,UKRAINIAN WINGS,UWJ,UKRAINE,7,NO
2025,CONSTANTA UKRAINE,UZA,UKRAINE,264,NO
2023,CONSTANTA UKRAINE,UZA,UKRAINE,99,NO
2024,CONSTANTA UKRAINE,UZA,UKRAINE,67,NO
2019,CONSTANTA UKRAINE,UZA,UKRAINE,40,NO
2025,UZBEKISTAN AIRWAYS,UZB,UZBEKISTAN,7767,NO
2024,UZBEKISTAN AIRWAYS,UZB,UZBEKISTAN,7347,NO
2023,UZBEKISTAN AIRWAYS,UZB,UZBEKISTAN,6779,NO
2019,UZBEKISTAN AIRWAYS,UZB,UZBEKISTAN,4834,NO
2024,PANORAMA AIRWAYS,UZP,UZBEKISTAN,138,NO
2025,SAM AIR LLC,UZS,UZBEKISTAN,398,NO
2024,SAM AIR LLC,UZS,UZBEKISTAN,244,NO
2023,SAM AIR LLC,UZS,UZBEKISTAN,4,NO
2025,SPACEBEE AIRLINES,UZU,UZBEKISTAN,77,NO
2024,SPACEBEE AIRLINES,UZU,UZBEKISTAN,67,NO
2023,VAN AIR EUROPE A.S.,VAA,CZECH REPUBLIC,656,NO
2025,VAN AIR EUROPE A.S.,VAA,CZECH REPUBLIC,430,NO
2024,VAN AIR EUROPE A.S.,VAA,CZECH REPUBLIC,312,NO
2019,VAN AIR EUROPE A.S.,VAA,CZECH REPUBLIC,8,NO
2024,VEGA KAZAKHSTAN,VAG,KAZAKHSTAN,1,NO
2025,VEGA KAZAKHSTAN,VAG,KAZAKHSTAN,1,NO
2025,AVCON JET S.R.L.,VAJ,SAN MARINO,1535,NO
2024,AVCON JET S.R.L.,VAJ,SAN MARINO,699,NO
2023,AVCON JET S.R.L.,VAJ,SAN MARINO,235,NO
2019,AVCON JET S.R.L.,VAJ,SAN MARINO,230,NO
2025,VOYAGEUR AIRWAYS (2),VAL,CANADA,204,NO
2023,VOYAGEUR AIRWAYS (2),VAL,CANADA,26,NO
2024,CARAVAN AIR,VAN,MAURITANIA,5,NO
2019,ATRAN-AVIATRANS,VAS,RUSSIAN FEDERATION,1872,YES
2024,ATRAN-AVIATRANS,VAS,RUSSIAN FEDERATION,12,YES
2019,FLY2SKY JSC,VAW,BULGARIA,952,NO
2024,FLY2SKY JSC,VAW,BULGARIA,76,NO
2023,FLY2SKY JSC,VAW,BULGARIA,74,NO
2025,FLY2SKY JSC,VAW,BULGARIA,72,NO
2025,MIL LIBYA,VAX,LIBYA,1,NO
2019,AVB 2012 LTD,VBA,BULGARIA,377,NO
2019,ALK JSC,VBB,BULGARIA,773,NO
2023,ALK JSC,VBB,BULGARIA,100,NO
2024,ALK JSC,VBB,BULGARIA,47,NO
2024,AIR BURKINA (2),VBW,BURKINA FASO,7,NO
2023,AIR BURKINA (2),VBW,BURKINA FASO,3,NO
2023,CATREUS AOC LTD,VCG,UNITED KINGDOM,1606,NO
2024,CATREUS AOC LTD,VCG,UNITED KINGDOM,1538,NO
2025,CATREUS AOC LTD,VCG,UNITED KINGDOM,1505,NO
2019,CATREUS AOC LTD,VCG,UNITED KINGDOM,1200,NO
2025,AVCON JET MALTA LTD,VCJ,MALTA,1966,NO
2024,AVCON JET MALTA LTD,VCJ,MALTA,1687,NO
2023,AVCON JET MALTA LTD,VCJ,MALTA,1239,NO
2019,AVCON JET MALTA LTD,VCJ,MALTA,817,NO
2019,JET AVIATION ZURICH-AIRPORT AG ,VCN,SWITZERLAND,243,NO
2023,CONVIASA,VCV,VENEZUELA,284,NO
2024,CONVIASA,VCV,VENEZUELA,190,NO
2025,CONVIASA,VCV,VENEZUELA,161,NO
2019,CONVIASA,VCV,VENEZUELA,1,NO
2019,VOLGA-DNEPR AIRLINES LLC,VDA,RUSSIAN FEDERATION,697,NO
2023,VOLGA-DNEPR AIRLINES LLC,VDA,RUSSIAN FEDERATION,80,NO
2025,VOLGA-DNEPR AIRLINES LLC,VDA,RUSSIAN FEDERATION,78,NO
2024,VOLGA-DNEPR AIRLINES LLC,VDA,RUSSIAN FEDERATION,76,NO
2019,VOLDIRECT SAS,VDR,FRANCE,256,NO
2024,AVIATION INDUSTRIAL COMPANY VECTOR,VEK,RUSSIAN FEDERATION,1,NO
2023,VEGA OFFSHORE SRL,VGA,ROMANIA,38,NO
2024,VEGA OFFSHORE SRL,VGA,ROMANIA,1,NO
2025,AVIATION SVC. MNGT,VGG,UNITED ARAB EMIRATES,46,NO
2024,AVIATION SVC. MNGT,VGG,UNITED ARAB EMIRATES,37,NO
2023,AVIATION SVC. MNGT,VGG,UNITED ARAB EMIRATES,6,NO
2025,ROSEWOOD ENTREPRISES PYT LTD,VHT,AUSTRALIA,22,NO
2024,ROSEWOOD ENTREPRISES PYT LTD,VHT,AUSTRALIA,6,NO
2023,PILATUS AUSTRALIA,VHX,AUSTRALIA,3,NO
2025,PRINCE AVIATION SI LTD,VIO,SLOVENIA,687,NO
2025,TAG AVIATION UK LTD,VIP,UNITED KINGDOM,351,NO
2019,TAG AVIATION UK LTD,VIP,UNITED KINGDOM,240,NO
2025,VIRGIN ATLANTIC AIRWAYS LTD,VIR,UNITED KINGDOM,26265,NO
2024,VIRGIN ATLANTIC AIRWAYS LTD,VIR,UNITED KINGDOM,25800,NO
2019,VIRGIN ATLANTIC AIRWAYS LTD,VIR,UNITED KINGDOM,24280,NO
2023,VIRGIN ATLANTIC AIRWAYS LTD,VIR,UNITED KINGDOM,24033,NO
2019,VISION AIR (PK),VIS,PAKISTAN,13,NO
2024,AEROENLACES NACIONAL,VIV,MEXICO,225,NO
2023,AEROENLACES NACIONAL,VIV,MEXICO,104,NO
2019,AEROENLACES NACIONAL,VIV,MEXICO,79,NO
2019,AEROVIS,VIZ,UKRAINE,4,NO
2025,"JETSELECT, LLC",VJA,USA,15857,NO
2024,"JETSELECT, LLC",VJA,USA,12513,NO
2023,TVPX ARS INC,VJA,USA,80,NO
2025,VIETJET AIR,VJC,VIETNAM,12960,NO
2024,VIETJET AIR,VJC,VIETNAM,11454,NO
2023,VIETJET AIR,VJC,VIETNAM,8421,NO
2019,VIETJET AIR,VJC,VIETNAM,206,NO
2024,VISTAJET GMBH,VJH,GERMANY,18777,NO
2025,VISTAJET GMBH,VJH,GERMANY,17381,NO
2025,VISTAJET LIMITED,VJT,MALTA,38716,NO
2024,VISTAJET LIMITED,VJT,MALTA,35564,NO
2023,VISTAJET LIMITED,VJT,MALTA,32595,NO
2019,VISTAJET LIMITED,VJT,MALTA,21850,NO
2023,VULKAN AIR LLC,VKA,UKRAINE,794,NO
2025,VULKAN AIR LLC,VKA,UKRAINE,622,NO
2024,VULKAN AIR LLC,VKA,UKRAINE,614,NO
2019,VULKAN AIR LLC,VKA,UKRAINE,597,NO
2019,SUNCLASS AIRLINES,VKG,DENMARK,11642,NO
2025,SUNCLASS AIRLINES,VKG,DENMARK,10518,NO
2024,SUNCLASS AIRLINES,VKG,DENMARK,10433,NO
2023,SUNCLASS AIRLINES,VKG,DENMARK,10210,NO
2019,AIR VOLTA AD,VLB,BULGARIA,292,NO
2024,AIR VOLTA AD,VLB,BULGARIA,233,NO
2025,AIR VOLTA AD,VLB,BULGARIA,199,NO
2023,AIR VOLTA AD,VLB,BULGARIA,94,NO
2025,VUELING AIRLINES,VLG,SPAIN,228540,NO
2024,VUELING AIRLINES,VLG,SPAIN,222964,NO
2019,VUELING AIRLINES,VLG,SPAIN,222083,NO
2023,VUELING AIRLINES,VLG,SPAIN,216848,NO
2023,VALLJET,VLJ,FRANCE,3921,NO
2019,VALLJET,VLJ,FRANCE,3505,NO
2025,VALLJET,VLJ,FRANCE,3299,NO
2024,VALLJET,VLJ,FRANCE,2594,NO
2019,VALAN,VLN,MOLDOVA,10,NO
2023,VALAN,VLN,MOLDOVA,7,NO
2019,AVIALIFT VLADIVOSTOK,VLV,RUSSIAN FEDERATION,1,NO
2025,VALO MANAGEMENT WLL,VLW,BAHRAIN,96,NO
2023,VOLARE AVIATION LTD,VLZ,UNITED KINGDOM,956,NO
2024,VOLARE AVIATION LTD,VLZ,UNITED KINGDOM,829,NO
2025,VOLARE AVIATION LTD,VLZ,UNITED KINGDOM,761,NO
2019,VOLARE AVIATION LTD,VLZ,UNITED KINGDOM,275,NO
2019,EXECUJET EUROPE A/S,VMP,DENMARK,1261,NO
2023,EXECUJET EUROPE A/S,VMP,DENMARK,330,NO
2024,EXECUJET EUROPE A/S,VMP,DENMARK,98,NO
2025,PARAMOUNT GLOBAL FERRY SERVICES LLC,VNA,USA,12,NO
2023,SUNAIR,VNA,VIETNAM,1,NO
2025,SKYLINE AVIATION SERVICES LLC,VNB,USA,3,NO
2023,AVIONORD,VND,ITALY,3130,NO
2024,AVIONORD,VND,ITALY,2477,NO
2025,AVIONORD,VND,ITALY,2472,NO
2019,AVIONORD,VND,ITALY,1659,NO
2023,"VUELA AVIACION, S.A",VOC,COSTA RICA,6,NO
2024,VOLOTEA S.L.,VOE,SPAIN,76299,NO
2025,VOLOTEA S.L.,VOE,SPAIN,75158,NO
2023,VOLOTEA S.L.,VOE,SPAIN,69569,NO
2019,VOLOTEA S.L.,VOE,SPAIN,59840,NO
2024,VOLARIS,VOI,MEXICO,21,NO
2025,VOLARIS,VOI,MEXICO,21,NO
2023,VOLARIS,VOI,MEXICO,18,NO
2019,VOLARIS,VOI,MEXICO,16,NO
2019,GUARDIA DI FINANZA,VOL,ITALY,1,NO
2023,GUARDIA DI FINANZA,VOL,ITALY,1,NO
2025,GUARDIA DI FINANZA,VOL,ITALY,1,NO
2023,FLIGHT CAL. SVCS LTD,VOR,UNITED KINGDOM,332,NO
2019,FLIGHT CAL. SVCS LTD,VOR,UNITED KINGDOM,303,NO
2024,FLIGHT CAL. SVCS LTD,VOR,UNITED KINGDOM,256,NO
2025,FLIGHT CAL. SVCS LTD,VOR,UNITED KINGDOM,176,NO
2025,VIRGIN AUSTRALIA,VOZ,AUSTRALIA,737,NO
2023,VIRGIN AUSTRALIA,VOZ,AUSTRALIA,135,NO
2024,VIRGIN AUSTRALIA,VOZ,AUSTRALIA,129,NO
2019,PANAVIATIC AS,VPC,ESTONIA,804,NO
2025,PANAVIATIC AS,VPC,ESTONIA,633,NO
2024,PANAVIATIC AS,VPC,ESTONIA,391,NO
2023,PANAVIATIC AS,VPC,ESTONIA,285,NO
2023,FLY ME,VQI,MALDIVES,10,NO
2025,AIR COTE D'IVOIRE,VRE,IVORY COAST,156,NO
2023,AIR COTE D'IVOIRE,VRE,IVORY COAST,30,NO
2024,AIR COTE D'IVOIRE,VRE,IVORY COAST,28,NO
2019,VOYAGE AIR LTD,VRG,BULGARIA,3,NO
2023,VARESH AIRLINES,VRH,IRAN,624,NO
2025,VARESH AIRLINES,VRH,IRAN,589,NO
2024,VARESH AIRLINES,VRH,IRAN,474,NO
2019,BAE SYSTEMS MARINE,VSB,UNITED KINGDOM,3291,NO
2025,BAE SYSTEMS MARINE,VSB,UNITED KINGDOM,2749,NO
2024,BAE SYSTEMS MARINE,VSB,UNITED KINGDOM,2635,NO
2023,BAE SYSTEMS MARINE,VSB,UNITED KINGDOM,2611,NO
2019,AVIOSTART,VSR,BULGARIA,594,NO
2023,AVIOSTART,VSR,BULGARIA,424,NO
2025,AVIOSTART,VSR,BULGARIA,261,NO
2024,AVIOSTART,VSR,BULGARIA,202,NO
2023,SCAT,VSV,KAZAKHSTAN,5566,NO
2024,SCAT,VSV,KAZAKHSTAN,4386,NO
2025,SCAT,VSV,KAZAKHSTAN,3965,NO
2019,SCAT,VSV,KAZAKHSTAN,3235,NO
2019,TATA SIA AIRLINES LT,VT*,INDIA,9,NO
2023,JET STREAM CHARTER KFT.,VTB,HUNGARY,3313,NO
2024,JET STREAM CHARTER KFT.,VTB,HUNGARY,2102,NO
2025,JET STREAM CHARTER KFT.,VTB,HUNGARY,2096,NO
2025,CORPORATE FLIGHT MGT,VTE,USA,567,NO
2019,CORPORATE FLIGHT MGT,VTE,USA,66,NO
2024,TATA SIA AIRLINES LT,VTI,INDIA,5703,NO
2023,TATA SIA AIRLINES LT,VTI,INDIA,4265,NO
2025,AIR VITOSHA,VTO,MALTA,86,NO
2019,ELERON AVIATION LLC,VVA,UKRAINE,10,NO
2019,FAST COLOMBIA S.A.S,VVC,COLOMBIA,1,NO
2025,VALAIR AVIACAO LDA,VVV,PORTUGAL,1391,NO
2024,VALAIR AVIACAO LDA,VVV,PORTUGAL,1389,NO
2023,VALAIR AVIACAO LDA,VVV,PORTUGAL,1153,NO
2019,VALAIR AVIACAO LDA,VVV,PORTUGAL,1079,NO
2025,VOLUXIS SAN MARINO S.R.L.,VXM,SAN MARINO,169,NO
2024,VOLUXIS SAN MARINO S.R.L.,VXM,SAN MARINO,71,NO
2025,MALI AIR EXPRESS,VXP,MALI,19,NO
2019,INTERFLIGHT (AIR CHARTER) LTD ,VXS,UNITED KINGDOM,401,NO
2023,INTERFLIGHT (AIR CHARTER) LTD ,VXS,UNITED KINGDOM,339,NO
2024,INTERFLIGHT (AIR CHARTER) LTD ,VXS,UNITED KINGDOM,271,NO
2025,INTERFLIGHT (AIR CHARTER) LTD ,VXS,UNITED KINGDOM,261,NO
2025,FLY VAAYU,VYU,UNITED ARAB EMIRATES,20,NO
2024,FLY VAAYU,VYU,UNITED ARAB EMIRATES,2,NO
2019,WORLD ATLANTIC AIRLINES,WAL,USA,4,NO
2019,AIRWAYS FORMATION,WAY,FRANCE,1492,NO
2024,WIZZ AIR ABU DHABI,WAZ,UNITED ARAB EMIRATES,5186,NO
2023,WIZZ AIR ABU DHABI,WAZ,UNITED ARAB EMIRATES,4263,NO
2025,WIZZ AIR ABU DHABI,WAZ,UNITED ARAB EMIRATES,3867,NO
2025,WARSAW CARGO SP. Z O.O.,WCG,POLAND,25,NO
2024,WORLD CARGO AIR,WCM,MALAYSIA,2570,NO
2023,WORLD CARGO AIR,WCM,MALAYSIA,1092,NO
2025,AVIATORS FIT GMBH,WDA,GERMANY,82,NO
2023,AVIATORS FIT GMBH,WDA,GERMANY,52,NO
2024,AVIATORS FIT GMBH,WDA,GERMANY,28,NO
2023,"UNIVERSAL WEATHER AND AVIATION, INC.",WDE,USA,595,NO
2024,"UNIVERSAL WEATHER AND AVIATION, INC.",WDE,USA,385,NO
2023,MARINE MANAGEMENT O.,WDG,UNITED KINGDOM,121,NO
2024,MARINE MANAGEMENT O.,WDG,UNITED KINGDOM,113,NO
2019,MARINE MANAGEMENT O.,WDG,UNITED KINGDOM,100,NO
2025,MARINE MANAGEMENT O.,WDG,UNITED KINGDOM,73,NO
2019,CAPITAL AIR SVCS LTD,WDK,UNITED KINGDOM,1,NO
2019,GERMAN AIRWAYS GMBH & CO. KG,WDL,GERMANY,264,NO
2019,"ACT TWO, INC.",WDW,USA,73,NO
2023,CHICAGO JET GROUP,WDY,USA,180,NO
2024,CHICAGO JET GROUP,WDY,USA,141,NO
2019,CHICAGO JET GROUP,WDY,USA,21,NO
2025,NORDIC SKY LTD,WET,MALTA,33,NO
2019,AWA AERONAUTICAL WEB,WEY,PORTUGAL,38,NO
2024,AWA AERONAUTICAL WEB,WEY,PORTUGAL,1,NO
2019,SWIFT COPTERS,WFC,SWITZERLAND,2,NO
2025,WORLD2FLY SLU,WFL,SPAIN,1955,NO
2024,WORLD2FLY SLU,WFL,SPAIN,1845,NO
2023,WORLD2FLY SLU,WFL,SPAIN,1398,NO
2019,WESTERN GLOBAL,WGN,USA,833,NO
2023,WESTERN GLOBAL,WGN,USA,483,NO
2019,VOLKSWAGEN AIRSERV.,WGT,GERMANY,1,NO
2023,LEONARDO UK LTD,WHE,UNITED KINGDOM,29,NO
2019,LEONARDO UK LTD,WHE,UNITED KINGDOM,22,NO
2024,LEONARDO UK LTD,WHE,UNITED KINGDOM,9,NO
2025,LEONARDO UK LTD,WHE,UNITED KINGDOM,3,NO
2019,WIKING HELIKOPTER,WHS,GERMANY,379,NO
2019,WHITE-AIRWAYS SA,WHT,PORTUGAL,99,NO
2025,WHITE-AIRWAYS SA,WHT,PORTUGAL,31,NO
2024,WHITE-AIRWAYS SA,WHT,PORTUGAL,23,NO
2023,WHITE-AIRWAYS SA,WHT,PORTUGAL,5,NO
2025,WINAIR (ST. MAARTEN NETHERLANDS ANTILLES),WIA,SINT MAARTEN,3979,NO
2024,WINAIR (ST. MAARTEN NETHERLANDS ANTILLES),WIA,SINT MAARTEN,1527,NO
2023,WINAIR (ST. MAARTEN NETHERLANDS ANTILLES),WIA,SINT MAARTEN,542,NO
2019,WINAIR (ST. MAARTEN NETHERLANDS ANTILLES),WIA,SINT MAARTEN,191,NO
2025,WIDEROE FLYVESELSKAP,WIF,NORWAY,119819,NO
2023,WIDEROE FLYVESELSKAP,WIF,NORWAY,117235,NO
2019,WIDEROE FLYVESELSKAP,WIF,NORWAY,116791,NO
2024,WIDEROE FLYVESELSKAP,WIF,NORWAY,114877,NO
2025,TM AEROLINEAS SA DE CV,WIN,MEXICO,4,NO
2024,TM AEROLINEAS SA DE CV,WIN,MEXICO,1,NO
2025,WESTJET,WJA,CANADA,5515,NO
2024,WESTJET,WJA,CANADA,4488,NO
2019,WESTJET,WJA,CANADA,3042,NO
2023,WESTJET,WJA,CANADA,2926,NO
2023,WIJET,WJT,FRANCE,1,NO
2024,WIJET,WJT,FRANCE,1,NO
2023,DIAMOND EXECUTIVE,WKT,UNITED KINGDOM,1309,NO
2024,DIAMOND EXECUTIVE,WKT,UNITED KINGDOM,933,NO
2025,DIAMOND EXECUTIVE,WKT,UNITED KINGDOM,680,NO
2019,DIAMOND EXECUTIVE,WKT,UNITED KINGDOM,648,NO
2019,WINGS OF LEBANON,WLB,LEBANON,1870,NO
2025,WELTALL-AVIA,WLL,RUSSIAN FEDERATION,312,NO
2024,WELTALL-AVIA,WLL,RUSSIAN FEDERATION,17,NO
2024,TRIDENT AIRCRAFT INC,WMN,USA,360,NO
2023,TRIDENT AIRCRAFT INC,WMN,USA,335,NO
2025,TRIDENT AIRCRAFT INC,WMN,USA,327,NO
2025,WIZZ AIR MALTA,WMT,MALTA,153300,NO
2024,WIZZ AIR MALTA,WMT,MALTA,138866,NO
2023,WIZZ AIR MALTA,WMT,MALTA,80164,NO
2019,WOW AIR,WOW,ICELAND,2588,YES
2023,WAYPOINT AIRWAYS,WPA,REP. OF SOUTH SUDAN,1,NO
2025,WORLD 2 FLY PORTUGAL S.A.,WPT,PORTUGAL,381,NO
2024,WORLD 2 FLY PORTUGAL S.A.,WPT,PORTUGAL,331,NO
2023,WORLD 2 FLY PORTUGAL S.A.,WPT,PORTUGAL,291,NO
2019,WINDROSE AVIATION,WRC,UKRAINE,8660,NO
2023,WINDROSE AVIATION,WRC,UKRAINE,112,NO
2025,WINDROSE AVIATION,WRC,UKRAINE,29,NO
2024,WINDROSE AVIATION,WRC,UKRAINE,26,NO
2025,SOLARIS AERO JSC,WSA,RUSSIAN FEDERATION,397,NO
2025,N711 AVIATION LLC,WSN,USA,30,NO
2023,SWOOP INC.,WSW,CANADA,6,NO
2023,BAE SYSTEMS (OPERATIONS) LTD,WTN,UNITED KINGDOM,17,NO
2024,BAE SYSTEMS (OPERATIONS) LTD,WTN,UNITED KINGDOM,7,NO
2019,BAE SYSTEMS (OPERATIONS) LTD,WTN,UNITED KINGDOM,5,NO
2025,BAE SYSTEMS (OPERATIONS) LTD,WTN,UNITED KINGDOM,3,NO
2025,WIZZ AIR UK LTD,WUK,UNITED KINGDOM,27105,NO
2024,WIZZ AIR UK LTD,WUK,UNITED KINGDOM,26138,NO
2023,WIZZ AIR UK LTD,WUK,UNITED KINGDOM,24357,NO
2019,WIZZ AIR UK LTD,WUK,UNITED KINGDOM,17158,NO
2024,SLS AVIATION LTD,WVE,MALTA,237,NO
2025,SLS AVIATION LTD,WVE,MALTA,206,NO
2023,SLS AVIATION LTD,WVE,MALTA,200,NO
2023,WORLDWIDE JET CHARTER LLC,WWI,USA,2456,NO
2024,WORLDWIDE JET CHARTER LLC,WWI,USA,1388,NO
2025,WORLDWIDE JET CHARTER LLC,WWI,USA,1248,NO
2019,WORLDWIDE JET CHARTER LLC,WWI,USA,1074,NO
2025,AIRWAYS AERO ASSOCIATIONS LTD TRADING AS BOOKER AVIATION,WYC,UNITED KINGDOM,19,NO
2019,AIRWAYS AERO ASSOC,WYC,UNITED KINGDOM,2,NO
2019,WIZZ AIR HUNGARY LTD,WZZ,HUNGARY,199601,NO
2023,WIZZ AIR HUNGARY LTD,WZZ,HUNGARY,186011,NO
2025,WIZZ AIR HUNGARY LTD,WZZ,HUNGARY,147526,NO
2024,WIZZ AIR HUNGARY LTD,WZZ,HUNGARY,135540,NO
2023,EXECUTIVE AIR,XAL,BARBADOS,195,NO
2024,EXECUTIVE AIR,XAL,BARBADOS,83,NO
2025,EXECUTIVE AIR,XAL,BARBADOS,74,NO
2019,IRKUT CORPORATION,XAV,RUSSIAN FEDERATION,18,NO
2025,AVIAPROM ENTERPRISES,XAV,RUSSIAN FEDERATION,15,NO
2024,AVIAPROM ENTERPRISES,XAV,RUSSIAN FEDERATION,4,NO
2024,AIR ASIA X,XAX,MALAYSIA,10955,NO
2025,AIR ASIA X,XAX,MALAYSIA,10841,NO
2023,AIR ASIA X,XAX,MALAYSIA,8342,NO
2019,JET EXCHANGE LTD,XCH,UNITED KINGDOM,477,NO
2024,XEAD AVIATION SARL,XED,LUXEMBOURG,84,NO
2025,XEAD AVIATION SARL,XED,LUXEMBOURG,75,NO
2023,XEAD AVIATION SARL,XED,LUXEMBOURG,8,NO
2023,THRO AVIATION INC DBA ZENFLIGHT,XEN,USA,472,NO
2024,THRO AVIATION INC DBA ZENFLIGHT,XEN,USA,121,NO
2025,EXECUTIVE FLITEWAYS INC,XFL,USA,1361,NO
2024,EXECUTIVE FLITEWAYS INC,XFL,USA,1175,NO
2023,EXECUTIVE FLITEWAYS INC,XFL,USA,222,NO
2019,EXECUTIVE FLITEWAYS INC,XFL,USA,130,NO
2025,NEXGEN FLIGHT SOLUTIONS LLC,XGN,USA,283,NO
2024,NEXGEN FLIGHT SOLUTIONS LLC,XGN,USA,67,NO
2019,"AIRGO PRIVATE AIRLINE GMBH & CO, KG",XGO,GERMANY,1158,NO
2025,"AIRGO PRIVATE AIRLINE GMBH & CO, KG",XGO,GERMANY,813,NO
2023,"AIRGO PRIVATE AIRLINE GMBH & CO, KG",XGO,GERMANY,587,NO
2024,"AIRGO PRIVATE AIRLINE GMBH & CO, KG",XGO,GERMANY,522,NO
2023,VAZDUHOPLOVSTVO VOJSKE CRNE GORE,XHB,MONTENEGRO,3,NO
2019,XJC LTD,XJC,UNITED KINGDOM,1967,NO
2019,XL AIRWAYS FRANCE,XLF,FRANCE,1739,NO
2024,TEXEL AIR,XLR,BAHRAIN,210,NO
2023,TEXEL AIR,XLR,BAHRAIN,206,NO
2019,TEXEL AIR,XLR,BAHRAIN,171,NO
2025,TEXEL AIR,XLR,BAHRAIN,93,NO
2023,EXCELAIRE,XLS,USA,571,NO
2025,EXCELAIRE,XLS,USA,191,NO
2024,EXCELAIRE,XLS,USA,152,NO
2019,EXCELAIRE,XLS,USA,141,NO
2019,EXO -2T IRELAND,XMR,BELGIUM,1,NO
2023,XOJET,XOJ,USA,553,NO
2024,XOJET,XOJ,USA,46,NO
2023,EXPRESS AIR CARGO,XRC,TUNISIA,1059,NO
2019,EXPRESS AIR CARGO,XRC,TUNISIA,599,NO
2024,EXPRESS AIR CARGO,XRC,TUNISIA,561,NO
2025,EXPRESS AIR CARGO,XRC,TUNISIA,145,NO
2019,EXXAERO,XRO,NETHERLANDS,1507,NO
2023,EXXAERO,XRO,NETHERLANDS,1073,NO
2025,EXXAERO,XRO,NETHERLANDS,929,NO
2024,EXXAERO INTERNATIONAL GMBH,XRO,GERMANY,639,NO
2025,"UNIVERSAL WEATHER AND AVIATION, INC.",XSR,USA,1302,NO
2025,AIR TXT S.L,XTX,SPAIN,424,NO
2024,AIR TXT S.L,XTX,SPAIN,23,NO
2019,MERCADONA S.A.,XY1,SPAIN,1,NO
2025,SUPARNA AIRLINES,YZR,CHINA,931,NO
2023,SUPARNA AIRLINES,YZR,CHINA,834,NO
2024,SUPARNA AIRLINES,YZR,CHINA,430,NO
2019,SUPARNA AIRLINES,YZR,CHINA,285,NO
2023,ZETAVIA LLC,ZAV,UKRAINE,87,NO
2019,ZETAVIA LLC,ZAV,UKRAINE,23,NO
2024,MIL KOREA SOUTH,ZPN,KOREA,15,NO
2023,THE NATIONAL POLICE,ZXP,NETHERLANDS,2961,NO
2025,THE NATIONAL POLICE,ZXP,NETHERLANDS,2885,NO
2024,THE NATIONAL POLICE,ZXP,NETHERLANDS,2864,NO
2019,THE NATIONAL POLICE,ZXP,NETHERLANDS,1120,NO
2023,MIL LIBYA,ZZZ,LIBYA,1,NO
